id,audit_request_id,candidate_index,setup_family,setup_taxonomy_enum,entry_branch,decision_state,analyst_decision_state,python_final_allow,final_resolver_reason,rejection_codes,historical_evidence_state,repeatability_status,repeatability_required_live,missing_required_evidence,missing_confirmations,reasons,summary,llm_quality_score
,591813800_1788837043_120154281_1788837050_#Germany40_11885,0,,MICRO_BREAKER_RETEST,,ABSTAIN,ABSTAIN,False,,[],MIXED,,,[],"[""Stronger retest acceptance""]","The declared breaker sequence is present, but retest quality is poor and obstacle clearance is tight. This is insufficiently robust for live approval, without a decisive contradiction.","Breaker and virgin FVG evidence are present, but retest quality is very weak and the nearby opposing imbalance creates uncertain follow-through. Keep-current target is feasible, yet execution quality is unresolved.",5.2
,591813800_1788837043_120154281_1788837050_#Germany40_11885,1,,MICRO_SESSION_REENTRY,,REJECT,REJECT,False,,"[""THESIS_CONTRADICTION"", ""SEQUENCE_UNRESOLVED""]",ADVERSE,,,[],"[""Explicit session range identity"", ""Explicit session excursion"", ""Explicit session reentry""]","Reject: the session-reentry thesis is contradicted by expansion-dominant conditions, and the supplied state does not establish the required session-reentry sequence.","The required session sequence is not explicitly evidenced in the supplied candidate fields, while the market is strongly expansion-dominant. That directly conflicts with a session-reentry thesis and historical outcomes are adverse.",3.1
,591813800_1788837043_120154281_1788837050_#Germany40_11885,2,,MICRO_RANGE_REENTRY,,REJECT,REJECT,False,,"[""THESIS_CONTRADICTION"", ""SEQUENCE_UNRESOLVED""]",MIXED,,,[],"[""Explicit range identity"", ""Explicit range excursion"", ""Explicit range reentry""]","Reject: expansion-dominant conditions contradict the range-reentry thesis, and the supplied state does not establish the required range identity, excursion, and reentry sequence.","The range-reentry thesis requires compression and containment, but expansion strongly dominates. The supplied state also says structure confirmation is missing, so the setup is contradicted despite a feasible current target.",3.0
,591813800_1788837043_120154281_1788837050_EURJPY_6953,0,,MICRO_CONTINUATION_FVG,,ABSTAIN,ABSTAIN,False,,[],MIXED,,,"[""trend context""]","[""Clear trend context"", ""Clean continuation retest""]",ABSTAIN: required trend context is not clearly established and continuation confirmation is weak despite valid displacement and a virgin FVG.,"Virgin continuation FVG and strong displacement are present, but trend context is unresolved, retest quality is weak, and relevant analogues are mostly adverse. Abstain pending clearer structure.",5.2
,591813800_1788837043_120154281_1788837050_EURJPY_6953,1,,MICRO_CONTINUATION_FVG,,ABSTAIN,ABSTAIN,False,,[],MIXED,,,"[""trend context""]","[""Clear trend context"", ""Clean continuation retest""]","ABSTAIN: midpoint entry is technically valid, but required trend context is unresolved and the supplied sequence lacks structure confirmation.","Midpoint entry uses a fresh, valid continuation FVG with strong displacement, but trend context and continuation confirmation remain unresolved. Historical evidence is mostly adverse, so abstain.",5.0
,591813800_1788837043_120154281_1788837050_EURJPY_6953,2,,MICRO_CONTINUATION_FVG,,ABSTAIN,ABSTAIN,False,,[],MIXED,,,"[""trend context""]","[""Clear trend context"", ""Clean continuation retest""]","ABSTAIN: edge entry is valid but trend context is unresolved, retest quality is weak, and the available historical sample does not support confident follow-through.","Edge entry has a fresh valid FVG and strong displacement, but weak retest quality, unresolved trend context, and mostly adverse analogues make follow-through unclear. Abstain.",4.8
,591813800_1788837043_120154281_1788837050_USDJPY_6680,0,,MICRO_CONTINUATION_FVG,,ABSTAIN,ABSTAIN,False,,[],INSUFFICIENT_SAMPLE,,,[],"[""Cleaner continuation follow-through"", ""Structure confirmation""]","The required micro sequence is nominally present, but the observed state explicitly reports missing structure confirmation. The nearby fresh obstacle and unresolved target route make execution survival uncertain.","Displacement and virgin continuation FVG support the thesis, but structure confirmation is absent and a fresh nearby obstacle complicates the target. Abstain pending clearer follow-through.",5.2
,591813800_1788837043_120154281_1788837050_USDJPY_6680,1,,MICRO_CONTINUATION_FVG,,ABSTAIN,ABSTAIN,False,,[],INSUFFICIENT_SAMPLE,,,[],"[""Cleaner structure confirmation"", ""Demonstrated follow-through""]","The family requirements are not violated, but the observed sequence remains displacement-confirmed without structure confirmation. The supplied net RR below 1.0 leaves little tolerance for execution uncertainty.","The displacement and virgin FVG support continuation, but the continuation-reentry branch lacks structure confirmation and offers only 0.9519 net RR. Evidence is insufficient for a live approval.",4.7
,591813800_1788837043_120154281_1788837050_USDJPY_6680,2,,MICRO_CONTINUATION_FVG,,ABSTAIN,ABSTAIN,False,,[],INSUFFICIENT_SAMPLE,,,[],"[""Cleaner structure confirmation"", ""Demonstrated follow-through""]","The edge entry remains structurally valid, but the observed sequence explicitly lacks structure confirmation and the supplied net RR is below 1.0. This is uncertainty, not a mandatory-evidence failure.","The edge branch has a fresh, unmitigated continuation FVG and strong displacement, but structure confirmation is absent and net RR is only 0.9519. Abstain rather than fund the setup.",4.5
,591813800_1788837043_120154281_1788837654_AUDJPY_27269,0,,MICRO_CONTINUATION_FVG,,ABSTAIN,ABSTAIN,False,,[],INSUFFICIENT_SAMPLE,,,[],"[""Cleaner retest"", ""Follow-through""]","The family sequence is not contradicted, but evidence is not strong enough for capital: retest quality is weak, structure confirmation is unresolved, and liquidity is blocked by a nearby obstacle.","Continuation displacement and valid FVG are present, but weak retest quality, absent follow-through, moderate alignment, and an obstructed target path make execution uncertain.",5.8
,591813800_1788837043_120154281_1788837654_AUDJPY_27269,1,,MICRO_CONTINUATION_FVG,,ABSTAIN,ABSTAIN,False,,[],INSUFFICIENT_SAMPLE,,,[],"[""Cleaner retest"", ""Follow-through""]","The continuation sequence is admissible for this micro family, but the touched FVG and weak retest do not establish a sufficiently reliable entry; target arbitration remains obstacle-sensitive.","The mid-entry thesis remains structurally valid, but touched mitigation, weak retest quality, absent follow-through, and a blocked path leave follow-through too uncertain to approve.",5.6
,591813800_1788837043_120154281_1788837654_AUDJPY_27269,3,,MICRO_CONTINUATION_FVG,,ABSTAIN,ABSTAIN,False,,[],INSUFFICIENT_SAMPLE,,,[],"[""Follow-through"", ""Obstacle clearance""]","Virgin FVG quality supports the thesis, but the fresh opposing obstacle lies only 0.097R away and the supplied liquidity RR is modest; the setup may fail before distribution develops.","The virgin continuation FVG and displacement are favorable, but the obstacle is extremely close, liquidity RR is modest, and follow-through remains unconfirmed; execution cannot be approved.",5.9
,591813800_1788837043_120154281_1788837654_NZDJPY_23250,0,,MICRO_CONTINUATION_FVG,,ABSTAIN,ABSTAIN,False,,[],INSUFFICIENT_SAMPLE,,,[],"[""Clean continuation structure confirmation.""]","ABSTAIN: the required displacement and FVG are present, but structure confirmation is unresolved and the nearby opposing obstacle leaves follow-through and target selection execution-sensitive.","The displacement and continuation FVG are valid for this micro family, but unresolved structure confirmation, weak retest quality, and an immediate opposing obstacle make execution and follow-through uncertain.",4.8
,591813800_1788837043_120154281_1788837654_USDJPY_4874,0,,MICRO_CONTINUATION_FVG,,ABSTAIN,APPROVE,False,,[],INSUFFICIENT_SAMPLE,,,[],"[""Clean retest confirmation is weak."", ""Follow-through is not observed, but is optional for this family.""]","Approve at reduced size: the required trend context, continuation displacement, and virgin FVG entry are evidenced. Strong displacement and feasible targets offset weak retest quality, neutral HTF alignment, and non-killzone timing.","Virgin continuation FVG and strong displacement support the micro continuation thesis. Trend context is adequate, but timing, retest quality, and nearby obstruction warrant reduced risk.",6.2
,591813800_1788837043_120154281_1788838257_#Germany40_30263,0,,MICRO_BREAKER_RETEST,,REJECT,REJECT,False,,"[""missing_mandatory_evidence""]",MIXED,,,"[""breaker formation"", ""clean retest""]","[""breaker formation"", ""clean retest""]","Reject: required breaker formation and clean retest evidence are unresolved, and the nearby opposing imbalance creates material post-entry failure risk.","Reject: the micro breaker thesis is not adequately evidenced because formation and clean retest are unresolved, while nearby opposing structure weakens follow-through.",3.8
,591813800_1788837043_120154281_1788838257_#Germany40_30263,1,,MICRO_SESSION_REENTRY,,REJECT,REJECT,False,,"[""structural_contradiction"", ""missing_mandatory_evidence""]",ADVERSE,,,"[""session range identity"", ""session excursion"", ""session reentry""]","[""session range identity"", ""session excursion"", ""session reentry""]","Reject: expansion dominates compression, directly opposing a session-reentry thesis; the required session range, excursion, and reentry sequence is not evidenced.","Reject: the session-reentry thesis conflicts with an expansion-dominant regime, and the required session range, excursion, and reentry sequence is not explicitly shown.",3.4
,591813800_1788837043_120154281_1788838257_#Germany40_30263,2,,MICRO_RANGE_REENTRY,,REJECT,REJECT,False,,"[""structural_contradiction"", ""missing_mandatory_evidence""]",MIXED,,,"[""range identity"", ""range excursion"", ""range reentry""]","[""range identity"", ""range excursion"", ""range reentry""]","Reject: expansion dominates compression, contradicting the range-reentry thesis; range identity, excursion, and reentry are not explicitly established.","Reject: the range-reentry thesis is directly contradicted by expansion-dominant conditions, and the required range identity, excursion, and reentry sequence is unresolved.",2.8
,591813800_1788837043_120154281_1788838257_EURJPY_24190,0,,MICRO_CONTINUATION_FVG,,ABSTAIN,ABSTAIN,False,,[],INSUFFICIENT_SAMPLE,,,[],"[""Cleaner continuation confirmation""]","The required micro sequence is not explicitly contradicted, but continuation evidence is thin: retest quality and continuation score are low, while structure confirmation is absent.","Valid continuation FVG and strong displacement exist, but low retest quality, weak continuation score, absent structure confirmation, and non-killzone timing leave follow-through unclear.",5.2
,591813800_1788837043_120154281_1788838257_EURJPY_24190,1,,MICRO_CONTINUATION_FVG,,ABSTAIN,ABSTAIN,False,,[],INSUFFICIENT_SAMPLE,,,[],"[""Cleaner continuation confirmation""]","The required micro sequence is not explicitly contradicted, but continuation evidence remains weak: retest quality and continuation score are low, structure confirmation is absent, and timing is outside the killzone.","Mid-FVG entry is valid with strong displacement and attractive net RR, but low retest quality, weak continuation score, absent structure confirmation, and non-killzone timing make follow-through uncertain.",5.4
,591813800_1788837043_120154281_1788838257_EURJPY_24190,2,,MICRO_CONTINUATION_FVG,,ABSTAIN,ABSTAIN,False,,[],INSUFFICIENT_SAMPLE,,,[],"[""Cleaner continuation confirmation""]","The required micro sequence is not explicitly contradicted, but the edge entry has weak continuation evidence, very low retest quality, absent structure confirmation, and non-killzone timing.","Edge entry remains structurally valid, but low retest quality, weak continuation score, absent structure confirmation, and non-killzone timing provide insufficient evidence for reliable continuation.",4.9
,591813800_1788837043_120154281_1788838258_CHFJPY_28291,0,,MICRO_CONTINUATION_FVG,,ABSTAIN,ABSTAIN,False,,[],INSUFFICIENT_SAMPLE,,,[],"[""Clearer trend confirmation""]","ABSTAIN: the continuation displacement and virgin FVG are valid, but structure confirmation and retest quality are weak, while applicable historical evidence is insufficient.","Displacement and virgin FVG are present, but trend context and structure confirmation remain weak. Historical evidence is insufficient for this FX symbol, so capital deployment is not justified.",5.2
,591813800_1788837043_120154281_1788838258_CHFJPY_28291,1,,MICRO_CONTINUATION_FVG,,ABSTAIN,ABSTAIN,False,,[],INSUFFICIENT_SAMPLE,,,[],"[""Clearer trend confirmation""]","ABSTAIN: valid displacement and FVG evidence exist, but continuation-reentry confirmation is weak and applicable historical evidence is insufficient for this FX symbol.","The displacement and virgin continuation FVG are intact, but the continuation-reentry thesis lacks strong structure confirmation. Applicable history is insufficient, so the setup should not be funded.",4.8
,591813800_1788837043_120154281_1788838258_CHFJPY_28291,2,,MICRO_CONTINUATION_FVG,,ABSTAIN,ABSTAIN,False,,[],INSUFFICIENT_SAMPLE,,,[],"[""Clearer trend confirmation""]","ABSTAIN: displacement and FVG validity are present, but edge-entry follow-through is unclear and applicable historical evidence is insufficient for this FX symbol.","The edge entry uses an intact virgin FVG with strong displacement, but structure confirmation and retest quality are insufficient. Cross-asset history cannot support approval, so abstention is required.",4.5
,591813800_1788837043_120154281_1788838258_USDJPY_25734,0,,MICRO_CONTINUATION_FVG,,ABSTAIN,ABSTAIN,False,,[],INSUFFICIENT_SAMPLE,,,[],"[""Clean continuation retest"", ""Structure confirmation""]","The required micro sequence is observed, but continuation confirmation and retest quality are weak. Historical outcomes cannot be applied reliably across the mismatched asset-class prior, so abstention is safer.","Displacement, trend context, and a virgin continuation FVG are present, but weak retest quality, absent structure confirmation, off-killzone timing, and synthetic fallback targeting leave follow-through uncertain.",5.0
,591813800_1788837043_120154281_1788838258_USDJPY_25734,1,,MICRO_CONTINUATION_FVG,,ABSTAIN,ABSTAIN,False,,[],INSUFFICIENT_SAMPLE,,,[],"[""Clean continuation retest"", ""Structure confirmation""]","The required micro sequence is present, but edge entry quality is not enough to offset weak retest evidence and absent structure confirmation. Historical evidence is not asset-class applicable; abstain pending stronger confirmation.","The edge entry uses a fresh, unmitigated continuation FVG with strong displacement, but structure confirmation and retest quality are weak; off-killzone timing and synthetic targeting reduce execution confidence.",4.9
,591813800_1788837043_120154281_1788838861_#Germany40_23286,0,,MICRO_BREAKER_RETEST,,REJECT,REJECT,False,,"[""WEAK_RETEST"", ""NEARBY_OBSTACLE""]",MIXED,,,[],[],"Reject: the breaker identity is present, but retest quality is only 1.0479 and the opposing imbalance is 0.14R away, making post-entry failure materially likely.","The breaker is structurally valid but the retest quality is exceptionally weak and a nearby opposing imbalance limits follow-through. Historical analogues are mixed, so capital should be withheld.",4.8
,591813800_1788837043_120154281_1788838861_#Germany40_23286,1,,MICRO_RANGE_REENTRY,,REJECT,REJECT,False,,"[""REGIME_CONTRADICTION"", ""RANGE_NOT_ESTABLISHED""]",MIXED,,,[],[],"Reject: MICRO_RANGE_REENTRY requires compression and containment, but expansion score is 0.868643 versus compression 0.131357, directly contradicting the setup thesis.","This candidate claims range reentry, but the observed market is expansion-dominant with very low compression. That directly contradicts the family thesis despite a valid FVG and feasible current target.",2.2
,591813800_1788837043_120154281_1788838861_#Germany40_23286,2,,MICRO_FVG_EDGE_REVERSAL,,ABSTAIN,ABSTAIN,False,,[],INSUFFICIENT_SAMPLE,,,[],"[""Clearer higher-timeframe directional alignment""]","Abstain: the virgin FVG edge and displacement sequence are valid, but HTF alignment is mixed and the nearby opposing imbalance makes follow-through and target survival uncertain.","The virgin FVG edge is valid and the required displacement/FVG sequence is present, but mixed higher-timeframe context, nearby obstruction, and insufficient applicable history leave follow-through uncertain.",5.9
,591813800_1788837043_120154281_1788838861_EURJPY_19753,0,,MICRO_CONTINUATION_FVG,,ABSTAIN,ABSTAIN,False,,[],INSUFFICIENT_SAMPLE,,,[],"[""Cleaner retest"", ""Stronger continuation confirmation""]","The required micro sequence is supplied, but weak retest quality, low sequence quality, non-killzone timing, and insufficient applicable history leave follow-through uncertain.","Displacement, trend context, virgin continuation FVG, and feasible current target are present. Retest quality and sequence quality are weak, while applicable historical evidence is insufficient; abstain.",5.4
,591813800_1788837043_120154281_1788838861_EURJPY_19753,1,,MICRO_CONTINUATION_FVG,,ABSTAIN,ABSTAIN,False,,[],INSUFFICIENT_SAMPLE,,,[],"[""Cleaner retest"", ""Stronger continuation confirmation""]","The required micro sequence is present, but edge entry timing does not resolve weak retest quality, low sequence quality, non-killzone conditions, and insufficient applicable history.","The edge entry has a fresh continuation FVG and strong displacement, but weak retest quality, low sequence quality, non-killzone timing, and insufficient applicable history do not justify capital.",5.2
,591813800_1788837043_120154281_1788838861_EURJPY_19753,2,,MICRO_CONTINUATION_FVG,,ABSTAIN,ABSTAIN,False,,[],INSUFFICIENT_SAMPLE,,,[],"[""Cleaner retest"", ""Stronger continuation confirmation""]","The required micro sequence is supplied, but midpoint entry quality remains uncertain due to weak retest and sequence quality, non-killzone timing, and insufficient applicable history.","The midpoint entry has strong displacement, a fresh continuation FVG, and a feasible target, but weak retest and sequence quality plus insufficient applicable history warrant abstention.",5.3
,591813800_1788837043_120154281_1788838861_USDJPY_21716,0,,MICRO_CONTINUATION_FVG,,REJECT,REJECT,False,,"[""missing_trend_context"", ""adverse_history""]",ADVERSE,,,"[""trend context""]","[""Trend context""]","Reject because the required trend context is not established and the available close analogues are adverse. The FVG is fresh, but displacement alone does not validate continuation.","Reject: the virgin FVG and displacement are valid, but required trend context is not convincingly established and the close historical analogues are predominantly stop-outs.",5.8
,591813800_1788837043_120154281_1788838861_USDJPY_21716,2,,MICRO_CONTINUATION_FVG,,REJECT,REJECT,False,,"[""missing_trend_context"", ""obstacle_conflict"", ""adverse_history""]",ADVERSE,,,"[""trend context""]","[""Trend context""]",Reject because the continuation thesis is not supported by confirmed trend context and the fresh nearby obstacle blocks the preferred liquidity route. Historical analogues are predominantly stop-outs.,"Reject: displacement and FVG freshness are positive, but trend context is unresolved and the fresh nearby obstacle materially weakens continuation follow-through; close analogues are adverse.",5.2
,591813800_1788837043_120154281_1788838861_USDJPY_21716,3,,MICRO_CONTINUATION_FVG,,REJECT,REJECT,False,,"[""missing_trend_context"", ""obstacle_conflict"", ""adverse_history""]",ADVERSE,,,"[""trend context""]","[""Trend context""]","Reject because the continuation thesis lacks confirmed trend context and the fresh nearby obstacle blocks the preferred route. The mid FVG is valid, but entry quality cannot offset the structural conflict.","Reject: the mid-entry FVG is fresh and displacement is strong, but required trend context remains unresolved; the nearby obstacle and adverse analogues do not support risking capital.",5.5
,591813800_1788837043_120154281_1788839465_EURGBP_13035,0,,MICRO_CONTINUATION_FVG,,ABSTAIN,ABSTAIN,False,,[],INSUFFICIENT_SAMPLE,,,[],"[""Clearer continuation confirmation.""]","Evidence is mixed: the virgin FVG and displacement are valid, but sequence quality is low, HTF alignment is modest, the liquidity path is obstructed, and applicable history is insufficient.","Fresh continuation FVG and strong displacement support the thesis, but weak alignment, low sequence quality, obstacle proximity, and insufficient asset-class history make follow-through unclear.",5.1
,591813800_1788837043_120154281_1788839465_EURGBP_13035,1,,MICRO_CONTINUATION_FVG,,ABSTAIN,ABSTAIN,False,,[],INSUFFICIENT_SAMPLE,,,[],"[""Clearer continuation confirmation.""]","The entry is technically valid, but low sequence quality, modest HTF alignment, a fresh opposing imbalance, and insufficient asset-class history leave follow-through unresolved.","Continuation reentry has a fresh FVG and strong displacement, but weak alignment, low sequence quality, obstacle risk, and insufficient applicable history do not support a confident live entry.",4.9
,591813800_1788837043_120154281_1788839465_EURGBP_13035,2,,MICRO_CONTINUATION_FVG,,ABSTAIN,ABSTAIN,False,,[],INSUFFICIENT_SAMPLE,,,[],"[""Clearer continuation confirmation.""]","The virgin edge entry and displacement support the thesis, but low sequence quality, modest HTF alignment, the fresh obstacle, and insufficient applicable history leave timing and follow-through unclear.","The edge entry remains a valid virgin continuation FVG, but modest alignment, low sequence quality, obstacle proximity, and insufficient applicable history make the edge reaction and follow-through uncertain.",4.7
,591813800_1788837043_120154281_1788839465_EURJPY_27959,0,,MICRO_CONTINUATION_FVG,,ABSTAIN,ABSTAIN,False,,[],INSUFFICIENT_SAMPLE,,,[],"[""Confirmed continuation structure""]","Displacement and FVG validity are supportive, but trend context and structure confirmation remain unresolved; the continuation thesis is not sufficiently established for live capital.","Strong displacement and virgin FVG are present, but continuation structure confirmation is missing and retest quality is weak. Asset-class history is insufficient; abstain.",5.2
,591813800_1788837043_120154281_1788839465_EURJPY_27959,1,,MICRO_CONTINUATION_FVG,,ABSTAIN,ABSTAIN,False,,[],INSUFFICIENT_SAMPLE,,,[],"[""Confirmed continuation structure""]",A high-quality displacement and valid virgin FVG do not offset absent continuation structure confirmation and weak retest quality; edge entry does not resolve the evidentiary gap.,"The virgin continuation FVG and displacement are valid, but structure confirmation and retest quality are insufficient. Asset-class history cannot support the decision; abstain.",5.0
,591813800_1788837043_120154281_1788839465_EURJPY_27959,2,,MICRO_CONTINUATION_FVG,,ABSTAIN,ABSTAIN,False,,[],INSUFFICIENT_SAMPLE,,,[],"[""Confirmed continuation structure""]","The fresh FVG and strong displacement are supportive, but the required trend context is not convincingly established and retest quality is weak; no capital approval is justified.","Displacement and a fresh continuation FVG support the idea, but missing structure confirmation and weak retest quality leave follow-through unclear. Abstain despite feasible current target.",5.1
,591813800_1788837043_120154281_1788839465_USDJPY_7581,2,,MICRO_CONTINUATION_FVG,,ABSTAIN,ABSTAIN,False,,[],INSUFFICIENT_SAMPLE,,,[],"[""Cleaner retest"", ""Structure continuation confirmation""]","Required micro sequence is broadly observed, but the weak retest and unresolved structural confirmation leave follow-through uncertain. Asset-class history is insufficient; abstention is safer than assuming the analogue results transfer.","Virgin continuation FVG and strong displacement are present, but retest quality and sequence confirmation are weak. Historical analogues are not asset-class applicable, so evidence does not support capital deployment.",5.8
,591813800_1788837043_120154281_1788839465_USDJPY_7581,3,,MICRO_CONTINUATION_FVG,,ABSTAIN,ABSTAIN,False,,[],INSUFFICIENT_SAMPLE,,,[],"[""Cleaner edge retest"", ""Structure continuation confirmation""]","Displacement and FVG freshness support the thesis, but retest quality is weak and no structure confirmation is observed. With insufficient asset-class history, the edge entry does not justify an approval.","The continuation FVG remains virgin and displacement is strong, but the edge entry lacks convincing retest or structure confirmation. Historical evidence cannot be applied to this FX candidate.",5.6
,591813800_1788837043_120154281_1788839465_USDJPY_7581,4,,MICRO_CONTINUATION_FVG,,ABSTAIN,ABSTAIN,False,,[],INSUFFICIENT_SAMPLE,,,[],"[""Cleaner retest"", ""Structure continuation confirmation""]","Mid-entry and target are deterministic and feasible; the obstacle is explicitly minor. However, retest quality and structural confirmation remain weak, while applicable historical evidence is insufficient.","Mid-entry has strong displacement and a fresh FVG, but the nearby minor obstacle and weak retest reduce follow-through confidence. Target arbitration is coherent, yet history is not applicable.",5.9
,591813800_1788837043_120154281_1788840069_#Germany40_23188,0,,MICRO_BREAKER_RETEST,,ABSTAIN,ABSTAIN,False,,[],MIXED,,,[],[],"Required family context is present, but retest quality is weak and target selection is not sufficiently robust for approval.","The micro breaker thesis is structurally plausible and the FVG remains virgin, but weak retest quality, moderate alignment, mixed analogues, and target uncertainty do not justify capital.",5.2
,591813800_1788837043_120154281_1788840069_#Germany40_23188,2,,MICRO_RANGE_REENTRY,,REJECT,REJECT,False,,"[""structural_contradiction""]",SUPPORTIVE,,,[],[],The candidate's own range-reentry thesis conflicts with the observed expansion-dominant market regime.,The range-reentry thesis is contradicted by the expansion-dominant regime. Historical analogues cannot override the current structural conflict.,2.8
,591813800_1788837043_120154281_1788840069_#Germany40_23188,5,,MICRO_FVG_EDGE_REVERSAL,,ABSTAIN,ABSTAIN,False,,[],INSUFFICIENT_SAMPLE,,,[],[],"The FVG edge remains tradable, but insufficient applicable history, mixed alignment, non-killzone timing, and obstacle proximity warrant abstention.","The virgin FVG edge and displacement support the reversal thesis, but applicable history is insufficient and adverse context plus the nearby obstacle leave follow-through unclear.",4.7
,591813800_1788837043_120154281_1788840069_EURJPY_17477,0,,MICRO_CONTINUATION_FVG,,ABSTAIN,ABSTAIN,False,,[],INSUFFICIENT_SAMPLE,,,[],"[""Cleaner retest"", ""Structural continuation confirmation""]","The required displacement and FVG are observed, but trend confirmation and retest quality are insufficiently strong for a live approval; no asset-class-valid historical prior supports the decision.","Displacement and continuation FVG are present and valid, but retest quality and sequence confirmation are weak; asset-class history is unusable, so execution should wait.",4.8
,591813800_1788837043_120154281_1788840069_EURJPY_17477,1,,MICRO_CONTINUATION_FVG,,ABSTAIN,ABSTAIN,False,,[],INSUFFICIENT_SAMPLE,,,[],"[""Cleaner retest"", ""Structural continuation confirmation""]","The continuation displacement and midpoint FVG entry are valid, but the weak retest, missing structure confirmation, and insufficient asset-class history make live follow-through uncertain.","The midpoint entry is valid within a fresh continuation FVG with strong displacement, but weak retest and absent structure confirmation leave follow-through uncertain.",4.9
,591813800_1788837043_120154281_1788840069_EURJPY_17477,2,,MICRO_CONTINUATION_FVG,,ABSTAIN,ABSTAIN,False,,[],INSUFFICIENT_SAMPLE,,,[],"[""Cleaner retest"", ""Structural continuation confirmation""]","The edge FVG remains valid and displacement is strong, but retest quality and structure confirmation are weak; insufficient asset-class history prevents a confident live approval.","The edge entry uses a valid continuation FVG and strong displacement, but the weak retest and absent confirmation do not justify live risk despite feasible target geometry.",4.4
,591813800_1788837043_120154281_1788840069_GOLD_26497,0,,MICRO_OTE_REVERSAL,,ABSTAIN,ABSTAIN,False,,[],ADVERSE,,,[],"[""Sustained reaction away from the nearby obstacle""]","The declared context, displacement, and OTE retracement are evidenced, but bearish higher-timeframe context, a 0.0157R obstacle, and adverse small-sample history do not support an unqualified approval.","Required OTE reversal sequence is present and the FVG remains valid, but weak HTF alignment, adverse narrow history, and an immediate obstacle make execution outcome uncertain.",5.8
,591813800_1788837043_120154281_1788840069_GOLD_26497,1,,MICRO_BREAKER_RETEST,,ABSTAIN,ABSTAIN,False,,[],MIXED,,,[],"[""Clear bullish reaction from the breaker""]","Required breaker formation and clean retest are declared, but retest quality is only 1.0903, higher-timeframe context conflicts with the bullish thesis, and history is mixed; abstention is safer than approval.","The breaker sequence is declared complete and the current target is feasible, but very weak retest quality, bearish higher-timeframe context, and mixed historical outcomes warrant no capital allocation.",5.9
,591813800_1788837043_120154281_1788840069_GOLD_26497,2,,MICRO_NESTED_CONTINUATION,,REJECT,REJECT,False,,"[""THESIS_CONTRADICTION""]",MIXED,,,[],"[""No additional mandatory evidence is missing; the supplied evidence is contradictory""]","Reject: the setup is taxonomy-labelled continuation, but supplied structured fields identify a reversal FVG with continuation score 2.0 and reversal score 7.5, creating a direct thesis contradiction.","The mandatory nested sequence is declared, but the candidate's continuation thesis is contradicted by reversal FVG classification, low continuation score, and stronger reversal evidence.",3.1
,591813800_1788837043_120154281_1788840069_USDJPY_23148,0,,MICRO_CONTINUATION_FVG,,ABSTAIN,ABSTAIN,False,,[],INSUFFICIENT_SAMPLE,,,[],"[""Cleaner FVG retest"", ""Stronger session participation""]","The required displacement and continuation FVG are observed, but weak retest quality, absent killzone participation, and insufficient applicable history make follow-through uncertain.","Displacement and a fresh continuation FVG are present, but retest quality is weak and applicable historical evidence is unavailable. No capital approval despite feasible target.",5.0
,591813800_1788837043_120154281_1788840069_USDJPY_23148,1,,MICRO_CONTINUATION_FVG,,ABSTAIN,ABSTAIN,False,,[],INSUFFICIENT_SAMPLE,,,[],"[""Cleaner edge reaction"", ""Stronger session participation""]","The continuation displacement and FVG entry are present, but edge-entry follow-through is uncertain because retest quality is weak and applicable historical evidence is unavailable.","The edge entry uses a fresh, valid continuation FVG with strong displacement, but retest quality and session participation are weak. Applicable historical evidence is insufficient for approval.",4.8
,591813800_1788837043_120154281_1788840069_USDJPY_23148,2,,MICRO_CONTINUATION_FVG,,ABSTAIN,ABSTAIN,False,,[],INSUFFICIENT_SAMPLE,,,[],"[""Obstacle clearance"", ""Cleaner mid-FVG reaction""]","The continuation sequence and fresh FVG are present, but the nearby opposing obstacle, weak retest, and insufficient applicable history leave target survival and follow-through unclear.","The mid-entry continuation FVG is valid and target RR is strong, but a nearby opposing obstacle and weak retest create execution uncertainty. Applicable historical evidence remains insufficient.",4.6
,591813800_1788837043_120154281_1788841277_#Germany40_5208,0,,MICRO_BREAKER_RETEST,,ABSTAIN,ABSTAIN,False,,[],MIXED,,,[],"[""Cleaner retest response""]","Required breaker sequence is not disproven, but weak retest quality and a nearby opposing imbalance leave execution and follow-through unresolved.","Breaker identity and virgin state are present, but the supplied retest quality is weak and the nearby opposing imbalance makes follow-through uncertain.",5.4
,591813800_1788837043_120154281_1788841277_#Germany40_5208,1,,MICRO_RANGE_REENTRY,,REJECT,REJECT,False,,"[""STRUCTURAL_THESIS_CONTRADICTION""]",MIXED,,,[],"[""Verified range compression""]","The candidate claims range reentry, yet the observed regime is expansion-dominant rather than range/compression; this directly contradicts the family hypothesis.","The range-reentry thesis is contradicted by an expansion-dominant regime, while the supplied obstacle further weakens containment and target clearance.",2.8
,591813800_1788837043_120154281_1788841277_#Germany40_5208,2,,MICRO_FVG_EDGE_REVERSAL,,APPROVE,APPROVE,True,,[],INSUFFICIENT_SAMPLE,,,[],[],"The required FVG edge sequence is supported: displacement/FVG is deterministic, the edge remains virgin and valid, and the feasible current target passes minimum RR.","The virgin FVG edge entry is valid and unmitigated, with displacement and follow-through observed; current target is feasible despite a moderate nearby obstacle.",6.5
,591813800_1788837043_120154281_1788841277_EURJPY_18692,0,,MICRO_CONTINUATION_FVG,,ABSTAIN,ABSTAIN,False,,[],INSUFFICIENT_SAMPLE,,,[],"[""Clean structural confirmation""]","Abstain: required sequence fields are present, but the observed continuation has weak retest quality and unresolved structure confirmation; historical analogues cannot support this FX decision.","Displacement, trend regime, and a valid continuation FVG are present, but structure confirmation and retest quality are weak. Historical evidence is insufficient for FX; abstain.",5.2
,591813800_1788837043_120154281_1788841277_EURJPY_18692,1,,MICRO_CONTINUATION_FVG,,ABSTAIN,ABSTAIN,False,,[],INSUFFICIENT_SAMPLE,,,[],"[""Clean structural confirmation""]","Abstain: the midpoint setup is structurally valid and target-feasible, but continuation confirmation is unresolved, retest quality is weak, and the historical sample is not applicable to FX.","The midpoint entry has strong displacement and a valid fresh FVG with better RR, but structure confirmation and retest quality remain weak. FX historical applicability is insufficient; abstain.",5.5
,591813800_1788837043_120154281_1788841277_EURJPY_18692,2,,MICRO_CONTINUATION_FVG,,ABSTAIN,ABSTAIN,False,,[],INSUFFICIENT_SAMPLE,,,[],"[""Clean structural confirmation""]","Abstain: the edge entry is valid but has weak continuation and retest evidence, unresolved structure confirmation, and no applicable FX historical support.","The edge entry has strong displacement and a valid FVG, but weak retest quality and unresolved structure confirmation reduce follow-through. FX historical applicability is insufficient; abstain.",4.9
,591813800_1788837043_120154281_1788841277_USDJPY_19332,0,,MICRO_CONTINUATION_FVG,,ABSTAIN,ABSTAIN,False,,[],ADVERSE,,,[],"[""Cleaner continuation confirmation""]","Evidence supports displacement and a valid virgin FVG, but retest quality and historical outcomes do not justify capital deployment.","Continuation displacement and a virgin FVG are present, but retest quality is weak and retrieved analogues are predominantly adverse. No mandatory family evidence is missing; abstain.",5.2
,591813800_1788837043_120154281_1788841277_USDJPY_19332,1,,MICRO_CONTINUATION_FVG,,ABSTAIN,ABSTAIN,False,,[],ADVERSE,,,[],"[""Cleaner continuation confirmation""]","The fresh FVG and displacement are valid, but weak retest quality, absent structure confirmation, and adverse analogues leave follow-through unclear.","The edge entry uses a fresh continuation FVG with strong displacement, but retest quality is weak and analogue outcomes are adverse. Abstain pending cleaner confirmation.",5.0
,591813800_1788837043_120154281_1788841277_USDJPY_19332,2,,MICRO_CONTINUATION_FVG,,ABSTAIN,ABSTAIN,False,,[],ADVERSE,,,[],"[""Cleaner continuation confirmation""]","The continuation thesis is supported by displacement and FVG state, but the nearby obstruction, weak retest, and adverse analogues make target survival and follow-through uncertain.","The midpoint entry has strong displacement and a virgin FVG, but a nearby opposing obstruction requires target arbitration and weak retest quality leaves follow-through unclear. Abstain.",4.6
,591813800_1788837043_120154281_1788841885_GOLD_866,0,,MICRO_OTE_REVERSAL,,ABSTAIN,ABSTAIN,False,,[],MIXED,,,[],"[""Cleaner reaction away from the opposing imbalance""]","Sequence and OTE/FVG evidence support the reversal, but moderate HTF alignment, weak retest quality, adverse context, and a nearby opposing imbalance leave execution outcome unclear.","Required OTE reversal sequence is present and the FVG remains valid, but moderate HTF alignment and a near opposing imbalance make follow-through uncertain.",6.8
,591813800_1788837043_120154281_1788841885_GOLD_866,1,,MICRO_BREAKER_RETEST,,ABSTAIN,ABSTAIN,False,,[],MIXED,,,[],"[""Stronger clean retest response""]","The breaker thesis is structurally supported, but the supplied retest quality is only 1.0676 and the nearby opposing imbalance makes post-entry behavior uncertain.","Breaker-retest requirements are declared present, but supplied retest quality is weak and the nearby opposing imbalance reduces confidence in clean continuation.",5.9
,591813800_1788837043_120154281_1788841885_GOLD_866,2,,MICRO_NESTED_CONTINUATION,,REJECT,REJECT,False,,"[""structural_thesis_contradiction""]",MIXED,,,[],"[""Valid continuation-specific expansion evidence""]","Reject: MICRO_NESTED_CONTINUATION is contradicted by the supplied reversal FVG classification and low continuation score, despite otherwise valid sequence and target fields.","The candidate claims nested continuation, but the supplied FVG is explicitly reversal-context with continuation false and a very low continuation score; the thesis is structurally contradicted.",3.1
,591813800_1788837043_120154281_1788841885_NZDJPY_23240,0,,MICRO_CONTINUATION_FVG,,REJECT,REJECT,False,,"[""STRUCTURAL_CONTRADICTION""]",ADVERSE,,,[],[],"Reject: touched continuation imbalance, weak retest, and fresh nearby obstruction materially contradict a clean continuation entry.","Reject: the continuation thesis is weakened by a touched FVG, poor retest quality, adverse analogues, and a nearby opposing obstacle despite acceptable structural target feasibility.",3.2
,591813800_1788837043_120154281_1788841885_NZDJPY_23240,1,,MICRO_CONTINUATION_FVG,,ABSTAIN,ABSTAIN,False,,[],ADVERSE,,,[],[],"Abstain: clean virgin FVG is offset by adverse close analogues, weak feasible liquidity RR, and reliance on a synthetic 1.05 RR target.","Abstain: the virgin continuation FVG and displacement support the thesis, but close analogue outcomes are adverse and the only feasible target relies on a low 1.05 RR fallback.",4.4
,591813800_1788837043_120154281_1788841885_NZDJPY_23240,2,,MICRO_CONTINUATION_FVG,,ABSTAIN,ABSTAIN,False,,[],ADVERSE,,,[],[],"Abstain: virgin FVG quality is constructive, but adverse analogues, low liquidity RR, and synthetic fallback dependence leave the trade insufficiently proven.","Abstain: the virgin FVG and strong displacement are supportive, but adverse analogues and a low-RR synthetic fallback leave follow-through insufficiently established.",4.5
,591813800_1788837043_120154281_1788842488_CHFJPY_9141,0,,MICRO_CONTINUATION_FVG,,ABSTAIN,ABSTAIN,False,,[],INSUFFICIENT_SAMPLE,,,[],"[""Structure confirmation"", ""Clean retest""]","ABSTAIN: valid displacement and FVG, but unresolved structure confirmation, weak retest quality, and non-killzone timing leave follow-through unclear.","Displacement and FVG validity are present, but structure confirmation is unresolved, retest quality is weak, and the setup is outside killzone. Historical evidence is not asset-class applicable.",4.2
,591813800_1788837043_120154281_1788842488_CHFJPY_9141,1,,MICRO_CONTINUATION_FVG,,ABSTAIN,ABSTAIN,False,,[],INSUFFICIENT_SAMPLE,,,[],"[""Structure confirmation"", ""Clean retest""]","ABSTAIN: best deterministic RR among candidates, but weak retest quality, unresolved structure confirmation, and non-killzone timing leave continuation follow-through uncertain.","The mid-entry improves reward-to-risk and the FVG remains valid, but unresolved structure confirmation and weak retest quality prevent a reliable continuation assessment.",4.8
,591813800_1788837043_120154281_1788842488_CHFJPY_9141,2,,MICRO_CONTINUATION_FVG,,ABSTAIN,ABSTAIN,False,,[],INSUFFICIENT_SAMPLE,,,[],"[""Structure confirmation"", ""Clean retest""]",ABSTAIN: valid edge entry and displacement are insufficient without structure confirmation; retest quality is weak and timing is outside killzone.,"The edge entry uses a valid but merely touched FVG, with weak retest quality and unresolved structure confirmation. Timing and asset-class evidence do not support approval.",4.0
,591813800_1788837043_120154281_1788842488_GOLD_4943,0,,MICRO_OTE_REVERSAL,,ABSTAIN,ABSTAIN,False,,[],MIXED,,,[],"[""Cleaner retest response"", ""Stronger directional alignment""]","Sequence and FVG validity support the reversal thesis, but target obstruction, weak alignment, and low retest quality leave execution outcome unclear; abstain rather than force approval.","Required OTE reversal sequence is present and the FVG remains valid, but weak HTF alignment, poor retest quality, and nearby opposing obstruction make follow-through uncertain.",6.2
,591813800_1788837043_120154281_1788842488_GOLD_4943,1,,MICRO_BREAKER_RETEST,,ABSTAIN,ABSTAIN,False,,[],MIXED,,,[],"[""Cleaner breaker retest"", ""Directional acceptance above obstacle""]","The breaker formation and retest are supplied, but retest quality is weak and the nearby opposing imbalance reduces follow-through; evidence is too uncertain for approval.","The required breaker sequence is represented and the level remains structurally valid, but very weak retest quality and obstructed clearance make the breaker thesis insufficiently reliable for capital.",5.8
,591813800_1788837043_120154281_1788842488_GOLD_4943,2,,MICRO_NESTED_CONTINUATION,,REJECT,REJECT,False,,"[""STRUCTURAL_CONTRADICTION""]",MIXED,,,[],"[""Valid continuation context"", ""Bullish higher-timeframe alignment""]","Reject: the nested continuation thesis conflicts with explicit reversal FVG classification, continuation=false, low continuation score, and bearish higher-timeframe directional fields.",The nested continuation thesis is contradicted by the supplied reversal FVG context and low continuation score; bearish higher-timeframe fields further undermine the claimed continuation.,4.9
,591813800_1788837043_120154281_1788842488_NZDJPY_21597,0,,MICRO_CONTINUATION_FVG,,ABSTAIN,ABSTAIN,False,,[],INSUFFICIENT_SAMPLE,,,[],"[""Clearer trend-context confirmation.""]","The mandatory displacement and continuation FVG evidence is present, but context is only indirect and historical evidence is insufficient for this asset class; abstention is preferable to unsupported approval.","Displacement and continuation FVG are present and tradable, but trend context is indirect and applicable historical evidence is insufficient. Abstain rather than spend risk.",5.6
,591813800_1788837043_120154281_1788842488_NZDJPY_21597,1,,MICRO_CONTINUATION_FVG,,ABSTAIN,ABSTAIN,False,,[],INSUFFICIENT_SAMPLE,,,[],"[""Clearer trend-context confirmation.""]","The continuation displacement and FVG entry requirements are satisfied, but the supplied sequence has weak confirmation and the historical sample lacks asset-class applicability; abstain.","The midpoint entry is valid within a fresh continuation FVG, but context confirmation and applicable history are insufficient. Abstain despite acceptable deterministic target feasibility.",5.7
,591813800_1788837043_120154281_1788842488_NZDJPY_21597,2,,MICRO_CONTINUATION_FVG,,ABSTAIN,ABSTAIN,False,,[],INSUFFICIENT_SAMPLE,,,[],"[""Clearer trend-context confirmation.""]","The required displacement and continuation FVG are present, but edge retest quality and sequence confirmation are weak while applicable historical evidence is insufficient; abstain.","The edge entry uses a fresh, valid continuation FVG, but retest quality and sequence confirmation are weak and applicable history is insufficient. Abstain from capital deployment.",5.4
,591813800_1788837043_120154281_1788843091_#Germany40_7893,0,,MICRO_BREAKER_RETEST,,REJECT,REJECT,False,,"[""missing_mandatory_evidence""]",MIXED,,,"[""breaker formation"", ""clean retest""]","[""Breaker formation"", ""Clean retest""]",Mandatory breaker-retest evidence is unresolved. The optional HTF BOS absence is not used against this candidate.,"Reject: the breaker thesis lacks explicit formation and clean-retest evidence, while the supplied retest quality is weak and a nearby opposing imbalance constrains follow-through.",4.2
,591813800_1788837043_120154281_1788843091_#Germany40_7893,1,,MICRO_RANGE_REENTRY,,REJECT,REJECT,False,,"[""structural_contradiction"", ""missing_mandatory_evidence""]",MIXED,,,"[""range identity"", ""range excursion"", ""range reentry""]","[""Range identity"", ""Range excursion"", ""Range reentry""]","This family requires compression and containment, but expansion dominates and the mandatory range sequence is unresolved. Optional HTF BOS absence is not used against it.","Reject: the range-reentry thesis is contradicted by an expansion-dominant regime, and the required range identity, excursion, and reentry sequence is not explicitly evidenced.",2.8
,591813800_1788837043_120154281_1788843091_#Germany40_7893,2,,MICRO_FVG_EDGE_REVERSAL,,APPROVE,APPROVE,True,,[],INSUFFICIENT_SAMPLE,,,[],[],"The mandatory displacement/FVG and edge-entry sequence is supported, the FVG remains virgin and valid, and LTF confirmation is present. HTF BOS is optional for this family.","Approve cautiously: the virgin FVG edge, displacement, LTF confirmation, and timing sequence support the reversal thesis. Keep the deterministic feasible target and size conservatively around the nearby obstacle.",5.9
,591813800_1788837043_120154281_1788843091_CHFJPY_15192,0,,MICRO_CONTINUATION_FVG,,ABSTAIN,ABSTAIN,False,,[],INSUFFICIENT_SAMPLE,,,[],"[""Cleaner FVG retest"", ""Observable continuation confirmation""]","Sequence requirements are technically satisfied, but low retest quality and missing structure confirmation make continuation reliability unclear; abstain rather than infer confirmation.","Required micro continuation sequence is present, but weak retest quality, absent structure confirmation, and touched-FVG execution leave follow-through uncertain. Historical evidence is not asset-class applicable.",5.5
,591813800_1788837043_120154281_1788843091_CHFJPY_15192,1,,MICRO_CONTINUATION_FVG,,ABSTAIN,ABSTAIN,False,,[],INSUFFICIENT_SAMPLE,,,[],"[""Cleaner FVG retest"", ""Observable continuation confirmation""]","Mid-entry offers acceptable location and target feasibility, but the continuation thesis lacks reliable retest and structure confirmation. Evidence is insufficient for capital deployment.","The required micro continuation sequence is present and mid-entry improves location, but retest quality and structure confirmation are weak. Historical results cannot be applied across asset classes.",5.7
,591813800_1788837043_120154281_1788843091_CHFJPY_15192,2,,MICRO_CONTINUATION_FVG,,ABSTAIN,ABSTAIN,False,,[],INSUFFICIENT_SAMPLE,,,[],"[""Cleaner FVG retest"", ""Observable continuation confirmation""]","Edge entry is structurally valid and target-feasible, but the touched FVG, weak retest, and absent confirmation make post-entry continuation too uncertain to approve.","The required sequence exists, but the edge entry has the weakest location tolerance while retest quality and structure confirmation remain poor. Historical evidence is not applicable to this asset class.",5.2
,591813800_1788837043_120154281_1788843091_GOLD_7023,0,,MICRO_OTE_REVERSAL,,ABSTAIN,ABSTAIN,False,,[],MIXED,,,[],[],"Sequence and FVG state support the OTE reversal thesis, but the nearby opposing obstruction, 0.0157R clearance, weak retest score, and mixed historical evidence make execution outcome unclear.","The OTE reversal sequence and tradable FVG are present, but clearance is extremely limited and retest quality is weak. Current target remains feasible, yet follow-through is not sufficiently dependable.",6.2
,591813800_1788837043_120154281_1788843091_GOLD_7023,1,,MICRO_BREAKER_RETEST,,ABSTAIN,ABSTAIN,False,,[],MIXED,,,[],[],"Breaker identity and retest are supplied, but retest quality is only 1.0699 and the opposing obstacle is close. The feasible current target is usable, yet follow-through remains unclear.","The breaker retest thesis is structurally represented and the FVG remains tradable, but the weak retest score and nearby opposing imbalance reduce confidence in clean continuation to the feasible target.",5.9
,591813800_1788837043_120154281_1788843091_GOLD_7023,2,,MICRO_NESTED_CONTINUATION,,REJECT,REJECT,False,,"[""thesis_contradiction"", ""continuation_state_conflict""]",MIXED,,,[],"[""Valid continuation context""]","Reject: the declared continuation thesis is directly contradicted by reversal FVG context, false continuation state, and very low continuation score. Generic PO3 sequence quality cannot repair this family mismatch.","The candidate claims nested continuation, but the supplied FVG is explicitly reversal-context with continuation false and continuation score 2.0. This is a direct thesis contradiction despite strong generic sequence fields.",3.1
,591813800_1788837043_120154281_1788843091_USDJPY_22769,0,,MICRO_CONTINUATION_FVG,,ABSTAIN,ABSTAIN,False,,[],INSUFFICIENT_SAMPLE,,,[],"[""Clean continuation confirmation"", ""Improved retest quality""]","The required micro sequence is materially supported by trend/expansion context, strong displacement, and an unmitigated continuation FVG. However, low continuation and retest scores plus missing structure confirmation leave follow-through 4","Displacement and a fresh virgin continuation FVG are present, but continuation quality is weak, retest quality is low, and structure confirmation is absent. Historical evidence is not asset-class applicable; abstain.",4.8
,591813800_1788837043_120154281_1788843695_EURGBP_21646,0,,MICRO_BREAKER_RETEST,,ABSTAIN,APPROVE,False,,[],MIXED,,,[],[],"The declared breaker-retest sequence, clean retest, virgin FVG, and valid stop support the thesis. Target arbitration favors the feasible current target over blocked or infeasible alternatives.",Breaker retest and virgin FVG evidence support the micro thesis. Keep the feasible current target; nearby opposing imbalance and modest HTF alignment justify reduced risk.,6.8
,591813800_1788837043_120154281_1788843695_EURGBP_21646,1,,MICRO_RANGE_REENTRY,,REJECT,REJECT,False,,"[""structural_contradiction"", ""missing_mandatory_evidence""]",MIXED,,,"[""range identity"", ""range excursion"", ""range reentry""]","[""range identity"", ""range excursion"", ""range reentry""]","The family requires range identity, excursion, and reentry, but the supplied state is expansion-dominant and only reports displacement confirmation. This is a direct thesis and sequence contradiction.","The range-reentry thesis conflicts with the observed expansion-dominant regime, and the required range sequence is not evidenced. No valid basis supports trading this candidate.",2.8
,591813800_1788837043_120154281_1788843695_EURGBP_21646,3,,MICRO_CONTINUATION_FVG,,REJECT,REJECT,False,,"[""missing_mandatory_evidence"", ""sequence_contradiction"", ""adverse_history""]",ADVERSE,,,"[""trend context""]","[""trend context""]","The continuation FVG is fresh, but the required trend context is unresolved, continuation score is weak, and sequence quality is low. Adverse analogues reinforce rejection without relying on cross-asset priors.","A virgin continuation FVG is present, but trend-context evidence and sequence quality are weak. The applicable analogue sample is adverse and the liquidity target fails minimum RR.",3.6
,591813800_1788837043_120154281_1788844299_#Germany40_9560,0,,MICRO_BREAKER_RETEST,,REJECT,REJECT,False,,"[""missing_mandatory_evidence""]",INSUFFICIENT_SAMPLE,,,"[""breaker formation"", ""clean retest""]","[""Breaker formation"", ""Clean retest""]",Reject for missing family-mandatory breaker formation and clean retest evidence; optional HTF BOS absence is not used against the candidate.,Reject: the breaker thesis cannot be audited because formation and clean retest are not explicitly evidenced; target is feasible but does not repair the missing sequence.,4.2
,591813800_1788837043_120154281_1788844299_#Germany40_9560,1,,MICRO_RANGE_REENTRY,,REJECT,REJECT,False,,"[""structural_contradiction""]",INSUFFICIENT_SAMPLE,,,[],[],Reject: the required range/compression premise conflicts with expansion-dominant regime and a displacement-confirmed state.,"Reject: expansion dominates compression, directly contradicting the range-reentry thesis; the feasible current target does not resolve that structural contradiction.",2.5
,591813800_1788837043_120154281_1788844299_#Germany40_9560,2,,MICRO_FVG_EDGE_REVERSAL,,APPROVE,APPROVE,True,,[],INSUFFICIENT_SAMPLE,,,[],[],"Approve cautiously: the required displacement/FVG and edge-entry sequence is present, the FVG remains virgin, and keep-current target is feasible despite moderate obstruction.","Approve cautiously: the deterministic displacement/FVG and virgin edge entry are intact, with a feasible current target; size should reflect mixed HTF context and nearby obstruction.",5.8
,591813800_1788837043_120154281_1788844299_GOLD_6464,0,,MICRO_OTE_REVERSAL,,ABSTAIN,ABSTAIN,False,,[],MIXED,,,[],"[""Cleaner clearance beyond the nearby opposing imbalance.""]","Valid OTE reversal structure, but the nearby opposing imbalance and only moderate HTF alignment leave target traversal and follow-through too uncertain for capital.","OTE reversal sequence and FVG state are valid, but weak higher-timeframe alignment and an immediate opposing obstacle make execution and follow-through insufficiently dependable.",6.2
,591813800_1788837043_120154281_1788844299_GOLD_6464,1,,MICRO_BREAKER_RETEST,,REJECT,REJECT,False,,"[""MISSING_MANDATORY_EVIDENCE"", ""WEAK_RETEST""]",MIXED,,,"[""breaker formation"", ""clean retest""]","[""Explicit breaker formation."", ""Clean retest confirmation.""]","Reject: the breaker thesis depends on formation and clean-retest evidence that is not established, while the supplied retest quality is weak.","The shared PO3 sequence is strong, but this breaker thesis lacks convincing breaker formation and clean-retest evidence; its decisive family-specific conditions are unresolved.",4.1
,591813800_1788837043_120154281_1788844299_GOLD_6464,2,,MICRO_NESTED_CONTINUATION,,REJECT,REJECT,False,,"[""THESIS_CONTRADICTION"", ""WEAK_CONTINUATION""]",MIXED,,,[],"[""Confirmed continuation expansion after entry.""]","Reject: nested continuation requires established expansion and continuation, but the supplied FVG is reversal-labelled and continuation score is only 2.0.","The nested-continuation thesis is contradicted by the supplied reversal FVG context and very low continuation score, despite a valid shared displacement sequence.",3.8
,591813800_1788837043_120154281_1788844903_#USNDAQ100_6702,1,,MICRO_NESTED_CONTINUATION,,REJECT,REJECT,False,,"[""THESIS_CONTRADICTION"", ""MAJOR_OBSTACLE""]",ADVERSE,,,[],[],"Reject: the nested sequence is observed, but the continuation thesis is contradicted by reversal FVG context, zero continuation score, and a major nearby opposing HTF imbalance.","The required nested sequence is present, but the supplied FVG is reversal-context rather than continuation, continuation score is zero, and the feasible target crosses a major HTF obstruction.",3.5
,591813800_1788837043_120154281_1788844903_#USNDAQ100_6702,3,,MICRO_RANGE_REENTRY,,REJECT,REJECT,False,,"[""THESIS_CONTRADICTION"", ""REGIME_CONFLICT""]",ADVERSE,,,[],[],"Reject: the range-reentry thesis requires compression and containment, but expansion dominates decisively; the target path also encounters major opposing HTF structure.","The range sequence is asserted, but the market regime is strongly expansion-dominant rather than compressed; the target also faces a major HTF obstruction and historical evidence is adverse.",2.5
,591813800_1788837043_120154281_1788844903_#USNDAQ100_6702,6,,MICRO_OTE_REVERSAL,,ABSTAIN,APPROVE,False,,[],MIXED,,,[],[],"Approve: the declared OTE reversal sequence is supported, the touched FVG remains valid, displacement is strong, and the feasible liquidity target offers strong RR despite a moderate nearby obstacle.","The OTE reversal sequence, displacement, valid touched FVG, and structural stop are coherent. Liquidity target is feasible with strong RR; risk remains from a nearby moderate obstacle and mixed history.",7.6
,591813800_1788837043_120154281_1788844903_EURGBP_20242,0,,MICRO_BREAKER_RETEST,,ABSTAIN,ABSTAIN,False,,[],MIXED,,,[],"[""Clearer post-entry follow-through.""]","The declared breaker/retest thesis is supported, but current confirmation and clearance are not strong enough for live approval.","Breaker and retest fields are usable, but weak origin, nearby opposing imbalance, moderate alignment, and non-killzone timing leave follow-through uncertain.",5.8
,591813800_1788837043_120154281_1788844903_EURGBP_20242,1,,MICRO_RANGE_REENTRY,,REJECT,REJECT,False,,"[""RANGE_THESIS_CONTRADICTED"", ""MANDATORY_SEQUENCE_MISSING""]",ADVERSE,,,"[""range identity"", ""range excursion"", ""range reentry""]","[""Range identity."", ""Range excursion."", ""Range reentry.""]","Reject: expansion-dominant conditions contradict the range-reentry thesis, and the family-required range sequence is absent.","The range-reentry thesis is contradicted by expansion dominance, while its required range sequence is not evidenced; available analogues are adverse.",2.4
,591813800_1788837043_120154281_1788844903_EURGBP_20242,2,,MICRO_FVG_EDGE_REVERSAL,,ABSTAIN,ABSTAIN,False,,[],MIXED,,,[],"[""Stronger reversal follow-through.""]","The edge-reversal thesis is technically supported, but modest reversal evidence, nearby obstruction, and uncertain follow-through warrant abstention.","The virgin FVG edge remains tradable and the required displacement/FVG evidence is present, but reversal quality, clearance, and timing do not support approval.",5.4
,591813800_1788837043_120154281_1788845507_CHFJPY_23548,0,,MICRO_CONTINUATION_FVG,,ABSTAIN,ABSTAIN,False,,[],INSUFFICIENT_SAMPLE,,,[],"[""Directional trend confirmation"", ""Cleaner FVG retest response""]","ABSTAIN: displacement and virgin FVG are valid, but neutral directional context, low retest quality, and missing structure confirmation leave follow-through unclear.","Virgin continuation FVG and strong displacement are present, but directional trend context and structure confirmation remain unresolved; historical evidence is not applicable by asset class.",5.8
,591813800_1788837043_120154281_1788845507_CHFJPY_23548,1,,MICRO_CONTINUATION_FVG,,ABSTAIN,ABSTAIN,False,,[],INSUFFICIENT_SAMPLE,,,[],"[""Directional trend confirmation"", ""Reliable reentry response""]","ABSTAIN: fresh FVG and displacement pass, but continuation reentry lacks strong retest confirmation and directional context is unresolved.","The continuation FVG is fresh and displacement is strong, but reentry evidence is weak and directional context remains unresolved; applicable historical support is insufficient.",5.4
,591813800_1788837043_120154281_1788845507_CHFJPY_23548,2,,MICRO_CONTINUATION_FVG,,ABSTAIN,ABSTAIN,False,,[],INSUFFICIENT_SAMPLE,,,[],"[""Directional trend confirmation"", ""Cleaner edge rejection""]","ABSTAIN: fresh FVG and displacement are supportive, but edge retest quality is weak and directional context remains unresolved.","The virgin continuation FVG and displacement are present, but edge-entry confirmation is weak and trend context is unresolved; applicable historical evidence is insufficient.",5.2
,591813800_1788837043_120154281_1788845507_EURGBP_8273,0,,MICRO_BREAKER_RETEST,,ABSTAIN,APPROVE,False,,[],INSUFFICIENT_SAMPLE,,,[],[],"Approve only the deterministic current target: the breaker is fresh and the retest is valid, while the nearby opposing imbalance and moderate HTF alignment limit follow-through.","Breaker retest thesis is supported by a fresh virgin structure and acceptable retest. Current target is feasible, but nearby opposing imbalance and moderate alignment justify reduced risk.",6.8
,591813800_1788837043_120154281_1788845507_EURGBP_8273,1,,MICRO_RANGE_REENTRY,,REJECT,REJECT,False,,"[""thesis_contradiction"", ""expansion_dominant_regime""]",INSUFFICIENT_SAMPLE,,,[],[],Reject because the range-reentry thesis is contradicted by expansion-dominant conditions and a displacement-confirmed state; do not treat this as contained range behavior.,"Reject: the range-reentry thesis requires compression and containment, but the supplied regime is expansion-dominant with confirmed displacement. This is a direct thesis contradiction.",3.9
,591813800_1788837043_120154281_1788845507_EURGBP_8273,3,,MICRO_FVG_EDGE_REVERSAL,,APPROVE,APPROVE,False,,[],INSUFFICIENT_SAMPLE,,,[],[],"Approve at reduced size: the deterministic FVG edge remains virgin and valid, but entry timing is late and the nearby opposing imbalance limits clean follow-through.","FVG edge reversal is supported by a virgin, unmitigated imbalance and valid displacement timing. Keep the feasible current target; nearby opposing structure warrants reduced risk.",6.4
,591813800_1788837043_120154281_1788845507_GOLD_19917,0,,MICRO_OTE_REVERSAL,,ABSTAIN,ABSTAIN,False,,[],MIXED,,,[],"[""Sustained clearance through the opposing imbalance.""]","The required OTE reversal sequence is present and the FVG remains valid, but weak HTF alignment, mixed history, and a 0.0157R opposing obstacle leave execution and follow-through unresolved.","Valid OTE reversal sequence and tradable FVG, but weak HTF alignment and an immediate opposing imbalance make follow-through and target survival uncertain.",6.1
,591813800_1788837043_120154281_1788845507_GOLD_19917,1,,MICRO_BREAKER_RETEST,,ABSTAIN,ABSTAIN,False,,[],MIXED,,,[],"[""Cleaner breaker hold after retest.""]","Required breaker formation and retest sequence is supported, but retest quality is weak and the moderate opposing imbalance leaves post-entry behavior uncertain despite feasible current targeting.","The breaker thesis is structurally plausible with valid sequence and FVG state, but weak retest quality, weak alignment, and mixed history do not justify capital allocation.",6.4
,591813800_1788837043_120154281_1788845507_GOLD_19917,2,,MICRO_NESTED_CONTINUATION,,REJECT,REJECT,False,,"[""ai_veto_structural_contradiction""]",MIXED,,,[],"[""Confirmed continuation-specific expansion.""]",Reject: the declared continuation thesis conflicts with reversal FVG context and continuation score 2.0; weak HTF alignment further undermines the parent-child continuation claim.,"The candidate is labeled nested continuation, but supplied evidence identifies a reversal FVG with low continuation quality; its own continuation thesis is materially contradicted.",3.8
,591813800_1788837043_120154281_1788845507_USDJPY_22056,0,,MICRO_CONTINUATION_FVG,,ABSTAIN,ABSTAIN,False,,[],INSUFFICIENT_SAMPLE,,,[],"[""Cleaner retest response."", ""Confirmed continuation structure.""]","Valid continuation displacement and FVG, but retest quality is poor and structure confirmation is unresolved; applicable historical evidence is insufficient for a confident live approval.","The continuation FVG remains valid and displacement is strong, but weak retest quality, unresolved structure confirmation, and insufficient applicable history make live follow-through unclear.",5.3
,591813800_1788837043_120154281_1788845507_USDJPY_22056,1,,MICRO_CONTINUATION_FVG,,ABSTAIN,ABSTAIN,False,,[],INSUFFICIENT_SAMPLE,,,[],"[""Cleaner retest response."", ""Confirmed continuation structure.""]","The mid-entry has a valid fresh FVG, strong displacement, and feasible target, but poor retest quality, absent structure confirmation, and insufficient applicable history leave follow-through uncertain.","The mid-entry continuation FVG is fresh and feasible, with strong displacement and attractive deterministic RR, but weak retest quality and unresolved confirmation prevent approval.",5.5
,591813800_1788837043_120154281_1788845507_USDJPY_22056,2,,MICRO_CONTINUATION_FVG,,ABSTAIN,ABSTAIN,False,,[],INSUFFICIENT_SAMPLE,,,[],"[""Cleaner retest response."", ""Confirmed continuation structure.""]","The edge entry is structurally valid and displacement is strong, but its weak retest quality and unresolved structure confirmation do not support approval; applicable history is insufficient.","The edge entry uses a valid fresh continuation FVG, but weak retest quality, unresolved structure confirmation, and insufficient applicable history leave the expected continuation too uncertain.",5.0
,591813800_1788837043_120154281_1788847924_EURJPY_30121,0,,MICRO_CONTINUATION_FVG,,ABSTAIN,ABSTAIN,False,,[],INSUFFICIENT_SAMPLE,,,[],"[""Clear continuation structure confirmation""]","The required displacement and continuation FVG are observed, but weak continuation evidence, missing structure confirmation, and insufficient applicable history leave follow-through unclear.","Strong displacement and a valid untouched continuation FVG are present, but structure confirmation is unresolved and applicable history is insufficient; abstain rather than infer follow-through.",4.8
,591813800_1788837043_120154281_1788847924_EURJPY_30121,1,,MICRO_CONTINUATION_FVG,,ABSTAIN,ABSTAIN,False,,[],INSUFFICIENT_SAMPLE,,,[],"[""Clear continuation structure confirmation""]","The midpoint FVG remains valid and displacement is strong, but unresolved structure confirmation, weak continuation scoring, higher cost, and insufficient applicable history make follow-through unclear.","The midpoint entry is inside a valid continuation FVG with strong displacement, but missing structure confirmation, weak continuation scoring, higher cost, and insufficient applicable history warrant abstention.",4.5
,591813800_1788837043_120154281_1788847924_EURJPY_30121,2,,MICRO_CONTINUATION_FVG,,ABSTAIN,ABSTAIN,False,,[],INSUFFICIENT_SAMPLE,,,[],"[""Clear continuation structure confirmation""]","The edge branch has a valid continuation FVG and strong displacement, but weak continuation evidence, missing structure confirmation, and insufficient applicable history leave the thesis unproven.","The edge entry uses a valid continuation FVG and strong displacement, but the weak continuation score, absent structure confirmation, and insufficient applicable history do not justify capital allocation.",4.7
,591813800_1788837043_120154281_1788847924_GBPUSD_1579,0,,MICRO_BREAKER_RETEST,,ABSTAIN,ABSTAIN,False,,[],SUPPORTIVE,,,"[""breaker formation"", ""clean retest""]","[""Explicit breaker formation"", ""Explicit clean retest""]","The breaker thesis is plausible but mandatory formation and clean-retest evidence remain unresolved. The FVG is virgin, while retest quality is only 3.4725 and the liquidity route is blocked.","Virgin FVG and displacement are supportive, but the required breaker formation and clean retest are not sufficiently evidenced; retest quality is weak and target arbitration is material.",5.2
,591813800_1788837043_120154281_1788847924_GBPUSD_1579,1,,MICRO_NESTED_CONTINUATION,,REJECT,REJECT,False,,"[""THESIS_CONTRADICTION""]",ADVERSE,,,[],"[""Established continuation leg""]","This continuation candidate is structurally contradicted: the FVG is reversal-type, continuation is false, and continuation score is zero. Historical outcomes are adverse for the relevant continuation sample.","The candidate claims nested continuation, but the supplied FVG is explicitly reversal-type, continuation is false, and continuation score is zero. This is a direct thesis contradiction.",3.4
,591813800_1788837043_120154281_1788847924_GBPUSD_1579,3,,MICRO_SESSION_REENTRY,,REJECT,REJECT,False,,"[""MISSING_MANDATORY_EVIDENCE"", ""THESIS_CONTRADICTION""]",MIXED,,,"[""session range identity"", ""session excursion"", ""session reentry""]","[""Session range identity"", ""Session excursion"", ""Session reentry""]","The family requires session range identity, excursion, and reentry, but the supplied record does not evidence them. Expansion dominates compression, directly weakening a containment/reentry thesis.","The session-reentry thesis is contradicted by an expansion-dominant regime, while all three family-required session events are absent from the supplied evidence.",3.1
,591813800_1788837043_120154281_1788847924_GOLD_10451,0,,MICRO_OTE_REVERSAL,,ABSTAIN,ABSTAIN,False,,[],MIXED,,,[],"[""Cleaner clearance beyond opposing imbalance""]","Sequence and FVG evidence support the reversal, but bearish HTF context, 0.0157R obstacle clearance, and mixed exact-family outcomes do not justify capital commitment.","The OTE reversal sequence and FVG remain valid, but weak HTF alignment, close opposing obstruction, and mixed exact-family history make execution survival uncertain.",5.8
,591813800_1788837043_120154281_1788847924_GOLD_10451,1,,MICRO_BREAKER_RETEST,,ABSTAIN,ABSTAIN,False,,[],MIXED,,,[],"[""Stronger clean retest response""]","The breaker sequence is declared and structurally valid, but retest quality is only 1.0981 with weak HTF alignment and a nearby opposing imbalance; confirmation is insufficient.","The breaker-retest family sequence is present and the target is feasible, but weak retest quality and adverse higher-timeframe context leave confirmation insufficient for entry.",4.9
,591813800_1788837043_120154281_1788847924_GOLD_10451,2,,MICRO_NESTED_CONTINUATION,,REJECT,REJECT,False,,"[""THESIS_CONTRADICTION""]",MIXED,,,[],"[""Established continuation expansion""]","The required nested sequence is declared, but the actual FVG is reversal-classified and continuation strength is 2.0; this contradicts the continuation thesis.","The candidate is classified as nested continuation, but supplied evidence identifies a reversal FVG with low continuation strength and bearish higher-timeframe context; the thesis is structurally contradicted.",3.2
,591813800_1788837043_120154281_1788847924_USDCAD_13150,0,,FAILED_BREAKOUT_RECLAIM,,REJECT,REJECT,False,,"[""MISSING_REQUIRED_SEQUENCE"", ""SEQUENCE_UNRESOLVED""]",INSUFFICIENT_SAMPLE,,,"[""breakout"", ""failure"", ""reclaim"", ""entry confirmation""]","[""Required reclaim confirmation"", ""Entry confirmation""]","Reject: required sequence evidence is unresolved, sequence quality is 2.348, and the fresh opposing imbalance sits only 0.03R away. Optional HTF BOS absence is not used against this micro family.","Reject: the failed-breakout thesis is not fully evidenced. Structure confirmation and the required reclaim sequence remain unresolved despite a valid, unmitigated FVG.",3.2
,591813800_1788837043_120154281_1788847924_USDCAD_13150,1,,FAILED_BREAKOUT_RECLAIM,,REJECT,REJECT,False,,"[""MISSING_REQUIRED_SEQUENCE"", ""SEQUENCE_UNRESOLVED""]",INSUFFICIENT_SAMPLE,,,"[""breakout"", ""failure"", ""reclaim"", ""entry confirmation""]","[""Required reclaim confirmation"", ""Entry confirmation""]",Reject: the required sequence remains unresolved and sequence quality is only 2.348. The virgin FVG and feasible target do not compensate for absent structure confirmation. Optional HTF BOS absence is neutral.,Reject: the FVG-mid entry is technically valid but the failed-breakout thesis lacks confirmed structure and the required reclaim sequence.,3.4
,591813800_1788837043_120154281_1788847924_USDCAD_13150,2,,FAILED_BREAKOUT_RECLAIM,,REJECT,REJECT,False,,"[""MISSING_REQUIRED_SEQUENCE"", ""SEQUENCE_UNRESOLVED""]",INSUFFICIENT_SAMPLE,,,"[""breakout"", ""failure"", ""reclaim"", ""entry confirmation""]","[""Required reclaim confirmation"", ""Entry confirmation""]","Reject: required sequence evidence is unresolved, sequence quality is 2.348, and the fresh opposing imbalance is only 0.03R away. Optional HTF BOS absence is not used against this micro family.","Reject: the FVG-edge entry has a valid virgin zone, but the failed-breakout thesis lacks confirmed structure and the required reclaim sequence.",3.1
,591813800_1788837043_120154281_1788848530_CHFJPY_18570,0,,MICRO_CONTINUATION_FVG,,ABSTAIN,ABSTAIN,False,,[],INSUFFICIENT_SAMPLE,,,[],"[""Cleaner retest or continuation confirmation""]","The continuation thesis is plausible, but retest quality 2.7045 and sequence quality 2.8 do not justify live entry without clearer confirmation.","Valid continuation displacement and virgin FVG are present, but weak retest and low sequence quality leave follow-through insufficiently confirmed.",5.4
,591813800_1788837043_120154281_1788848530_CHFJPY_18570,1,,MICRO_CONTINUATION_FVG,,ABSTAIN,ABSTAIN,False,,[],INSUFFICIENT_SAMPLE,,,[],"[""Cleaner retest or continuation confirmation""]","A valid displacement and virgin FVG exist, but retest quality 2.7045, sequence quality 2.8, and net RR 1.9275 leave execution durability unclear.","The continuation displacement and virgin FVG support the thesis, but weak retest quality and only modest net RR make live follow-through uncertain.",5.0
,591813800_1788837043_120154281_1788848530_CHFJPY_18570,2,,MICRO_CONTINUATION_FVG,,ABSTAIN,ABSTAIN,False,,[],INSUFFICIENT_SAMPLE,,,[],"[""Cleaner edge retest or continuation confirmation""]","The virgin continuation FVG is intact, but edge-entry retest quality 2.7045 and sequence quality 2.8 leave the continuation thesis insufficiently confirmed.","The continuation displacement and virgin FVG are supportive, but the edge entry has weak retest evidence and insufficient sequence quality for live approval.",4.8
,591813800_1788837043_120154281_1788848530_GOLD_5856,0,,MICRO_OTE_REVERSAL,,APPROVE,APPROVE,True,,[],MIXED,,,[],[],"Approve: required source context, displacement, and OTE retracement are evidenced; FVG remains valid and target arbitration has one feasible current target.","OTE reversal thesis is supported by ordered displacement, retracement, valid untouched midpoint, and bullish structure. Current feasible target is preferable; execution cost is small relative to risk.",7.4
,591813800_1788837043_120154281_1788848530_GOLD_5856,1,,MICRO_BREAKER_RETEST,,ABSTAIN,ABSTAIN,False,,[],MIXED,,,[],"[""Cleaner breaker hold or stronger retest confirmation""]","Abstain: breaker formation and retest are declared, but retest quality is weak and the historical analogue set does not establish reliable follow-through.","The breaker thesis is structurally plausible and required events are present, but the supplied retest-quality score is weak and historical results are mixed. Do not spend risk without clearer retest confirmation.",5.8
,591813800_1788837043_120154281_1788848530_GOLD_5856,2,,MICRO_NESTED_CONTINUATION,,REJECT,REJECT,False,,"[""ai_veto_structural_contradiction""]",MIXED,,,[],"[""Genuine continuation expansion""]","Reject: the candidate's continuation thesis is directly contradicted by its reversal-labelled FVG and weak continuation score, despite otherwise ordered sequence evidence.",Reject: the nested continuation thesis is contradicted by the supplied reversal-labelled FVG and very low continuation score. The feasible target does not repair this thesis conflict.,3.1
,591813800_1788837043_120154281_1788848530_USDJPY_18861,0,,MICRO_CONTINUATION_FVG,,ABSTAIN,ABSTAIN,False,,[],INSUFFICIENT_SAMPLE,,,[],"[""Explicit trend structure confirmation""]","ABSTAIN: valid displacement and untouched structure coexist with absent trend confirmation, weak retest quality, and insufficiently applicable historical evidence.","Displacement and FVG validity support continuation, but structure confirmation and retest quality are unresolved. Asset-class history is unusable, so the setup should not receive capital.",5.8
,591813800_1788837043_120154281_1788848530_USDJPY_18861,1,,MICRO_CONTINUATION_FVG,,ABSTAIN,ABSTAIN,False,,[],INSUFFICIENT_SAMPLE,,,[],"[""Explicit trend structure confirmation""]","ABSTAIN: the mid-entry improves RR, but missing structure confirmation and weak retest evidence prevent a reliable continuation assessment.","The mid-FVG entry has a feasible 3.41 RR target and valid displacement, but absent structure confirmation and weak retest evidence leave follow-through uncertain.",5.9
,591813800_1788837043_120154281_1788848530_USDJPY_18861,3,,MICRO_CONTINUATION_FVG,,ABSTAIN,ABSTAIN,False,,[],INSUFFICIENT_SAMPLE,,,[],"[""Explicit trend structure confirmation"", ""Edge-specific reaction""]","ABSTAIN: valid FVG and target are present, but edge-specific reaction, structure confirmation, and applicable historical evidence remain unresolved.","The edge entry retains a valid FVG and feasible target, but no edge-specific reaction or structure confirmation is supplied; follow-through is therefore too uncertain to approve.",5.4
,591813800_1788837043_120154281_1788849135_EURUSD_14486,2,,MICRO_CONTINUATION_FVG,,ABSTAIN,APPROVE,False,,[],MIXED,,,[],[],"Observed continuation displacement, follow-through, LTF BOS, and valid FVG support the thesis. Keep the feasible current target; liquidity and capped alternatives are infeasible.","Continuation thesis is supported by observed displacement, follow-through, valid continuation FVG, and LTF confirmation. Current target is feasible, but off-hours timing and nearby opposing imbalance reduce robustness.",7.1
,591813800_1788837043_120154281_1788849135_EURUSD_14486,3,,MICRO_RANGE_REENTRY,,REJECT,REJECT,False,,"[""STRUCTURAL_CONTRADICTION"", ""MISSING_MANDATORY_EVIDENCE""]",MIXED,,,"[""range identity"", ""range excursion"", ""range reentry""]","[""Range identity"", ""Range excursion"", ""Range reentry""]","The candidate asserts range reentry, but structured state shows continuation displacement, continuation FVG, and expansion dominance. The family thesis is materially contradicted.","The supplied evidence describes continuation displacement and a continuation FVG, not a contained range rejection. Expansion dominates compression, materially contradicting the range-reentry thesis.",2.4
,591813800_1788837043_120154281_1788849135_EURUSD_14486,4,,MICRO_CONTINUATION_FVG,,APPROVE,APPROVE,False,,[],MIXED,,,[],[],"Continuation displacement, follow-through, LTF BOS, and valid unfilled FVG support the setup. Keep the feasible current target; all stronger alternatives are infeasible or lower quality.","Mid-FVG continuation is supported by valid displacement, follow-through, LTF BOS, and an uninvalidated continuation gap. The close opposing imbalance and off-hours execution warrant reduced size.",6.8
,591813800_1788837043_120154281_1788849135_GBPUSD_29009,0,,MICRO_BREAKER_RETEST,,ABSTAIN,APPROVE,False,,[],INSUFFICIENT_SAMPLE,,,[],[],"Approve cautiously: the breaker-retest thesis is supported by a virgin, unmitigated FVG, strong displacement, valid structure, and feasible current target. Nearby opposing imbalance remains the main execution risk.","Virgin breaker/FVG state and strong displacement support the retest thesis. Current target is feasible, but nearby opposing imbalance and modest HTF alignment limit conviction.",6.4
,591813800_1788837043_120154281_1788849135_GBPUSD_29009,3,,MICRO_SESSION_REENTRY,,REJECT,REJECT,False,,"[""MISSING_REQUIRED_EVIDENCE""]",INSUFFICIENT_SAMPLE,,,"[""session range identity"", ""session excursion"", ""session reentry""]","[""Session range identity."", ""Session excursion."", ""Session reentry.""]","Reject because the family requires a session range identity, excursion, and reentry, but the supplied record only establishes displacement and a blocked target.","The session-reentry thesis is not established by the supplied structured fields. The record shows displacement and a blocked objective, but not the mandatory session range, excursion, and reentry sequence.",3.8
,591813800_1788837043_120154281_1788849135_GBPUSD_29009,5,,MICRO_CONTINUATION_FVG,,ABSTAIN,ABSTAIN,False,,[],ADVERSE,,,"[""Clear trend context supporting continuation.""]","[""Clear trend context supporting continuation.""]","Abstain: the continuation FVG is virgin, but trend context and sequence quality are weak, while the supplied analogue outcomes are predominantly adverse. This is insufficient for capital deployment.","The continuation FVG is fresh and structurally valid, but trend context and sequence quality are weak. Historical analogues are adverse, so execution should be withheld rather than reduced-risk approved.",4.7
,591813800_1788837043_120154281_1788849135_USDJPY_12469,0,,MICRO_CONTINUATION_FVG,,ABSTAIN,ABSTAIN,False,,[],INSUFFICIENT_SAMPLE,,,"[""trend context""]","[""Clear trend context"", ""Structural continuation confirmation""]","Valid displacement, FVG, stop, and target are offset by missing trend context, missing structural confirmation, weak retest quality, and insufficient applicable history. Abstain pending clearer confirmation.","Displacement and a fresh, valid continuation FVG are present, but trend context and structural confirmation are unresolved. Historical outcomes cannot be applied across asset classes, so capital deployment is not justified.",4.8
,591813800_1788837043_120154281_1788849135_USDJPY_12469,2,,MICRO_CONTINUATION_FVG,,ABSTAIN,ABSTAIN,False,,[],INSUFFICIENT_SAMPLE,,,"[""trend context""]","[""Clear trend context"", ""Structural continuation confirmation""]","The FVG and deterministic target are valid, but trend context, structural confirmation, and retest quality remain inadequate. Insufficient applicable history prevents a supported approval despite favorable net RR.","The mid-entry FVG remains fresh and valid with strong displacement, but trend context and structural confirmation are unresolved. Applicable historical evidence is insufficient, so the higher RR does not justify approval.",4.9
,591813800_1788837043_120154281_1788849135_USDJPY_12469,3,,MICRO_CONTINUATION_FVG,,ABSTAIN,ABSTAIN,False,,[],INSUFFICIENT_SAMPLE,,,"[""trend context""]","[""Clear trend context"", ""Structural continuation confirmation""]","The edge FVG, stop, and liquidity target are deterministic and feasible, but required trend context is unresolved, structural confirmation is absent, and applicable historical evidence is insufficient.","The edge entry uses a fresh, valid continuation FVG, but trend context and structural confirmation are unresolved and retest quality is weak. Applicable history is insufficient; abstain rather than fund the setup.",4.6
,591813800_1788837043_120154281_1788849739_CHFJPY_31360,0,,MICRO_CONTINUATION_FVG,,ABSTAIN,ABSTAIN,False,,[],INSUFFICIENT_SAMPLE,,,[],"[""Clear trend-context confirmation"", ""Cleaner retest response""]","ABSTAIN: displacement and a virgin FVG are valid, but trend context is not decisively established and sequence quality/retest evidence is weak. The feasible liquidity target does not resolve the entry uncertainty.","Virgin continuation FVG and strong displacement are present, but trend context and structure confirmation remain weak. Target is feasible, yet follow-through quality is insufficient for capital approval.",5.1
,591813800_1788837043_120154281_1788849739_CHFJPY_31360,1,,MICRO_CONTINUATION_FVG,,ABSTAIN,ABSTAIN,False,,[],INSUFFICIENT_SAMPLE,,,[],"[""Clear trend-context confirmation"", ""Stronger reentry response""]","ABSTAIN: the deterministic FVG and displacement pass validity checks, but trend context and reentry confirmation are not sufficiently resolved. The target is feasible, while entry follow-through remains uncertain.","The continuation FVG and displacement are valid, but continuation reentry lacks convincing trend and retest confirmation. Feasible target and low cost do not compensate for uncertain follow-through.",4.9
,591813800_1788837043_120154281_1788849739_CHFJPY_31360,2,,MICRO_CONTINUATION_FVG,,ABSTAIN,ABSTAIN,False,,[],INSUFFICIENT_SAMPLE,,,[],"[""Clear trend-context confirmation"", ""Stronger edge reaction""]","ABSTAIN: fresh FVG and displacement are present, but the edge entry has weak retest and sequence confirmation. Deterministic target feasibility is adequate, while execution follow-through remains unresolved.","The edge entry is supported by a fresh continuation FVG and strong displacement, but trend and structure confirmation are weak. The feasible target is acceptable; entry timing does not justify approval.",4.6
,591813800_1788837043_120154281_1788850343_EURUSD_27977,2,,MICRO_CONTINUATION_FVG,,ABSTAIN,ABSTAIN,False,,[],INSUFFICIENT_SAMPLE,,,[],"[""Independent FX-applicable historical sample""]","The continuation thesis is supported by expansion, displacement, follow-through, and an uninvalidated FVG, but insufficient FX history and weak HTF alignment prevent a capital decision.","Continuation displacement and a tradable touched FVG are present, with follow-through and feasible current target. Abstain because asset-class history is insufficient and HTF alignment is weak.",6.8
,591813800_1788837043_120154281_1788850343_EURUSD_27977,3,,MICRO_RANGE_REENTRY,,REJECT,REJECT,False,,"[""RANGE_THESIS_CONTRADICTED"", ""MANDATORY_RANGE_SEQUENCE_MISSING""]",INSUFFICIENT_SAMPLE,,,"[""range identity"", ""range excursion"", ""range reentry""]","[""Range identity"", ""Range excursion"", ""Range reentry""]","This candidate claims reentry into a range, but the supplied regime is expansion-dominant and the observed state is displacement-confirmed. Required range evidence is absent.","Reject: the range-reentry thesis is contradicted by expansion-dominant conditions, while the required range identity, excursion, and reentry sequence is not evidenced.",2.2
,591813800_1788837043_120154281_1788850343_EURUSD_27977,4,,MICRO_CONTINUATION_FVG,,ABSTAIN,ABSTAIN,False,,[],INSUFFICIENT_SAMPLE,,,[],"[""Independent FX-applicable historical sample""]","Displacement, follow-through, continuation FVG, and feasible current target support the thesis. Abstain because entry clearance is only 0.0628R, HTF alignment is weak, and FX history is insufficient.","The continuation-FVG thesis is supported and the FVG remains valid, but the entry is adjacent to an opposing imbalance and applicable historical evidence is insufficient.",6.6
,591813800_1788837043_120154281_1788850343_GBPUSD_14822,0,,MICRO_BREAKER_RETEST,,ABSTAIN,APPROVE,False,,[],MIXED,,,[],[],"Approve on the supplied breaker identity, virgin retest state, strong displacement, valid stop, and feasible current target; size conservatively because the obstacle is nearby.","Virgin breaker-retest structure with strong displacement, clean FVG state, feasible current target, and acceptable cost. Nearby opposing imbalance limits follow-through confidence.",6.5
,591813800_1788837043_120154281_1788850343_GBPUSD_14822,3,,MICRO_SESSION_REENTRY,,REJECT,REJECT,False,,"[""SESSION_SEQUENCE_MISSING"", ""REGIME_CONTRADICTION""]",MIXED,,,"[""session range identity"", ""session excursion"", ""session reentry""]","[""Session range identity"", ""Session excursion"", ""Session reentry""]",Reject because the session-reentry thesis lacks its declared mandatory sequence and conflicts with the expansion-dominant regime.,"The session-reentry thesis is not supported: the regime is expansion-dominant and the candidate evidence does not directly establish the required range, excursion, and reentry sequence.",3.4
,591813800_1788837043_120154281_1788850343_GBPUSD_14822,5,,MICRO_CONTINUATION_FVG,,ABSTAIN,ABSTAIN,False,,"[""WEAK_CONTINUATION_CONFIRMATION""]",ADVERSE,,,[],"[""Stronger continuation confirmation""]","Abstain because the continuation FVG is fresh but continuation score and sequence quality are weak, while the historical sample is adverse and not asset-class validated.","A virgin continuation FVG and expansion regime exist, but continuation confirmation is weak and sequence quality is low. Historical outcomes are adverse, though asset applicability is incomplete.",4.8
,591813800_1788837043_120154281_1788850343_USDJPY_31,0,,MICRO_CONTINUATION_FVG,,ABSTAIN,ABSTAIN,False,,[],INSUFFICIENT_SAMPLE,,,[],"[""Continuation structure confirmation""]","Displacement and FVG validity are favorable, but the continuation score and retest quality are weak and structure confirmation is explicitly unresolved. This is insufficient for approval.","Strong displacement and valid fresh FVG are present, but continuation confirmation and retest quality are weak. Asset-class history is insufficient, so the setup should not receive capital.",5.3
,591813800_1788837043_120154281_1788850343_USDJPY_31,1,,MICRO_CONTINUATION_FVG,,ABSTAIN,ABSTAIN,False,,[],INSUFFICIENT_SAMPLE,,,[],"[""Continuation structure confirmation""]","The mid FVG entry is valid and target feasibility is strong, but continuation confirmation is unresolved and retest quality is weak. Abstention is warranted despite the attractive deterministic RR.","The mid-entry has strong displacement and a valid FVG, but no structure confirmation and weak retest quality. The higher nominal RR does not resolve the unresolved continuation evidence.",5.0
,591813800_1788837043_120154281_1788850343_USDJPY_31,2,,MICRO_CONTINUATION_FVG,,ABSTAIN,ABSTAIN,False,,[],INSUFFICIENT_SAMPLE,,,[],"[""Continuation structure confirmation""]","The edge FVG remains valid, but the continuation score and retest quality are weak while structure confirmation is unresolved. Abstain until the continuation thesis has stronger evidence.","The edge entry uses a valid fresh FVG with strong displacement, but the edge reaction is not supported by structure confirmation and retest quality is weak. No approval is justified.",4.7
,591813800_1788837043_120154281_1788850946_CHFJPY_1491,0,,MICRO_CONTINUATION_FVG,,ABSTAIN,ABSTAIN,False,,[],INSUFFICIENT_SAMPLE,,,[],"[""Cleaner retest"", ""Stronger continuation confirmation""]","Required micro sequence is present, but weak retest and continuation quality plus insufficient applicable history leave follow-through uncertain.","Virgin continuation FVG and strong displacement are present, but retest and continuation quality are weak; asset-class history is inapplicable and available analogues are mostly adverse.",5.4
,591813800_1788837043_120154281_1788850946_CHFJPY_1491,1,,MICRO_CONTINUATION_FVG,,ABSTAIN,ABSTAIN,False,,[],INSUFFICIENT_SAMPLE,,,[],"[""Cleaner reentry retest"", ""Stronger continuation confirmation""]","The mandatory micro sequence is present, but retest and continuation evidence are weak and applicable historical support is insufficient for a confident execution decision.","The continuation FVG and displacement are valid, but the reentry branch has weak retest and continuation quality; applicable history is insufficient and analogues are mostly adverse.",5.1
,591813800_1788837043_120154281_1788850946_CHFJPY_1491,2,,MICRO_CONTINUATION_FVG,,ABSTAIN,ABSTAIN,False,,[],INSUFFICIENT_SAMPLE,,,[],"[""Cleaner edge retest"", ""Stronger continuation confirmation""]","The mandatory micro sequence is present, but edge-entry follow-through is unclear because retest and continuation quality are weak and applicable historical evidence is insufficient.","The edge FVG remains virgin and displacement is strong, but weak retest and continuation scores do not establish reliable follow-through; applicable history is insufficient.",5.0
,591813800_1788837043_120154281_1788850946_EURUSD_4948,2,,MICRO_CONTINUATION_FVG,,ABSTAIN,APPROVE,False,,[],MIXED,,,[],[],"Approve only with reduced exposure: mandatory micro continuation sequence is observed and the FVG remains tradable, while OFF_HOURS and weak HTF alignment reduce follow-through.","Continuation displacement, follow-through, and a fresh mitigated continuation FVG are present. Keep-current target is feasible, but OFF_HOURS, weak HTF alignment, and nearby obstruction warrant reduced risk.",6.8
,591813800_1788837043_120154281_1788850946_EURUSD_4948,3,,MICRO_RANGE_REENTRY,,REJECT,REJECT,False,,"[""STRUCTURAL_THESIS_CONTRADICTION"", ""MISSING_MANDATORY_EVIDENCE""]",MIXED,,,"[""range identity"", ""range excursion"", ""range reentry""]","[""range identity"", ""range excursion"", ""range reentry""]","Reject: the declared range-reentry thesis requires containment and a verified range sequence, but the observed regime is expansion-dominant and those mandatory events are unresolved.","The candidate claims range reentry, but supplied regime evidence is expansion-dominant and the required range sequence is not demonstrated. This is a direct thesis contradiction.",2.4
,591813800_1788837043_120154281_1788850946_EURUSD_4948,4,,MICRO_CONTINUATION_FVG,,APPROVE,APPROVE,False,,[],MIXED,,,[],[],"Approve with reduced exposure: the required continuation displacement and FVG entry are observed, but OFF_HOURS, weak HTF alignment, and opposing imbalance increase failure risk.","The mid-FVG continuation thesis is supported by displacement, follow-through, and a fresh, non-invalidated mitigated FVG. Keep-current target is feasible; reduced risk is appropriate.",6.7
,591813800_1788837043_120154281_1788850946_GBPUSD_25499,0,,MICRO_BREAKER_RETEST,,ABSTAIN,APPROVE,False,,[],SUPPORTIVE,,,[],[],"Approve cautiously: deterministic breaker-retest structure and tradable virgin imbalance are present, while the nearby moderate obstacle and incomplete retest quality limit size.","Breaker-retet thesis is supported by ordered sweep, displacement, BOS, virgin FVG, and valid current target. Nearby obstruction and moderate retest quality justify reduced risk.",7.1
,591813800_1788837043_120154281_1788850946_GBPUSD_25499,1,,MICRO_NESTED_CONTINUATION,,REJECT,REJECT,False,,"[""THESIS_CONTRADICTION""]",ADVERSE,,,[],[],Reject because the declared continuation thesis is contradicted by reversal FVG classification and zero continuation score; the setup does not demonstrate resumed expansion.,"Reject: the candidate claims nested continuation, but supplied evidence classifies the FVG as reversal and gives continuation score zero; historical analogues are adverse.",3.2
,591813800_1788837043_120154281_1788850946_GBPUSD_25499,2,,MICRO_RANGE_REENTRY,,REJECT,REJECT,False,,"[""THESIS_CONTRADICTION""]",ADVERSE,,,[],[],"Reject because range reentry requires compression and containment, while the supplied regime is expansion-dominant and the structured state does not establish a credible range-reentry thesis.","Reject: range reentry requires compression and containment, but the supplied regime is expansion-dominant and analogous range-reentry outcomes are adverse.",2.4
,591813800_1788837043_120154281_1788850946_USDJPY_26974,0,,MICRO_CONTINUATION_FVG,,ABSTAIN,ABSTAIN,False,,[],ADVERSE,,,[],"[""Cleaner retest"", ""Confirmed follow-through""]","The family-required sequence is supplied, but retest quality is weak and available analogue outcomes are adverse; this is insufficient for an approval without a hard structural contradiction.","Displacement, continuation FVG, trend and expansion context are present, but weak retest quality, unresolved structure confirmation and adverse analogues make follow-through insufficiently reliable.",5.1
,591813800_1788837043_120154281_1788850946_USDJPY_26974,1,,MICRO_CONTINUATION_FVG,,ABSTAIN,ABSTAIN,False,,[],ADVERSE,,,[],"[""Cleaner mid reaction"", ""Confirmed follow-through""]","Required family evidence is present, but the mid entry has weak retest quality and no confirmed reaction; adverse analogue evidence supports withholding approval rather than a hard rejection.","The continuation displacement and FVG remain valid, but the mid entry has no confirmed reaction, weak retest quality and adverse analogue outcomes; approval is not justified.",4.9
,591813800_1788837043_120154281_1788850946_USDJPY_26974,2,,MICRO_CONTINUATION_FVG,,ABSTAIN,ABSTAIN,False,,[],ADVERSE,,,[],"[""Confirmed edge reaction"", ""Confirmed follow-through""]","The required sequence and intact continuation FVG support the thesis, but the edge reaction is unconfirmed and retest quality is weak; adverse analogues warrant abstention.","The edge entry is valid within the continuation family and the FVG remains intact, but weak retest quality and adverse analogue outcomes leave follow-through too uncertain for approval.",5.0
,591813800_1788837043_120154281_1788851551_EURGBP_8693,0,,MICRO_BREAKER_RETEST,,ABSTAIN,ABSTAIN,False,,[],MIXED,,,[],"[""Clear post-entry follow-through""]","The declared breaker sequence is plausible and the FVG remains virgin, but weak origin and a nearby moderate obstacle make follow-through and target realization uncertain.","Breaker retest and virgin FVG are valid, but weak origin, moderate HTF alignment, and unresolved target obstruction leave execution quality uncertain.",6.8
,591813800_1788837043_120154281_1788851551_EURGBP_8693,1,,MICRO_RANGE_REENTRY,,REJECT,REJECT,False,,"[""STRUCTURAL_CONTRADICTION""]",MIXED,,,[],[],"This family requires range or compression, but the supplied regime is expansion-dominant with elevated ADX and displacement confirmation. The thesis is contradicted, not merely weak.",The range reentry thesis is contradicted by expansion-dominant conditions and a displacement-confirmed state; supplied evidence does not show stable range containment.,3.1
,591813800_1788837043_120154281_1788851551_EURGBP_8693,2,,MICRO_FVG_EDGE_REVERSAL,,ABSTAIN,ABSTAIN,False,,[],MIXED,,,[],"[""Reliable post-entry follow-through""]","The edge entry is fresh, virgin, and valid, but weak origin quality, moderate alignment, and a nearby opposing imbalance make the target path unstable for live execution.","The virgin FVG edge entry is structurally intact and well timed, but weak origin, only moderate alignment, and a nearby opposing imbalance reduce confidence in follow-through.",6.9
,591813800_1788837043_120154281_1788852155_CHFJPY_26671,0,,MICRO_CONTINUATION_FVG,,ABSTAIN,ABSTAIN,False,,[],INSUFFICIENT_SAMPLE,,,[],"[""Cleaner continuation retest"", ""Stronger structure confirmation""]","ABSTAIN: required micro sequence is present, but retest quality and structure confirmation are weak; applicable historical evidence is insufficient for this asset class.","Displacement and a valid continuation FVG support the thesis, but weak retest quality, absent structure confirmation, and insufficient applicable history leave follow-through unclear.",5.2
,591813800_1788837043_120154281_1788852155_CHFJPY_26671,1,,MICRO_CONTINUATION_FVG,,ABSTAIN,ABSTAIN,False,,[],INSUFFICIENT_SAMPLE,,,[],"[""Cleaner continuation retest"", ""Stronger structure confirmation""]","ABSTAIN: the mandatory micro sequence is observed, but weak retest quality, absent structure confirmation, and insufficient applicable history make follow-through uncertain.","The continuation displacement and FVG remain valid, but the reentry branch lacks strong retest confirmation and applicable historical support; execution quality is not clear enough to approve.",5.0
,591813800_1788837043_120154281_1788852155_CHFJPY_26671,2,,MICRO_CONTINUATION_FVG,,ABSTAIN,ABSTAIN,False,,[],INSUFFICIENT_SAMPLE,,,[],"[""Cleaner edge retest"", ""Stronger structure confirmation""]","ABSTAIN: displacement and FVG validity are present, but edge-entry retest quality and structure confirmation are weak, with insufficient applicable historical evidence.","The displacement and continuation FVG support the setup, but the edge retest is weak and structure confirmation is absent; insufficient applicable history prevents a confident approval.",4.8
,591813800_1788837043_120154281_1788852155_EURUSD_8823,2,,MICRO_CONTINUATION_FVG,,ABSTAIN,ABSTAIN,False,,[],MIXED,,,[],"[""Stronger trend alignment""]","ABSTAIN: required continuation evidence is present, but weak HTF alignment, OFF_HOURS timing, and mixed analogue outcomes leave execution follow-through uncertain.","Continuation FVG and displacement are present, but moderate trend context, weak HTF alignment, OFF_HOURS timing, and mixed analogue outcomes make follow-through uncertain.",6.2
,591813800_1788837043_120154281_1788852155_EURUSD_8823,3,,MICRO_RANGE_REENTRY,,REJECT,REJECT,False,,"[""STRUCTURAL_CONTRADICTION""]",MIXED,,,[],[],REJECT: expansion-dominant regime conflicts with the range/compression thesis; the observed displacement state is not a valid range reentry context.,"The candidate claims range reentry, but deterministic regime fields show expansion dominance and trend strength, directly contradicting the required range/compression thesis.",2.1
,591813800_1788837043_120154281_1788852155_EURUSD_8823,4,,MICRO_CONTINUATION_FVG,,ABSTAIN,ABSTAIN,False,,[],MIXED,,,[],"[""Stronger trend alignment""]","ABSTAIN: the FVG and displacement qualify, but weak HTF alignment, OFF_HOURS timing, and mixed historical outcomes leave the continuation thesis insufficiently reliable.","The continuation FVG is fresh and mitigated, but weak HTF alignment, OFF_HOURS timing, nearby obstruction, and mixed analogue outcomes do not support capital deployment.",6.0
,591813800_1788837043_120154281_1788852155_GBPUSD_32620,0,,MICRO_BREAKER_RETEST,,ABSTAIN,APPROVE,False,,[],SUPPORTIVE,,,[],[],"Approve only with conservative risk: the breaker sequence and tradable virgin imbalance are present, while the feasible current target avoids the blocked liquidity route.","Breaker retest thesis is supported by ordered source, displacement, BOS, virgin FVG, and valid current target. Moderate retest quality and nearby obstruction warrant conservative sizing.",7.2
,591813800_1788837043_120154281_1788852155_GBPUSD_32620,1,,MICRO_NESTED_CONTINUATION,,REJECT,REJECT,False,,"[""THESIS_CONTRADICTION"", ""ADVERSE_HISTORY""]",ADVERSE,,,[],[],Reject because the named continuation thesis is directly contradicted by the supplied FVG context and continuation fields; strong displacement alone does not repair that mismatch.,"Reject: the nested continuation thesis is contradicted by reversal-context fields, zero continuation score, and adverse same-family historical outcomes despite strong displacement.",2.8
,591813800_1788837043_120154281_1788852155_GBPUSD_32620,2,,MICRO_RANGE_REENTRY,,REJECT,REJECT,False,,"[""THESIS_CONTRADICTION"", ""ADVERSE_HISTORY""]",ADVERSE,,,[],[],Reject because the range-reentry thesis is contradicted by expansion-dominant regime data and confirmed directional structure; the attractive target cannot cure the thesis mismatch.,"Reject: range reentry requires containment, but the supplied regime is expansion-dominant with confirmed structure and zero continuation-compatible range evidence.",2.5
,591813800_1788837043_120154281_1788852155_USDJPY_26124,0,,MICRO_CONTINUATION_FVG,,ABSTAIN,ABSTAIN,False,,[],INSUFFICIENT_SAMPLE,,,[],"[""Clean continuation retest"", ""Post-displacement follow-through""]","ABSTAIN: valid displacement/FVG and target, but retest quality is weak, structure confirmation and follow-through are absent, and applicable historical evidence is insufficient.","Displacement and a valid touched continuation FVG are present, but weak retest quality, absent structure confirmation, no follow-through, and insufficient applicable history leave execution uncertain.",5.4
,591813800_1788837043_120154281_1788852155_USDJPY_26124,1,,MICRO_CONTINUATION_FVG,,ABSTAIN,ABSTAIN,False,,[],INSUFFICIENT_SAMPLE,,,[],"[""Clean continuation retest"", ""Post-displacement follow-through""]","ABSTAIN: displacement and FVG validity support the thesis, but the touched mid-entry has weak retest quality, no observed follow-through, and insufficient applicable history.","The mid-entry continuation thesis has strong displacement and a feasible target, but retest quality is weak and applicable history is insufficient; follow-through remains unresolved.",5.1
,591813800_1788837043_120154281_1788852155_USDJPY_26124,2,,MICRO_CONTINUATION_FVG,,ABSTAIN,ABSTAIN,False,,[],INSUFFICIENT_SAMPLE,,,[],"[""Clean continuation retest"", ""Post-displacement follow-through""]","ABSTAIN: displacement and edge FVG validity are present, but retest quality is weak, follow-through is unobserved, and applicable historical evidence is insufficient.","The edge-entry continuation thesis is supported by displacement and an uninvalidated FVG, but weak retest quality and absent follow-through make post-entry continuation uncertain.",4.9
,591813800_1788837043_120154281_1788852760_CHFJPY_7725,0,,MICRO_CONTINUATION_FVG,,ABSTAIN,ABSTAIN,False,,[],INSUFFICIENT_SAMPLE,,,"[""trend context""]","[""Confirmed trend context"", ""Cleaner continuation confirmation""]","Displacement and FVG validity support the idea, but neutral trend context, weak sequence quality, poor retest quality, and insufficient asset-class history prevent a capital decision.","Strong displacement and a valid fresh FVG are present, but required trend context is unresolved and sequence quality is weak. Historical evidence is not asset-class applicable; abstain.",5.2
,591813800_1788837043_120154281_1788852760_CHFJPY_7725,1,,MICRO_CONTINUATION_FVG,,ABSTAIN,ABSTAIN,False,,[],INSUFFICIENT_SAMPLE,,,"[""trend context""]","[""Confirmed trend context"", ""Cleaner continuation confirmation""]","Valid mid-mitigated FVG and strong displacement are insufficient without trend context, structure confirmation, or reliable asset-class history; timing and retest quality remain weak.","The mid-FVG remains valid and displacement is strong, but trend context and continuation structure are unresolved. Weak retest quality and insufficient applicable history justify abstention.",5.0
,591813800_1788837043_120154281_1788852760_CHFJPY_7725,2,,MICRO_CONTINUATION_FVG,,ABSTAIN,ABSTAIN,False,,[],INSUFFICIENT_SAMPLE,,,"[""trend context""]","[""Edge-specific reaction"", ""Confirmed trend context""]","The candidate claims an edge entry, but deterministic execution class is mid-mitigated. Neutral trend context, weak sequence quality, and insufficient applicable history make the edge thesis unresolved.","The supplied FVG is valid but classified mid-mitigated, not edge-reactive. Combined with absent trend context and weak sequence quality, this candidate should not receive capital.",4.7
,591813800_1788837043_120154281_1788852760_EURGBP_311,0,,MICRO_BREAKER_RETEST,,ABSTAIN,APPROVE,False,,[],MIXED,,,[],[],"The declared breaker retest, displacement, fresh mitigation state, and feasible current target support the thesis; the nearby moderate obstacle limits follow-through.","Breaker retest and displacement are supported, with a fresh touched FVG and valid current target. Nearby opposing imbalance and mixed analogues justify reduced risk.",7.2
,591813800_1788837043_120154281_1788852760_EURGBP_311,1,,MICRO_RANGE_REENTRY,,REJECT,REJECT,False,,"[""structural_thesis_conflict""]",MIXED,,,[],[],"The candidate claims range containment, while compression is low and expansion is dominant; the observed displacement state is materially inconsistent with this setup family.",The range-reentry thesis is contradicted by expansion-dominant market conditions and the supplied PO3 displacement state. The target does not repair the structural contradiction.,2.3
,591813800_1788837043_120154281_1788852760_EURGBP_311,2,,MICRO_FVG_EDGE_REVERSAL,,ABSTAIN,ABSTAIN,False,,[],INSUFFICIENT_SAMPLE,,,[],"[""Clearer post-entry follow-through""]","The edge-entry thesis is supported, but reversal quality is modest and the nearby opposing imbalance creates uncertain post-entry follow-through; applicable historical support is insufficient.","The FVG edge and displacement are valid, but modest reversal quality, close opposing obstruction, and insufficient applicable history leave follow-through uncertain.",5.8
,591813800_1788837043_120154281_1788853364_EURUSD_29061,2,,MICRO_CONTINUATION_FVG,,ABSTAIN,ABSTAIN,False,,[],MIXED,,,[],[],"Required continuation displacement and FVG entry are observed, but the setup is not sufficiently robust for live capital during OFF_HOURS with weak HTF alignment and a blocked liquidity path.","Continuation sequence is present and the FVG remains structurally valid, but weak HTF alignment, off-hours timing, modest retest quality, and target obstruction make follow-through uncertain.",6.2
,591813800_1788837043_120154281_1788853364_EURUSD_29061,3,,MICRO_RANGE_REENTRY,,REJECT,REJECT,False,,"[""THESIS_CONTRADICTION"", ""MISSING_MANDATORY_SEQUENCE""]",MIXED,,,"[""range identity"", ""range excursion"", ""range reentry""]","[""Range identity"", ""Range excursion"", ""Range reentry""]","Reject: the range-reentry thesis is contradicted by the expansion-dominant, displacement-confirmed state and lacks its mandatory range identity, excursion, and reentry sequence.","The candidate claims range reentry, but the supplied state shows displacement-confirmed expansion and no declared range identity, excursion, or reentry sequence. This is a direct thesis contradiction.",2.7
,591813800_1788837043_120154281_1788853364_EURUSD_29061,4,,MICRO_CONTINUATION_FVG,,ABSTAIN,ABSTAIN,False,,[],MIXED,,,[],[],"The FVG-mid thesis is supported structurally, but current evidence does not establish enough clean continuation quality for approval during OFF_HOURS with weak HTF alignment and obstacle exposure.","The continuation FVG and entry are valid, but mid mitigation, weak HTF alignment, OFF_HOURS execution, and a blocked liquidity route leave the trade's follow-through insufficiently clear.",5.9
,591813800_1788837043_120154281_1788853364_GBPUSD_7310,0,,MICRO_BREAKER_RETEST,,ABSTAIN,APPROVE,False,,[],MIXED,,,[],[],"Approve only with reduced size: the breaker sequence and virgin entry zone are valid, while modest retest quality, moderate HTF alignment, and a nearby opposing imbalance reduce execution robustness.","Breaker retest thesis is supported by ordered source context, breaker structure, virgin FVG, and valid retest state. Current feasible target is usable, but nearby obstruction and modest retest quality warrant reduced risk.",7.2
,591813800_1788837043_120154281_1788853364_GBPUSD_7310,1,,MICRO_NESTED_CONTINUATION,,REJECT,REJECT,False,,"[""THESIS_CONTRADICTION"", ""ADVERSE_HISTORY""]",ADVERSE,,,[],"[""Established expansion continuation""]","Reject because the candidate claims continuation while supplied structured fields identify a reversal FVG and zero continuation quality; this is a direct thesis contradiction, not merely weak evidence.","Reject: the nested continuation thesis is contradicted by reversal FVG context and zero continuation score. Historical analogues are adverse, and the preferred liquidity target is infeasible.",3.2
,591813800_1788837043_120154281_1788853364_GBPUSD_7310,2,,MICRO_RANGE_REENTRY,,REJECT,REJECT,False,,"[""MISSING_MANDATORY_EVIDENCE"", ""REGIME_CONTRADICTION""]",ADVERSE,,,"[""range identity"", ""range excursion"", ""range reentry""]","[""Range identity"", ""Range excursion"", ""Range reentry""]","Reject because the range-reentry family requires explicit range identity, excursion, and reentry, but those events are absent and the regime is expansion-dominant rather than compressed or contained.","Reject: range reentry requires compression and containment, but the supplied regime is expansion-dominant with directional displacement. Required range identity, excursion, and reentry evidence is not supplied.",2.5
,591813800_1788837043_120154281_1788853364_USDJPY_2459,0,,MICRO_CONTINUATION_FVG,,ABSTAIN,ABSTAIN,False,,[],INSUFFICIENT_SAMPLE,,,[],"[""Cleaner continuation retest""]","ABSTAIN: mandatory micro sequence is present, but retest quality and continuation evidence are weak; applicable historical evidence is insufficient for a confident live approval.","Displacement and continuation FVG are valid, but weak retest quality, low continuation score, neutral HTF context, and insufficient applicable history leave follow-through uncertain.",5.8
,591813800_1788837043_120154281_1788853364_USDJPY_2459,1,,MICRO_CONTINUATION_FVG,,ABSTAIN,ABSTAIN,False,,[],INSUFFICIENT_SAMPLE,,,[],"[""Cleaner midpoint retest""]","ABSTAIN: the required micro sequence and feasible target exist, but midpoint timing is not supported by strong retest or continuation evidence and applicable historical evidence is insufficient.","The midpoint entry is valid within a fresh, uninvalidated continuation FVG, but weak retest quality and limited directional context do not justify capital deployment.",5.5
,591813800_1788837043_120154281_1788853364_USDJPY_2459,2,,MICRO_CONTINUATION_FVG,,ABSTAIN,ABSTAIN,False,,[],INSUFFICIENT_SAMPLE,,,[],"[""Cleaner edge retest""]","ABSTAIN: edge entry has a valid continuation FVG and feasible target, but the low continuation and retest scores leave execution survival and follow-through unclear.","The edge entry is structurally valid and the FVG remains tradable, but weak continuation and retest evidence make post-entry follow-through too uncertain for approval.",5.3
,591813800_1788837043_120154281_1788853968_#Japan225_31888,1,,MICRO_BREAKER_RETEST,,ABSTAIN,ABSTAIN,False,,[],MIXED,,,[],"[""cleaner retest response""]","ABSTAIN: mandatory sequence is observed, but weak retest quality, mixed analogues, and a fresh opposing imbalance leave execution and follow-through uncertain.","The breaker sequence is present, but retest quality is weak and historical outcomes are mixed. A fresh opposing imbalance also makes follow-through and target realization uncertain.",5.8
,591813800_1788837043_120154281_1788853968_#Japan225_31888,3,,MICRO_SESSION_REENTRY,,REJECT,REJECT,False,,"[""structural_thesis_contradiction"", ""adverse_historical_evidence""]",ADVERSE,,,[],[],"REJECT: the session-reentry thesis is contradicted by expansion-dominant market conditions, with adverse historical session-reentry outcomes reinforcing the veto.","The session-reentry thesis conflicts with the observed expansion-dominant regime. Historical session-reentry evidence is adverse, so the setup should not be funded despite otherwise valid structural fields.",3.2
,591813800_1788837043_120154281_1788853968_#Japan225_31888,4,,MICRO_FVG_MID_REVERSAL,,ABSTAIN,ABSTAIN,False,,[],ADVERSE,,,[],"[""stronger reversal confirmation""]","ABSTAIN: the FVG remains tradable, but expansion dominance and a single adverse analogue leave reversal follow-through insufficiently established.","The FVG is virgin and structurally valid, but the expansion-dominant regime challenges a reversal thesis. Historical evidence is only one adverse analogue, so the setup remains unproven.",4.6
,591813800_1788837043_120154281_1788854571_EURUSD_964,2,,MICRO_CONTINUATION_FVG,,ABSTAIN,ABSTAIN,False,,[],INSUFFICIENT_SAMPLE,,,[],[],"The required continuation sequence is observed and the target is feasible, but applicable historical support is insufficient and OFF_HOURS execution weakens confidence.","Continuation displacement and a fresh, valid mitigated FVG are present, but OFF_HOURS timing, weak HTF alignment, and insufficient applicable history make follow-through uncertain.",6.4
,591813800_1788837043_120154281_1788854571_EURUSD_964,3,,MICRO_RANGE_REENTRY,,REJECT,REJECT,False,,"[""STRUCTURAL_CONTRADICTION"", ""MISSING_MANDATORY_EVIDENCE""]",INSUFFICIENT_SAMPLE,,,"[""range identity"", ""range excursion""]","[""range identity"", ""range excursion""]","The range thesis is structurally contradicted by the supplied expansion regime, with mandatory range identity and excursion evidence unresolved.","The candidate claims range reentry, but supplied regime data is expansion-dominant and the required range identity and excursion evidence are absent.",2.1
,591813800_1788837043_120154281_1788854571_EURUSD_964,4,,MICRO_CONTINUATION_FVG,,ABSTAIN,ABSTAIN,False,,[],INSUFFICIENT_SAMPLE,,,[],[],"Continuation displacement and FVG evidence are supportive, but applicable historical evidence is insufficient and OFF_HOURS timing leaves follow-through uncertain.","The continuation FVG is fresh, mitigated, and structurally valid, but weak HTF alignment, OFF_HOURS timing, and insufficient applicable history prevent a capital approval.",6.2
,591813800_1788837043_120154281_1788854571_GBPUSD_25553,0,,MICRO_BREAKER_RETEST,,ABSTAIN,APPROVE,False,,[],MIXED,,,[],[],"Approve only the breaker-retest thesis: sequence quality, displacement, structure, virgin FVG and retest are supportive. Current target is feasible; the nearby moderate obstacle warrants reduced size.","Breaker retest thesis is supported by ordered source, displacement, BOS and clean virgin retest evidence. Keep the feasible current target; nearby opposing imbalance raises execution risk.",7.8
,591813800_1788837043_120154281_1788854571_GBPUSD_25553,1,,MICRO_NESTED_CONTINUATION,,REJECT,REJECT,False,,"[""THESIS_CONTRADICTION"", ""ADVERSE_HISTORY""]",ADVERSE,,,[],"[""Continuation-specific expansion confirmation.""]","Reject for thesis contradiction, not for optional follow-through or absent HTF BOS. A continuation setup requires continuation evidence that the supplied fields do not show.","Reject: the candidate is labeled continuation, but supplied evidence identifies a reversal FVG, zero continuation score, and adverse analogue outcomes. Target arbitration cannot repair the thesis mismatch.",4.1
,591813800_1788837043_120154281_1788854571_GBPUSD_25553,2,,MICRO_RANGE_REENTRY,,REJECT,REJECT,False,,"[""THESIS_CONTRADICTION"", ""ADVERSE_HISTORY""]",ADVERSE,,,[],"[""Confirmed range containment.""]","Reject because range reentry requires compression and containment, while expansion dominates and historical outcomes are adverse. Optional follow-through absence is not used against it.","Reject: range reentry requires compression and containment, but the supplied regime is expansion-dominant and the analogue sample is adverse. The feasible target does not resolve the thesis conflict.",3.6
,591813800_1788837043_120154281_1788855175_#Japan225_376,1,,MICRO_BREAKER_RETEST,,ABSTAIN,ABSTAIN,False,,[],MIXED,,,[],"[""Cleaner retest response.""]","The required breaker sequence is represented and the FVG remains valid, but retest quality is weak and the nearby opposing imbalance leaves follow-through uncertain.","Sequence and invalidation fields are acceptable, but weak retest quality, nearby opposing imbalance, mixed analogues, and unresolved execution timing do not justify capital deployment.",5.8
,591813800_1788837043_120154281_1788855175_#Japan225_376,3,,MICRO_SESSION_REENTRY,,REJECT,REJECT,False,,"[""structural_thesis_contradiction""]",MIXED,,,[],[],"The declared session-reentry thesis needs containment, but the supplied regime is strongly expansion-dominant; this is a direct structural contradiction rather than a weak prior.","The session-reentry thesis is structurally contradicted by expansion-dominant conditions, so the setup is rejected despite valid sequence and target fields.",3.2
,591813800_1788837043_120154281_1788855175_#Japan225_376,4,,MICRO_FVG_MID_REVERSAL,,ABSTAIN,ABSTAIN,False,,[],INSUFFICIENT_SAMPLE,,,[],"[""Sustained bearish follow-through.""]","The deterministic FVG midpoint and displacement sequence support the thesis, but the single adverse analogue, expansion-dominant regime, and nearby obstacle leave reversal follow-through insufficiently reliable.","The midpoint FVG and required displacement sequence are valid, but historical coverage is insufficient and the expansion regime plus nearby obstacle makes reversal follow-through uncertain.",6.1
,591813800_1788837043_120154281_1788855175_#USNDAQ100_1577,0,,MICRO_BREAKER_RETEST,,REJECT,REJECT,False,,"[""MAJOR_OPPOSING_OBSTACLE""]",SUPPORTIVE,,,[],[],"The breaker sequence is complete and the FVG is valid, but a major opposing HTF imbalance sits immediately at entry, creating unacceptable post-entry failure risk.","Breaker sequence and retest are present, but the major opposing HTF imbalance is immediately adjacent and materially compromises execution despite a feasible distant target.",6.2
,591813800_1788837043_120154281_1788855175_#USNDAQ100_1577,1,,MICRO_NESTED_CONTINUATION,,REJECT,REJECT,False,,"[""THESIS_CONTRADICTION""]",ADVERSE,,,[],[],"Required structural fields exist, but the setup's continuation thesis is directly contradicted by reversal context and zero continuation evidence.","The nested continuation thesis is contradicted by reversal-labelled FVG evidence, zero continuation score, and predominantly adverse same-family analogues.",4.1
,591813800_1788837043_120154281_1788855175_#USNDAQ100_1577,5,,MICRO_RANGE_REENTRY,,REJECT,REJECT,False,,"[""REGIME_THESIS_CONTRADICTION""]",ADVERSE,,,[],[],"Although range events and a valid FVG are supplied, the expansion-dominant regime contradicts the required compression and containment thesis.","The range-reentry sequence is present, but the market is strongly expansion-dominant rather than compressed, directly contradicting the family thesis and adverse historical evidence.",3.6
,591813800_1788837043_120154281_1788855779_EURNZD_10763,0,,MICRO_CONTINUATION_FVG,,ABSTAIN,ABSTAIN,False,,[],INSUFFICIENT_SAMPLE,,,[],"[""Clean continuation retest"", ""Structural follow-through""]","ABSTAIN: required micro evidence is present, but the low retest quality, unresolved structure confirmation, weak applicable history, and obstacle-crossing target leave follow-through uncertain.","The micro continuation thesis has trend, expansion, displacement, and a valid FVG, but weak retest quality, missing structure confirmation, moderate HTF alignment, and insufficient applicable history warrant abstention.",4.8
,591813800_1788837043_120154281_1788855779_EURNZD_10763,1,,MICRO_CONTINUATION_FVG,,ABSTAIN,ABSTAIN,False,,[],INSUFFICIENT_SAMPLE,,,[],"[""Clean continuation retest"", ""Structural follow-through""]","ABSTAIN: the FVG and displacement qualify the branch, but weak retest quality, unresolved structure confirmation, insufficient applicable history, and an obstructed target path prevent a confident execution decision.","The mid-FVG continuation thesis is structurally eligible, but weak retest quality, missing structure confirmation, obstacle-crossing target path, and insufficient applicable history make follow-through too uncertain.",4.7
,591813800_1788837043_120154281_1788855779_EURNZD_10763,2,,MICRO_CONTINUATION_FVG,,REJECT,REJECT,False,,"[""STRUCTURAL_CONTRADICTION"", ""TARGET_QUALITY_FAILURE""]",INSUFFICIENT_SAMPLE,,,[],"[""Edge-specific reaction""]","REJECT: the edge-entry thesis conflicts with the deterministic mid-mitigated FVG state, and its natural liquidity target has sub-minimum RR.","Reject: the edge-entry thesis is contradicted by the supplied mid-mitigated FVG state, while the natural liquidity objective fails minimum RR and remaining feasible targets cross an obstacle.",4.1
,591813800_1788837043_120154281_1788855779_EURUSD_15387,0,,MICRO_CONTINUATION_FVG,,ABSTAIN,ABSTAIN,False,,[],ADVERSE,,,[],"[""Clear continuation follow-through""]","The required micro continuation sequence is not explicitly contradicted, but continuation quality and retest evidence are weak while historical outcomes are adverse; abstain rather than approve.","Virgin FVG and displacement are valid, but weak continuation quality, poor retest evidence, adverse analogues, and a very near opposing imbalance make follow-through unclear.",4.8
,591813800_1788837043_120154281_1788855779_EURUSD_15387,4,,MICRO_CONTINUATION_FVG,,ABSTAIN,ABSTAIN,False,,[],ADVERSE,,,[],"[""Clear continuation follow-through""]","The FVG remains tradable, but the continuation thesis lacks strong retest and follow-through support; the nearby opposing imbalance makes approval unjustified.","The midpoint entry is technically valid, but weak continuation and retest evidence plus a near opposing imbalance leave the trade vulnerable to immediate failure.",4.6
,591813800_1788837043_120154281_1788855779_EURUSD_15387,5,,MICRO_RANGE_REENTRY,,ABSTAIN,APPROVE,False,,[],MIXED,,,[],[],"The declared range identity, excursion, and reentry are present. The FVG is mitigated but valid, retest quality is strong, and the feasible current target preserves acceptable RR.","The range identity, excursion, and reentry sequence is supported, with clean mitigation and strong retest quality. Approve cautiously because off-hours context and modest alignment limit conviction.",6.4
,591813800_1788837043_120154281_1788855779_GBPUSD_16696,0,,MICRO_BREAKER_RETEST,,ABSTAIN,APPROVE,False,,[],INSUFFICIENT_SAMPLE,,,[],[],Current breaker evidence is coherent and tradable. Keep the deterministic feasible target; liquidity and capped alternatives are infeasible.,"Breaker formation and clean retest are supported, with virgin FVG, strong displacement, valid invalidation, and a feasible current target. Historical evidence is not asset-class applicable.",7.6
,591813800_1788837043_120154281_1788855779_GBPUSD_16696,1,,MICRO_NESTED_CONTINUATION,,REJECT,REJECT,False,,"[""STRUCTURAL_CONTRADICTION""]",INSUFFICIENT_SAMPLE,,,[],"[""Established continuation expansion""]",Reject: the setup's continuation thesis is structurally contradicted by its own reversal-context and zero-continuation fields.,"The candidate claims nested continuation, but supplied fields identify a reversal FVG and zero continuation score. Expansion is present, yet the required continuation thesis is contradicted.",3.4
,591813800_1788837043_120154281_1788855779_GBPUSD_16696,2,,MICRO_RANGE_REENTRY,,REJECT,REJECT,False,,"[""MISSING_MANDATORY_EVIDENCE"", ""STRUCTURAL_CONTRADICTION""]",INSUFFICIENT_SAMPLE,,,"[""range identity"", ""range excursion"", ""range reentry""]","[""Range identity"", ""Range excursion"", ""Range reentry""]",Reject: the range-reentry sequence is not evidenced and the expansion-dominant regime contradicts the required containment thesis.,The range-reentry candidate lacks its declared range sequence and is presented in an expansion-dominant regime. The supplied evidence does not support containment or reentry.,2.9
,591813800_1788837043_120154281_1788856384_#Japan225_19294,1,,MICRO_BREAKER_RETEST,,ABSTAIN,APPROVE,False,,[],MIXED,,,[],[],"Approve: required breaker sequence is observed, the retest remains valid, structural invalidation is defined, and keep_current is feasible. Risk is moderated by the nearby opposing imbalance and mixed analogue outcomes.","Breaker identity, formation, clean retest, bearish structure, and invalidation remain supported. Current feasible target is preferable; nearby opposing imbalance limits immediate follow-through.",7.6
,591813800_1788837043_120154281_1788856384_#Japan225_19294,6,,MICRO_SESSION_REENTRY,,REJECT,REJECT,False,,"[""structural_contradiction""]",MIXED,,,[],"[""Confirmed session containment""]","Reject: the session-reentry thesis is contradicted by the expansion-dominant regime. The virgin, untouched FVG and fresh nearby obstruction do not provide a clean contained reentry.","The session-reentry thesis conflicts with the strongly expansion-dominant regime. The virgin FVG is still untouched, and a fresh opposing imbalance sits immediately near the entry.",3.4
,591813800_1788837043_120154281_1788856384_#Japan225_19294,7,,MICRO_FVG_MID_REVERSAL,,APPROVE,APPROVE,False,,[],MIXED,,,[],[],"Approve: required displacement/FVG and midpoint-entry sequence is supplied, structure and FVG remain valid, and keep_current is feasible. Use reduced size because mitigation is pending and the obstruction is very close.","The deterministic displacement/FVG and midpoint entry thesis are present, with valid structure and invalidation. The current feasible target is retained, but the nearby obstruction and unmitigated entry reduce robustness.",6.6
,591813800_1788837043_120154281_1788856384_EURUSD_32220,0,,MICRO_CONTINUATION_FVG,,ABSTAIN,ABSTAIN,False,,[],ADVERSE,,,"[""Trend context remains unresolved for the continuation thesis.""]","[""Clear directional trend context""]","ABSTAIN: the continuation FVG is valid, but required trend context is unresolved and historical analogues are adverse; the nearby opposing imbalance also makes follow-through uncertain.","Virgin continuation FVG and displacement are present, but trend context is unresolved, the opposing imbalance is nearby, and analogue outcomes are predominantly adverse.",4.2
,591813800_1788837043_120154281_1788856384_EURUSD_32220,1,,MICRO_CONTINUATION_FVG,,ABSTAIN,ABSTAIN,False,,[],ADVERSE,,,"[""Trend context remains unresolved for the continuation thesis.""]","[""Clear directional trend context""]","ABSTAIN: valid FVG structure is outweighed by unresolved trend context, weak continuation evidence, adverse analogues, and a nearby opposing imbalance; no clean follow-through confirmation is available.","The continuation FVG is structurally valid, but neutral trend context, low continuation evidence, a nearby obstruction, and adverse analogues do not support capital deployment.",4.0
,591813800_1788837043_120154281_1788856384_EURUSD_32220,6,,MICRO_RANGE_REENTRY,,REJECT,REJECT,False,,"[""STRUCTURAL_CONTRADICTION"", ""TARGET_INFEASIBLE""]",MIXED,,,[],[],REJECT: expansion dominates compression and the supplied setup is displacement-confirmed rather than clean range reentry; the preferred liquidity target is infeasible.,The range-reentry thesis is contradicted by expansion-dominant conditions and a displacement-confirmed classification; the attractive liquidity target is infeasible.,3.0
,591813800_1788837043_120154281_1788856384_GBPUSD_756,0,,MICRO_BREAKER_RETEST,,ABSTAIN,ABSTAIN,False,,[],SUPPORTIVE,,,[],[],"The breaker thesis is supported by ordered source events and a valid mitigated FVG, but modest retest quality and non-killzone timing make follow-through insufficiently reliable for approval.","Breaker sequence and tradable mitigated FVG are present, but retest quality is modest, timing is outside killzone, and target arbitration leaves execution uncertainty.",6.4
,591813800_1788837043_120154281_1788856384_GBPUSD_756,1,,MICRO_NESTED_CONTINUATION,,REJECT,REJECT,False,,"[""structural_contradiction"", ""adverse_history""]",ADVERSE,,,"[""Parent context supporting continuation"", ""Nested continuation displacement"", ""Nested continuation entry""]","[""Valid continuation regime."", ""Nested continuation confirmation.""]",Reject: the nested continuation thesis conflicts with the supplied reversal FVG classification and zero continuation score; historical outcomes are also adverse.,"The candidate claims nested continuation, but supplied evidence identifies reversal context, zero continuation score, and adverse analogue outcomes; the thesis is structurally contradicted.",3.1
,591813800_1788837043_120154281_1788856384_GBPUSD_756,2,,MICRO_RANGE_REENTRY,,REJECT,REJECT,False,,"[""structural_contradiction"", ""adverse_history""]",ADVERSE,,,[],"[""Demonstrated range containment.""]","Reject: the range-reentry thesis requires compression and containment, while the supplied regime is expansion-dominant and the analogue history is strongly adverse.",The range-reentry claim is contradicted by expansion-dominant conditions and adverse analogue results; the supplied structure does not establish containment.,2.7
,591813800_1788837043_120154281_1788856384_GOLD_26560,0,,MICRO_OTE_REVERSAL,,ABSTAIN,ABSTAIN,False,,[],ADVERSE,,,[],"[""Clearer reaction from the OTE/FVG zone.""]","Sequence and entry evidence support the reversal, but the H1/H4 bearish context, retest quality of 1.1167, nearby obstruction, and adverse exact-family history leave outcome and target follow-through uncertain.","The reversal sequence and OTE/FVG remain structurally valid, but opposing higher-timeframe bias, weak retest quality, adverse small-sample history, and nearby obstruction make live follow-through uncertain.",6.2
,591813800_1788837043_120154281_1788856384_GOLD_26560,1,,MICRO_BREAKER_RETEST,,ABSTAIN,ABSTAIN,False,,[],MIXED,,,[],"[""Cleaner breaker retest acceptance.""]","The breaker sequence is supplied and the current target is feasible, but retest quality is only 1.1167 and exact-family outcomes are mixed; the nearby opposing imbalance leaves polarity follow-through unclear.","The breaker identity and sequence are present, with a feasible current target, but weak retest quality and mixed historical outcomes make the claimed polarity hold insufficiently reliable for approval.",5.8
,591813800_1788837043_120154281_1788856384_GOLD_26560,2,,MICRO_NESTED_CONTINUATION,,REJECT,REJECT,False,,"[""ai_veto_structural_contradiction""]",MIXED,,,[],"[""Evidence of genuine continuation rather than reversal behavior.""]","Reject: the candidate's continuation thesis conflicts with its own supplied reversal FVG classification, false continuation flag, and low continuation score; the nested label does not establish continuation.","The required nested sequence is documented, but the candidate claims continuation while the supplied FVG is explicitly reversal-class with continuation false and a low continuation score. Reject for thesis contradiction.",3.2
,591813800_1788837043_120154281_1788857593_#Japan225_1366,5,,MICRO_SESSION_REENTRY,,REJECT,REJECT,False,,"[""THESIS_CONTRADICTION"", ""EXPANSION_REGIME""]",MIXED,,,[],[],"Reject: the session-reentry thesis requires containment, while expansion dominates. The nearby opposing imbalance further weakens post-entry follow-through.","The required session sequence is present, but the range-reentry thesis is contradicted by expansion-dominant regime conditions and a nearby opposing imbalance.",3.0
,591813800_1788837043_120154281_1788857593_#Japan225_1366,6,,MICRO_FVG_MID_REVERSAL,,ABSTAIN,ABSTAIN,False,,"[""TARGET_PATH_UNCERTAIN"", ""OBSTACLE_PROXIMITY""]",MIXED,,,[],"[""Clear post-entry acceptance away from the nearby obstacle.""]","Abstain: the FVG midpoint thesis is supported, but the fresh opposing imbalance sits only 0.0182R away and makes post-entry survival unclear.","The virgin midpoint reversal and sequence are valid, but the immediate opposing imbalance leaves execution and follow-through too uncertain for approval.",5.8
,591813800_1788837043_120154281_1788857593_#Japan225_1366,7,,MICRO_BREAKER_RETEST,,ABSTAIN,ABSTAIN,False,,"[""TARGET_PATH_UNCERTAIN"", ""HTF_OBSTACLE_PROXIMITY""]",SUPPORTIVE,,,[],"[""Acceptance beyond the nearby HTF obstacle.""]","Abstain: breaker evidence and historical outcomes are supportive, but a major HTF imbalance only 0.0149R away makes execution survival and follow-through unclear.","Breaker formation, virgin state, and historical analogues support the thesis, but a major HTF obstacle immediately beyond entry makes follow-through too uncertain.",6.0
,591813800_1788837043_120154281_1788857593_GBPUSD_2669,0,,MICRO_BREAKER_RETEST,,ABSTAIN,APPROVE,False,,[],MIXED,,,[],[],"The required breaker sequence is evidenced and ordered. Retest and displacement quality are strong; current target is feasible, while liquidity and capped alternatives are infeasible.","Breaker formation and clean retest are supported in order. The mitigated FVG remains valid, costs are modest, and the feasible current target is preferable to blocked liquidity.",7.8
,591813800_1788837043_120154281_1788857593_GBPUSD_2669,1,,MICRO_NESTED_CONTINUATION,,REJECT,REJECT,False,,"[""THESIS_CONTRADICTION""]",ADVERSE,,,[],"[""Confirmed continuation expansion""]","The required fields are present, but the candidate's continuation thesis is structurally contradicted by reversal context and zero continuation score; historical analogues are adverse.","The candidate is labeled continuation, but the supplied FVG is explicitly reversal-context with continuation score zero. Current evidence contradicts the thesis, reinforced by adverse analogues.",4.6
,591813800_1788837043_120154281_1788857593_GBPUSD_2669,2,,MICRO_RANGE_REENTRY,,REJECT,REJECT,False,,"[""THESIS_CONTRADICTION""]",ADVERSE,,,[],[],"Although range fields are supplied, the observed regime is expansion-dominant and the structure is directional. That materially contradicts the containment thesis; historical outcomes are also adverse.","The required range sequence is asserted, but current regime evidence is expansion-dominant and structure is directional. This directly conflicts with a containment and reentry thesis.",3.8
,591813800_1788837043_120154281_1788857593_GOLD_25988,0,,MICRO_OTE_REVERSAL,,ABSTAIN,ABSTAIN,False,,[],MIXED,,,[],"[""Cleaner retest response"", ""Stronger alignment with HTF bias""]","Valid reversal sequence and feasible current target are offset by weak retest quality, bearish HTF context, nearby obstruction, and mixed analogue outcomes; abstain rather than spend risk.","Reversal sequence and tradable FVG are present, but bearish HTF context, weak retest quality, nearby obstruction, and mixed historical outcomes make execution survival uncertain.",6.2
,591813800_1788837043_120154281_1788857593_GOLD_25988,1,,MICRO_BREAKER_RETEST,,ABSTAIN,ABSTAIN,False,,[],MIXED,,,"[""Explicit breaker formation identity"", ""Explicit clean breaker retest confirmation""]","[""Verified breaker formation"", ""Clean polarity retest""]","Breaker taxonomy is declared, but explicit breaker formation and clean retest evidence are unresolved; weak retest quality and obstructed continuation make abstention necessary.","The broad bullish sequence is present, but breaker-specific formation and clean-retest evidence are unresolved. Historical outcomes are mixed and the target path crosses an obstruction.",4.6
,591813800_1788837043_120154281_1788857593_GOLD_25988,2,,MICRO_NESTED_CONTINUATION,,REJECT,REJECT,False,,"[""thesis_contradiction"", ""weak_continuation""]",SUPPORTIVE,,,[],"[""Confirmed continuation impulse""]","Reject: the continuation thesis is directly contradicted by reversal FVG context, false continuation state, and weak continuation score, regardless of target feasibility.","The candidate claims nested continuation, but the supplied FVG is explicitly reversal-context with continuation false and a weak continuation score. This is a structural thesis contradiction.",3.1
,591813800_1788837043_120154281_1788857594_#Germany40_27416,0,,MICRO_BREAKER_RETEST,,ABSTAIN,ABSTAIN,False,,[],MIXED,,,[],[],"The required breaker sequence is not clearly contradicted, but weak retest quality and a nearby opposing imbalance leave execution survival uncertain.","Breaker thesis is structurally plausible, but weak retest quality and nearby opposing imbalance make follow-through and execution survival unclear.",4.8
,591813800_1788837043_120154281_1788857594_#Germany40_27416,1,,MICRO_RANGE_REENTRY,,REJECT,REJECT,False,,"[""STRUCTURAL_CONTRADICTION""]",SUPPORTIVE,,,[],[],"The family thesis requires range compression and containment, while observed expansion and displacement contradict that premise.","The range-reentry thesis is contradicted by expansion-dominant conditions and a displacement-confirmed state, so the setup is not coherent for this family.",2.1
,591813800_1788837043_120154281_1788857594_#Germany40_27416,2,,MICRO_FVG_EDGE_REVERSAL,,ABSTAIN,ABSTAIN,False,,[],INSUFFICIENT_SAMPLE,,,[],[],"The edge entry remains valid, but the close opposing imbalance and lack of applicable taxonomy-matched history make follow-through too uncertain for approval.","The FVG edge thesis is supported and the edge remains tradable, but nearby obstruction, moderate alignment, and insufficient taxonomy-matched history prevent a capital approval.",4.4
,591813800_1788837043_120154281_1788858198_#USNDAQ100_8442,0,,MICRO_BREAKER_RETEST,,REJECT,REJECT,False,,"[""weak_retest"", ""nearby_major_obstacle""]",MIXED,,,[],[],"The mandatory breaker sequence is represented, but weak retest quality and an immediate major opposing imbalance create a material structural failure risk.","Sequence and FVG validity are present, but the breaker retest is weak and a major fresh HTF opposing imbalance sits almost at entry.",4.2
,591813800_1788837043_120154281_1788858198_#USNDAQ100_8442,1,,MICRO_NESTED_CONTINUATION,,REJECT,REJECT,False,,"[""thesis_contradiction"", ""zero_continuation_score"", ""nearby_major_obstacle""]",ADVERSE,,,[],[],"Required nested events are present, but the supplied evidence describes reversal rather than continuation and provides no continuation score support.","The nested continuation thesis is contradicted by reversal FVG classification, zero continuation score, adverse analogues, and a nearby major opposing HTF imbalance.",2.8
,591813800_1788837043_120154281_1788858198_#USNDAQ100_8442,3,,MICRO_RANGE_REENTRY,,REJECT,REJECT,False,,"[""expansion_regime_contradiction"", ""adverse_history""]",ADVERSE,,,[],[],"The declared range events are present, but the observed expansion-dominant regime contradicts the required compression and containment thesis.","The range-reentry sequence is supplied, but current conditions are expansion-dominant rather than compressed, directly contradicting the family thesis.",3.0
,591813800_1788837043_120154281_1788858198_EURNZD_19729,0,,MICRO_CONTINUATION_FVG,,ABSTAIN,ABSTAIN,False,,[],INSUFFICIENT_SAMPLE,,,[],"[""Stronger continuation structure confirmation.""]","ABSTAIN: the required displacement and FVG are present, but sequence quality and retest quality are weak, applicable history is insufficient, and target progress faces a nearby moderate obstacle.","Continuation displacement and a fresh tradable FVG are present, but structure confirmation is weak and applicable historical evidence is insufficient. Target is feasible yet faces a nearby moderate obstacle.",5.4
,591813800_1788837043_120154281_1788858198_EURNZD_19729,1,,MICRO_CONTINUATION_FVG,,ABSTAIN,ABSTAIN,False,,[],INSUFFICIENT_SAMPLE,,,[],"[""Stronger continuation structure confirmation.""]","ABSTAIN: the mid-FVG and displacement qualify, but retest and sequence quality are weak, applicable history is insufficient, and the feasible target path faces a nearby moderate obstacle.","The mid-FVG continuation thesis is structurally eligible and the FVG remains tradable, but weak retest and sequence confirmation plus insufficient applicable history do not justify capital deployment.",5.2
,591813800_1788837043_120154281_1788858198_EURNZD_19729,2,,MICRO_CONTINUATION_FVG,,ABSTAIN,ABSTAIN,False,,[],INSUFFICIENT_SAMPLE,,,[],"[""Stronger continuation structure confirmation.""]","ABSTAIN: the FVG is valid, but midpoint mitigation weakens the edge-entry thesis, sequence quality is low, and applicable historical evidence is insufficient despite a minor obstacle.","The continuation FVG remains valid and the session obstacle is minor, but edge-entry quality is less compelling after midpoint mitigation and applicable history is insufficient for approval.",4.8
,591813800_1788837043_120154281_1788858198_GBPCAD_21988,1,,MICRO_NESTED_CONTINUATION,,REJECT,REJECT,False,,"[""structural_thesis_contradiction""]",MIXED,,,[],[],"Reject due to direct parent-child thesis conflict: the setup is labeled continuation, but its FVG is reversal-context and continuation quality is weak.","Reject: the candidate claims nested continuation, but supplied evidence identifies a reversal FVG and weak continuation quality. The thesis is structurally contradicted despite good sequence and alignment.",3.2
,591813800_1788837043_120154281_1788858198_GBPCAD_21988,3,,MICRO_SESSION_REENTRY,,REJECT,REJECT,False,,"[""structural_thesis_contradiction"", ""adverse_historical_context""]",ADVERSE,,,[],[],"Reject because session reentry is incompatible with the supplied expansion-dominant, trending regime; the adverse analogue sample reinforces the structural conflict.","Reject: session reentry is contradicted by expansion-dominant, trending conditions. Historical analogues are also adverse, while the feasible fallback target crosses a fresh obstacle.",3.0
,591813800_1788837043_120154281_1788858198_GBPCAD_21988,4,,MICRO_FVG_MID_REVERSAL,,ABSTAIN,ABSTAIN,False,,[],ADVERSE,,,[],"[""Stronger retest quality"", ""Cleaner post-entry path""]","Abstain: the reversal thesis is valid, but weak retest quality, high adverse context, adverse analogues, and an obstacle-crossing fallback target make follow-through insufficiently clear.","Abstain: the midpoint reversal thesis is supported by a fresh virgin FVG and valid sequence, but weak retest quality, adverse context, adverse analogues, and an obstacle-crossing fallback target leave execution follow-through unclear.",5.7
,591813800_1788837043_120154281_1788858803_#USNDAQ100_16418,0,,MICRO_OTE_REVERSAL,,ABSTAIN,APPROVE,False,,[],INSUFFICIENT_SAMPLE,,,[],[],"Approve: deterministic context, displacement, and OTE retracement are present in order; the touched FVG is not invalidated and the feasible current target preserves 2.4756 RR.","Required OTE reversal sequence is present and ordered; FVG remains tradable, cost is negligible, and the current feasible target retains acceptable reward despite a nearby moderate obstacle.",7.8
,591813800_1788837043_120154281_1788858803_#USNDAQ100_16418,1,,MICRO_BREAKER_RETEST,,ABSTAIN,ABSTAIN,False,,[],INSUFFICIENT_SAMPLE,,,[],"[""Cleaner retest acceptance beyond the nearby obstacle""]","Abstain: sequence is present, but a major HTF opposing imbalance lies 0.0046R away and retest quality is weak, making post-entry failure and target survival unclear.","Breaker thesis and required sequence are supported, but the major HTF opposing imbalance sits almost at entry and the retest quality is weak; execution survival is therefore unclear.",6.4
,591813800_1788837043_120154281_1788858803_#USNDAQ100_16418,3,,MICRO_SESSION_REENTRY,,ABSTAIN,ABSTAIN,False,,[],INSUFFICIENT_SAMPLE,,,[],"[""Clear session-range rejection and containment""]","Abstain: session reentry requires compression and containment, but compression is zero while expansion is positive; the major near-entry obstacle adds execution uncertainty.",The session-reentry thesis is not cleanly supported because the regime is expansion-dominant with zero compression; a major near-entry obstacle further makes execution uncertain.,5.9
,591813800_1788837043_120154281_1788858803_GOLD_25447,0,,MICRO_OTE_REVERSAL,,ABSTAIN,ABSTAIN,False,,[],MIXED,,,[],"[""Clear clearance beyond nearby imbalance""]","Required OTE sequence is observed and the FVG remains valid, but the nearby opposing imbalance and mixed historical evidence make post-entry follow-through too uncertain for approval.","OTE reversal sequence and tradable FVG are present, but the opposing imbalance is extremely close and historical outcomes are mixed; execution survival is not sufficiently clear.",6.4
,591813800_1788837043_120154281_1788858803_GOLD_25447,1,,MICRO_BREAKER_RETEST,,ABSTAIN,ABSTAIN,False,,[],MIXED,,,[],"[""Stronger clean retest response""]","Breaker formation and retest are declared, but retest quality is weak and historical outcomes are mixed; the nearby opposing imbalance leaves execution survival unresolved.","Breaker identity and sequence are supplied, but retest quality is weak and the nearby opposing imbalance creates uncertain follow-through despite a feasible current target.",5.8
,591813800_1788837043_120154281_1788858803_GOLD_25447,2,,MICRO_NESTED_CONTINUATION,,REJECT,REJECT,False,,"[""THESIS_CONTRADICTION""]",MIXED,,,[],"[""Valid continuation context""]",Reject: the declared nested continuation thesis conflicts with the deterministic reversal FVG state and weak continuation evidence; this is a material structural contradiction.,"The candidate claims nested continuation, but supplied fields identify a reversal FVG with continuation false and low continuation score; the setup thesis is structurally contradicted.",3.9
,591813800_1788837043_120154281_1788859407_#USNDAQ100_25292,0,,MICRO_OTE_REVERSAL,,ABSTAIN,APPROVE,False,,[],MIXED,,,[],[],Sequence and OTE/FVG state support the reversal. Target arbitration favors the feasible current target over the nearby moderate obstacle; no asset-class prior is usable.,"OTE reversal has the declared context, strong displacement, valid retracement, intact FVG and structural invalidation. Keep the feasible current target; moderate obstacle and mixed analogues warrant reduced size.",8.1
,591813800_1788837043_120154281_1788859407_#USNDAQ100_25292,1,,MICRO_BREAKER_RETEST,,ABSTAIN,ABSTAIN,False,,[],MIXED,,,[],"[""Acceptance beyond the HTF opposing imbalance""]","The breaker thesis is supported by the declared setup and retest fields, but a major HTF obstacle lies at 0.0046R and every practical target crosses it. This is execution uncertainty, not a hard rejection.","Breaker-retest structure and displacement are supportive, but the major HTF opposing imbalance is effectively at entry. Feasible targets cross it, so execution survival is unclear and capital should be withheld.",7.0
,591813800_1788837043_120154281_1788859407_#USNDAQ100_25292,3,,MICRO_RANGE_REENTRY,,REJECT,REJECT,False,,"[""STRUCTURAL_THESIS_CONTRADICTION""]",ADVERSE,,,[],[],"Reject: the family thesis requires range/compression, while deterministic regime fields show zero compression and expansion dominance. This is a direct structural thesis contradiction.","The range-reentry thesis is contradicted by expansion-dominant market state and zero compression. Historical range analogues are adverse, while the major HTF obstacle further undermines continuation inside a range.",2.8
,591813800_1788837043_120154281_1788859407_EURNZD_18962,0,,MICRO_CONTINUATION_FVG,,ABSTAIN,ABSTAIN,False,,[],ADVERSE,,,[],"[""Clear structure confirmation"", ""Stronger retest response""]","ABSTAIN: required sequence fields are present, but continuation quality is weakened by low retest quality, missing structure confirmation, adverse analogues, and an opposing imbalance near entry.","The continuation displacement and FVG are valid, but weak retest quality, absent structure confirmation, adverse analogue outcomes, and a nearby opposing imbalance do not justify capital.",4.8
,591813800_1788837043_120154281_1788859407_EURNZD_18962,1,,MICRO_CONTINUATION_FVG,,ABSTAIN,ABSTAIN,False,,[],ADVERSE,,,[],"[""Clear structure confirmation"", ""Stronger retest response""]","ABSTAIN: the mid-mitigated FVG and displacement qualify, but low retest quality, absent structure confirmation, adverse analogue outcomes, and nearby opposing liquidity leave follow-through unclear.","The mid-FVG entry is technically valid, but weak retest quality, absent structure confirmation, adverse analogue outcomes, and a nearby opposing imbalance make execution uncertain.",4.9
,591813800_1788837043_120154281_1788859407_EURNZD_18962,2,,MICRO_CONTINUATION_FVG,,REJECT,REJECT,False,,"[""TARGET_OBSTACLE"", ""INSUFFICIENT_LIQUIDITY_RR""]",ADVERSE,,,[],"[""Clear structure confirmation"", ""A feasible target with adequate RR""]","REJECT: edge entry leaves inadequate feasible liquidity reward; the current target is beyond a nearby session-high obstacle and fallback also crosses it, so target arbitration does not support execution.","Reject: the edge entry has a valid FVG but the deterministic liquidity target fails minimum RR, the obstacle is immediately ahead, and the fallback crosses it without a robust alternative.",4.2
,591813800_1788837043_120154281_1788859407_GOLD_18709,0,,MICRO_OTE_REVERSAL,,ABSTAIN,ABSTAIN,False,,[],MIXED,,,[],[],"Valid OTE reversal sequence and tradable FVG are present, but historical results are mixed and the nearby opposing obstacle leaves follow-through uncertain.","Sequence and OTE/FVG evidence support the reversal, but mixed historical outcomes, opposing higher-timeframe bias, and a nearby obstacle make execution uncertain.",6.2
,591813800_1788837043_120154281_1788859407_GOLD_18709,1,,MICRO_BREAKER_RETEST,,REJECT,REJECT,False,,"[""missing_clean_retest"", ""weak_retest_quality""]",MIXED,,,"[""clean retest""]","[""Clean breaker retest""]","Reject: the breaker thesis depends on a clean retest, but the deterministic retest quality is weak and the target path is exposed to a nearby opposing imbalance.","The required breaker formation and clean retest thesis is not supported: the supplied retest quality is weak, while the nearby opposing imbalance further undermines the setup.",3.8
,591813800_1788837043_120154281_1788859407_GOLD_18709,2,,MICRO_NESTED_CONTINUATION,,REJECT,REJECT,False,,"[""continuation_reversal_conflict"", ""weak_continuation""]",SUPPORTIVE,,,[],"[""Continuation-specific expansion confirmation""]","Reject: continuation taxonomy is contradicted by explicit reversal FVG fields and a continuation score of 2.0, despite otherwise valid sequence evidence.",The nested-continuation label is contradicted by the supplied reversal FVG context and low continuation score; the current evidence does not support continuation follow-through.,3.5
,591813800_1788837043_120154281_1788860011_GBPCAD_6496,1,,MICRO_NESTED_CONTINUATION,,REJECT,REJECT,False,,"[""THESIS_CONTRADICTION""]",MIXED,,,[],[],"Reject: the required sequence exists, but the declared continuation thesis conflicts with the observed reversal FVG state and weak continuation score.","The required nested sequence is present, but the candidate's continuation thesis is contradicted by reversal FVG context and fvg_continuation=false; reject despite strong structure.",3.5
,591813800_1788837043_120154281_1788860011_GBPCAD_6496,3,,MICRO_SESSION_REENTRY,,ABSTAIN,ABSTAIN,False,,[],ADVERSE,,,[],"[""Clear session containment confirmation.""]","Abstain: mandatory session sequence is supplied, but adverse family history and uncertain session containment leave follow-through and target realization unresolved.","The session-reentry sequence and virgin entry zone are present, but adverse same-family analogues, weak continuation, and blocked liquidity make follow-through too uncertain.",5.2
,591813800_1788837043_120154281_1788860011_GBPCAD_6496,4,,MICRO_FVG_MID_REVERSAL,,ABSTAIN,ABSTAIN,False,,[],ADVERSE,,,[],"[""Cleaner target path beyond the obstacle.""]","Abstain: the midpoint reversal setup is structurally valid, but adverse exact-family history and reliance on a fallback target crossing a fresh obstacle leave execution outcome uncertain.","The midpoint reversal thesis is supported by a fresh virgin FVG, valid sequence, and strong alignment, but adverse family history and obstacle-crossing fallback target prevent approval.",5.7
,591813800_1788837043_120154281_1788860615_EURNZD_31832,0,,MICRO_CONTINUATION_FVG,,ABSTAIN,ABSTAIN,False,,[],INSUFFICIENT_SAMPLE,,,[],"[""Clean continuation retest"", ""Structure confirmation""]","The required micro sequence is present, but weak retest quality, missing structure confirmation, and insufficient applicable history leave follow-through uncertain.","Displacement and continuation FVG are valid, but retest quality is weak, structure confirmation is absent, and applicable historical evidence is insufficient. Abstain despite feasible targets.",5.2
,591813800_1788837043_120154281_1788860615_EURNZD_31832,1,,MICRO_CONTINUATION_FVG,,ABSTAIN,ABSTAIN,False,,[],INSUFFICIENT_SAMPLE,,,[],"[""Clean continuation retest"", ""Structure confirmation""]","The required micro sequence is present, but the mid entry has weak retest quality and no structure confirmation; applicable historical evidence is insufficient for approval.","The mid-FVG entry is valid and displacement is strong, but weak retest quality, absent structure confirmation, and insufficient applicable history prevent a capital-grade approval.",5.1
,591813800_1788837043_120154281_1788860615_EURNZD_31832,2,,MICRO_CONTINUATION_FVG,,ABSTAIN,ABSTAIN,False,,[],INSUFFICIENT_SAMPLE,,,[],"[""Clean continuation retest"", ""Structure confirmation""]","The required sequence is present, but edge-entry follow-through is uncertain: retest quality and structure confirmation are weak, history is insufficient, and liquidity RR is below minimum.","The edge entry uses a valid FVG and strong displacement, but weak retest quality, absent structure confirmation, insufficient applicable history, and limited target quality warrant abstention.",4.4
,591813800_1788837043_120154281_1788860615_GOLD_17887,0,,MICRO_OTE_REVERSAL,,ABSTAIN,ABSTAIN,False,,[],ADVERSE,,,[],"[""Sustained acceptance beyond the nearby opposing imbalance.""]","ABSTAIN: structure and OTE evidence are present, but the same-session analogue record is adverse and the near opposing imbalance makes target survival and follow-through uncertain.","Required OTE reversal sequence and tradable FVG are present, but adverse analogue outcomes, moderate HTF alignment, and an immediate opposing imbalance make follow-through uncertain.",6.1
,591813800_1788837043_120154281_1788860615_GOLD_17887,1,,MICRO_BREAKER_RETEST,,ABSTAIN,ABSTAIN,False,,[],MIXED,,,[],"[""Cleaner breaker acceptance and sustained follow-through.""]","ABSTAIN: breaker identity and sequence are supplied, but retest quality is weak and the nearby moderate obstacle leaves execution and follow-through unresolved.","The breaker thesis is structurally plausible, but weak retest quality, mixed analogue results, moderate HTF alignment, and a nearby obstacle do not justify capital commitment.",5.4
,591813800_1788837043_120154281_1788860615_GOLD_17887,2,,MICRO_NESTED_CONTINUATION,,REJECT,REJECT,False,,"[""THESIS_CONTRADICTION""]",MIXED,,,[],"[""A genuine continuation regime and continuation-aligned imbalance.""]","REJECT: the taxonomy requires continuation, but structured FVG context is reversal and continuation strength is weak; this is a direct thesis contradiction.","Reject: the candidate claims nested continuation, but the supplied FVG is explicitly reversal-context and continuation score is only 2.0, contradicting the setup thesis.",3.2
,591813800_1788837043_120154281_1788861219_EURUSD_25795,1,,MICRO_CONTINUATION_FVG,,ABSTAIN,ABSTAIN,False,,[],MIXED,,,[],[],"Evidence supports a fresh continuation FVG and observed follow-through, but OFF_HOURS conditions, weak continuation quality, low HTF alignment, and an opposing imbalance leave execution outcome unclear.","Continuation FVG is fresh with displacement, retest, follow-through, and feasible current target, but OFF_HOURS timing, weak continuation quality, modest HTF alignment, and a nearby obstacle make follow-through uncertain.",5.8
,591813800_1788837043_120154281_1788861219_EURUSD_25795,2,,MICRO_RANGE_REENTRY,,REJECT,REJECT,False,,"[""missing_range_sequence"", ""range_expansion_conflict""]",MIXED,,,"[""range identity"", ""range excursion"", ""range reentry""]","[""range identity"", ""range excursion"", ""range reentry""]",Reject: the declared range-reentry thesis lacks its mandatory range sequence and conflicts with expansion-dominant market conditions. Optional HTF BOS absence is not used.,"The range-reentry thesis is contradicted by expansion-dominant conditions, while the family-required range identity, excursion, and reentry sequence is not evidenced. This is not a tradeable range setup.",2.1
,591813800_1788837043_120154281_1788861219_EURUSD_25795,4,,FAILED_BREAKOUT_RECLAIM,,REJECT,REJECT,False,,"[""missing_reclaim_sequence"", ""weak_sequence_quality""]",INSUFFICIENT_SAMPLE,,,"[""breakout"", ""failure"", ""reclaim"", ""entry confirmation""]","[""breakout"", ""failure"", ""reclaim"", ""entry confirmation""]","Reject: mandatory breakout-failure-reclaim-entry confirmation is unresolved. The supplied displacement and sequence quality are weak, and the opposing obstacle is nearly at entry.","The candidate is labeled failed-breakout reclaim, but none of its four mandatory sequence events is evidenced. Poor displacement, very low sequence quality, and an immediate obstacle make the thesis unsupported.",1.4
,591813800_1788837043_120154281_1788861219_GBPUSD_27795,0,,MICRO_BREAKER_RETEST,,ABSTAIN,APPROVE,False,,[],SUPPORTIVE,,,[],[],"Approve with moderate confidence: the required breaker sequence and tradable virgin FVG are present, while the nearby opposing imbalance limits follow-through quality.","Breaker identity, formation, and clean retest are supported. Virgin FVG and ordered displacement/BOS support the reversal thesis; keep_current is the only strong feasible target.",7.6
,591813800_1788837043_120154281_1788861219_GBPUSD_27795,1,,MICRO_NESTED_CONTINUATION,,REJECT,REJECT,False,,"[""structural_thesis_contradiction""]",ADVERSE,,,[],"[""Continuation expansion confirmation""]",Reject: the named continuation thesis is contradicted by explicit reversal FVG context and zero continuation score; historical evidence is also adverse.,"The candidate claims nested continuation, but the supplied FVG is reversal context with zero continuation score. Historical analogues are adverse; the thesis is structurally contradicted.",3.4
,591813800_1788837043_120154281_1788861219_GBPUSD_27795,2,,MICRO_RANGE_REENTRY,,REJECT,REJECT,False,,"[""structural_thesis_contradiction"", ""adverse_historical_evidence""]",ADVERSE,,,[],"[""Contained range rejection""]","Reject: the range-reentry thesis requires compression and containment, but expansion dominates and displacement is strong; historical range outcomes are adverse.","Range reentry is contradicted by expansion-dominant conditions and strong displacement. The supplied historical sample is adverse, so the setup is not capital-worthy.",2.9
,591813800_1788837043_120154281_1788861824_EURCAD_30892,0,,MICRO_CONTINUATION_FVG,,ABSTAIN,ABSTAIN,False,,[],INSUFFICIENT_SAMPLE,,,[],"[""Clear directional continuation""]","No mandatory family event is missing, but trend context and continuation quality are insufficiently decisive for capital deployment; the nearby obstruction further reduces follow-through clarity.","Micro continuation FVG remains valid, but weak directional context, low continuation quality, and a nearby opposing imbalance make follow-through unclear.",4.8
,591813800_1788837043_120154281_1788861824_EURCAD_30892,1,,MICRO_CONTINUATION_FVG,,ABSTAIN,ABSTAIN,False,,[],INSUFFICIENT_SAMPLE,,,[],"[""Clear directional continuation""]","The required micro sequence is present, but the low continuation score, absent structure confirmation, and nearby obstacle make the mid-entry plan too uncertain to approve.","The mid-FVG entry is valid and fresh, but weak continuation context and a nearby opposing imbalance leave post-entry follow-through uncertain.",4.7
,591813800_1788837043_120154281_1788861824_EURCAD_30892,2,,MICRO_CONTINUATION_FVG,,ABSTAIN,ABSTAIN,False,,[],INSUFFICIENT_SAMPLE,,,[],"[""Acceptance beyond HTF obstruction""]","The mechanical FVG sequence is present, but a fresh major HTF opposing imbalance blocks the liquidity route and leaves only a distant current target or obstacle-crossing fallback.","The edge entry is valid mechanically, but the fresh major HTF opposing imbalance sits near the objective and invalidates the continuation thesis quality.",3.8
,591813800_1788837043_120154281_1788861824_GOLD_9943,2,,MICRO_BREAKER_RETEST,,ABSTAIN,ABSTAIN,False,,[],MIXED,,,[],"[""Cleaner retest response""]","Valid breaker sequence and feasible current target, but retest quality is only 1.08 and the fresh opposing HTF imbalance creates unstable follow-through. No capital approval.","Sequence and virgin breaker state are valid, but retest quality is weak and a fresh major HTF obstruction sits nearby. Current target is feasible, yet follow-through is not sufficiently clear.",6.2
,591813800_1788837043_120154281_1788861824_GOLD_9943,4,,MICRO_FVG_MID_REVERSAL,,ABSTAIN,ABSTAIN,False,,[],ADVERSE,,,[],"[""Independent favorable confirmation""]","Required midpoint-FVG evidence is present and current target is feasible, but the sole close analogue lost and a fresh HTF obstruction leaves outcome evidence adverse. Abstain pending stronger confirmation.","The virgin midpoint FVG and displacement support the reversal thesis, but the only retrieved analogue is adverse and the fresh opposing HTF imbalance makes target follow-through uncertain.",5.8
,591813800_1788837043_120154281_1788861824_GOLD_9943,6,,MICRO_RANGE_REENTRY,,REJECT,REJECT,False,,"[""STRUCTURAL_CONTRADICTION""]",ADVERSE,,,[],[],"Reject: the required range-compression thesis is contradicted by expansion-dominant regime data, with a fresh nearby opposing imbalance further weakening containment.","The range-reentry thesis requires compression and containment, but the supplied regime is expansion-dominant. Historical range evidence is also adverse, so the setup is structurally contradicted.",3.2
,591813800_1788837043_120154281_1788861824_USDCHF_9522,1,,MICRO_BREAKER_RETEST,,REJECT,REJECT,False,,"[""missing_mandatory_evidence""]",MIXED,,,"[""breaker formation"", ""clean retest""]","[""Verified breaker formation"", ""Clean retest confirmation""]","The breaker-retest family requires declared context, breaker formation, and clean retest. Supplied retest quality is weak and the mandatory sequence is unresolved.","Reject: the breaker-retest thesis lacks sufficiently evidenced formation and clean retest, despite valid displacement and an unmitigated FVG.",3.2
,591813800_1788837043_120154281_1788861824_USDCHF_9522,4,,MICRO_NESTED_CONTINUATION,,REJECT,REJECT,False,,"[""structural_contradiction""]",ADVERSE,,,"[""parent context""]","[""Established parent continuation context""]","The nested-continuation family requires parent context and established expansion. The FVG is explicitly reversal-labelled, continuation score is 1.2, and analogues are adverse.","Reject: the nested-continuation thesis is contradicted by reversal-labelled FVG evidence, weak continuation quality, and adverse analogue outcomes.",2.8
,591813800_1788837043_120154281_1788861824_USDCHF_9522,6,,MICRO_SESSION_REENTRY,,REJECT,REJECT,False,,"[""structural_contradiction"", ""missing_mandatory_evidence""]",MIXED,,,"[""session range identity"", ""session excursion"", ""session reentry""]","[""Session range identity"", ""Session excursion"", ""Session reentry""]","The session-reentry family requires session range identity, excursion, and reentry. Expansion dominates compression, and supplied fields do not establish that required sequence.","Reject: expansion-dominant conditions contradict session reentry, and the mandatory session range, excursion, and reentry sequence is not evidenced.",2.6
,591813800_1788837043_120154281_1788862428_GBPUSD_9734,0,,MICRO_BREAKER_RETEST,,ABSTAIN,ABSTAIN,False,,[],MIXED,,,[],"[""Cleaner retest response""]","Required breaker formation and clean retest are represented, but retest quality is only 3.9221 and nearby opposing imbalance creates unresolved follow-through risk; abstain rather than approve weak execution.","Sequence and virgin breaker evidence are present, but retest quality is weak and a fresh nearby opposing imbalance makes post-entry follow-through uncertain.",6.2
,591813800_1788837043_120154281_1788862428_GBPUSD_9734,1,,MICRO_NESTED_CONTINUATION,,REJECT,REJECT,False,,"[""structural_contradiction""]",ADVERSE,,,[],[],"Reject: the MICRO_NESTED_CONTINUATION thesis is contradicted by reversal FVG classification, false continuation flag, and zero continuation score.","The candidate claims nested continuation, but supplied fields classify the FVG as reversal with zero continuation score; this directly contradicts the taxonomy thesis.",2.8
,591813800_1788837043_120154281_1788862428_GBPUSD_9734,2,,MICRO_RANGE_REENTRY,,REJECT,REJECT,False,,"[""structural_contradiction""]",ADVERSE,,,[],[],"Reject: range reentry requires compression and containment, but the supplied state is expansion-dominant and the setup has no demonstrated range containment.","The range-reentry thesis lacks containment: expansion score is 0.730294 against compression 0.269706, while adverse historical analogues reinforce rejection.",2.5
,591813800_1788837043_120154281_1788862428_USDCHF_30404,1,,MICRO_BREAKER_RETEST,,ABSTAIN,ABSTAIN,False,,[],SUPPORTIVE,,,[],"[""Cleaner retest response.""]","Valid breaker and virgin FVG evidence exist, but weak retest quality and nearby opposing structure leave execution and follow-through unresolved; abstain rather than size the trade.","The breaker thesis is plausible and the virgin FVG remains valid, but retest quality is weak and nearby opposing structure makes follow-through uncertain.",5.4
,591813800_1788837043_120154281_1788862428_USDCHF_30404,4,,MICRO_NESTED_CONTINUATION,,REJECT,REJECT,False,,"[""THESIS_CONTRADICTION"", ""WEAK_CONTINUATION""]",ADVERSE,,,[],"[""Confirmed continuation expansion.""]","The claimed continuation setup is structurally contradicted: the FVG is reversal-context and explicitly non-continuation, with continuation score 1.2. Reject despite feasible current targeting.","Reject: this candidate claims nested continuation, but the supplied FVG is reversal-only, continuation score is weak, and the relevant historical sample is adverse.",3.1
,591813800_1788837043_120154281_1788862428_USDCHF_30404,6,,MICRO_SESSION_REENTRY,,REJECT,REJECT,False,,"[""THESIS_CONTRADICTION"", ""MISSING_MANDATORY_EVIDENCE""]",ADVERSE,,,"[""session range identity"", ""session excursion"", ""session reentry""]","[""Session range identity."", ""Session excursion and reentry.""]",The session reentry thesis is contradicted by expansion-dominant regime evidence and a major nearby HTF opposing imbalance. Required session sequence is not established in the supplied candidate fields.,"Reject: the session reentry thesis requires containment, but the regime is expansion-dominant and the supplied state shows a nearby major HTF opposing imbalance.",2.7
,591813800_1788837043_120154281_1788863033_EURNZD_30907,0,,MICRO_CONTINUATION_FVG,,ABSTAIN,ABSTAIN,False,,[],INSUFFICIENT_SAMPLE,,,[],"[""Clean structure confirmation""]","The required micro continuation sequence is present, but weak continuation scoring, missing structure confirmation, moderate alignment, and nearby opposing imbalance leave execution survival unclear.","Valid continuation displacement and fresh mitigated FVG, but weak continuation evidence, absent structure confirmation, and a nearby target obstacle make follow-through uncertain.",4.8
,591813800_1788837043_120154281_1788863033_EURNZD_30907,1,,MICRO_CONTINUATION_FVG,,ABSTAIN,ABSTAIN,False,,[],INSUFFICIENT_SAMPLE,,,[],"[""Clean structure confirmation""]","The required sequence and valid FVG are present, but continuation strength is weak, structure confirmation is absent, and the feasible high-RR target lies beyond a moderate obstacle.","The mid-FVG entry is valid and displacement is strong, but weak continuation evidence and an unresolved nearby obstacle do not support committing capital.",4.7
,591813800_1788837043_120154281_1788863033_EURNZD_30907,2,,MICRO_CONTINUATION_FVG,,ABSTAIN,ABSTAIN,False,,[],INSUFFICIENT_SAMPLE,,,[],"[""Clean structure confirmation""]","The continuation sequence and FVG remain valid, and the current target is feasible, but weak continuation scoring and absent structure confirmation make follow-through too uncertain for approval.","The edge entry has a valid FVG and clean cost profile, but weak continuation evidence, absent structure confirmation, and insufficient liquidity-target RR leave the trade unproven.",5.0
,591813800_1788837043_120154281_1788863033_GOLD_25582,2,,MICRO_BREAKER_RETEST,,ABSTAIN,APPROVE,False,,[],MIXED,,,[],[],"Approve only with reduced size: sequence quality, virgin breaker/FVG state, bearish alignment, and feasible current target are supportive; nearby fresh opposing HTF imbalance remains the principal risk.","Required breaker sequence and bearish displacement are present. The virgin zone and feasible session-low target support a small, cautious approval despite nearby opposing HTF liquidity.",7.2
,591813800_1788837043_120154281_1788863033_GOLD_25582,4,,MICRO_FVG_MID_REVERSAL,,ABSTAIN,ABSTAIN,False,,[],ADVERSE,,,[],"[""Clear reaction from midpoint entry zone.""]","Abstain: required midpoint/FVG evidence is present, but historical evidence is adverse and the feasible current target must traverse a fresh major opposing HTF imbalance.","The midpoint FVG thesis is structurally supported, but the only exact analogue was adverse and the target path crosses a fresh major opposing imbalance. Do not commit capital without clearer reaction evidence.",6.3
,591813800_1788837043_120154281_1788863033_GOLD_25582,6,,MICRO_RANGE_REENTRY,,REJECT,REJECT,False,,"[""structural_contradiction"", ""adverse_history"", ""poor_clearance""]",ADVERSE,,,[],[],Reject: range containment is contradicted by expansion-dominant regime and immediate opposing imbalance; exact historical analogues are mostly stop-outs.,"Reject: the range-reentry thesis is contradicted by expansion-dominant conditions, while the nearby opposing imbalance and adverse exact analogues materially undermine containment and follow-through.",3.1
,591813800_1788837043_120154281_1788863033_USDCHF_213,0,,MICRO_NESTED_CONTINUATION,,REJECT,REJECT,False,,"[""THESIS_CONTRADICTION"", ""WEAK_CONTINUATION""]",ADVERSE,,,"[""nested entry""]","[""Clear continuation evidence""]","Reject: the declared nested-continuation thesis conflicts with the non-continuation FVG state and weak continuation score; this is a qualitative structural contradiction, not a numeric cutoff.",Reject: the continuation thesis is contradicted by the supplied non-continuation FVG state and weak continuation score; nearby opposing imbalance further reduces follow-through.,4.2
,591813800_1788837043_120154281_1788863033_USDCHF_213,3,,MICRO_BREAKER_RETEST,,ABSTAIN,ABSTAIN,False,,"[""SEQUENCE_UNRESOLVED""]",SUPPORTIVE,,,"[""breaker formation"", ""clean retest""]","[""Explicit breaker formation"", ""Clean retest confirmation""]","Abstain: the breaker thesis is plausible and historical outcomes are supportive, but required formation and clean-retest evidence is unresolved; weak retest quality prevents a capital decision.","Abstain: historical analogues are supportive, but the mandatory breaker formation and clean-retest sequence is not sufficiently demonstrated and retest quality is weak.",5.4
,591813800_1788837043_120154281_1788863033_USDCHF_213,6,,MICRO_RANGE_REENTRY,,REJECT,REJECT,False,,"[""THESIS_CONTRADICTION"", ""MISSING_MANDATORY_EVIDENCE""]",ADVERSE,,,"[""range identity"", ""range excursion"", ""range reentry""]","[""Range identity"", ""Range excursion"", ""Range reentry""]","Reject: range reentry requires compression and containment, but the supplied regime is expansion-dominant and the mandatory range sequence is absent; this is a direct thesis contradiction.","Reject: the range-reentry thesis is directly contradicted by the expansion-dominant regime, and the required range sequence is not demonstrated.",2.8
,591813800_1788837043_120154281_1788863637_GBPUSD_28273,0,,MICRO_BREAKER_RETEST,,ABSTAIN,ABSTAIN,False,,[],MIXED,,,[],"[""Cleaner retest response.""]","ABSTAIN: the required breaker sequence is observed and the current target is feasible, but the weak retest and only moderate alignment leave post-entry behavior uncertain.","Sequence and virgin breaker evidence are present, but retest quality is weak and context is mixed. Keep-current target is feasible, yet execution follow-through is not sufficiently clear for approval.",6.2
,591813800_1788837043_120154281_1788863637_GBPUSD_28273,1,,MICRO_NESTED_CONTINUATION,,REJECT,REJECT,False,,"[""structural_thesis_conflict""]",ADVERSE,,,[],[],"REJECT: the setup thesis requires established expansion resumption, but supplied fields identify a reversal FVG and zero continuation score.","The candidate claims nested continuation, but the supplied FVG is explicitly reversal-type and continuation score is zero. Historical evidence is adverse, so the thesis is structurally contradicted.",3.3
,591813800_1788837043_120154281_1788863637_GBPUSD_28273,2,,MICRO_RANGE_REENTRY,,REJECT,REJECT,False,,"[""structural_thesis_conflict""]",ADVERSE,,,[],[],"REJECT: the range-reentry thesis requires compression and containment, while the supplied regime is expansion-dominant with strong displacement.","Range reentry requires compression and containment, but the observed regime is expansion-dominant with strong displacement. Historical outcomes are mostly adverse, directly contradicting the thesis.",2.6
,591813800_1788837043_120154281_1788863637_USDCHF_24069,0,,MICRO_NESTED_CONTINUATION,,REJECT,REJECT,False,,"[""THESIS_CONTRADICTION""]",MIXED,,,[],[],Reject because the stated continuation thesis is contradicted by the supplied reversal FVG context and low continuation score.,"Reject: the candidate claims nested continuation, but the supplied FVG is explicitly reversal-context with continuation false and weak continuation scoring.",3.5
,591813800_1788837043_120154281_1788863637_USDCHF_24069,1,,MICRO_BREAKER_RETEST,,ABSTAIN,APPROVE,False,,[],SUPPORTIVE,,,[],[],"Approve cautiously: the breaker-retest thesis is supported by the declared branch, displacement, virgin state, feasible current target, and supportive historical analogues.","Approve cautiously: breaker-retest taxonomy, displacement, virgin structure, feasible current target, and supportive same-branch analogues align; retest quality and clearance remain risks.",6.3
,591813800_1788837043_120154281_1788863637_USDCHF_24069,2,,MICRO_RANGE_REENTRY,,REJECT,REJECT,False,,"[""REGIME_CONTRADICTION""]",ADVERSE,,,[],[],"Reject because range reentry requires compression and containment, while the supplied market regime is strongly expansion-dominant.","Reject: range reentry requires containment, but the supplied regime is expansion-dominant with low compression; same-branch historical outcomes are adverse.",2.8
,591813800_1788837043_120154281_1788864242_GOLD_27532,3,,MICRO_FVG_MID_REVERSAL,,ABSTAIN,ABSTAIN,False,,[],ADVERSE,,,[],"[""Clean acceptance away from the opposing HTF imbalance.""]","Mandatory micro sequence is present and the FVG remains virgin, but target arbitration is execution-sensitive because the fresh HTF obstacle blocks the stronger liquidity route. No capital approval.","Sequence and virgin midpoint FVG are valid, but a fresh nearby HTF opposing imbalance makes continuation to the feasible session-low target uncertain. Abstain rather than force an unstable route.",7.2
,591813800_1788837043_120154281_1788864242_GOLD_27532,5,,MICRO_RANGE_REENTRY,,REJECT,REJECT,False,,"[""THESIS_CONTRADICTION"", ""OBSTACLE_CLEARANCE""]",ADVERSE,,,[],"[""Sustained containment and rejection back inside a stable range.""]","Reject: the family thesis requires range or compression, while expansion dominates. The immediately adjacent fresh obstacle further contradicts a clean reentry path.","The declared range-reentry thesis is contradicted by an expansion-dominant regime. A fresh opposing imbalance is only 0.0394R away, while the relevant historical analogue set is adverse.",2.8
,591813800_1788837043_120154281_1788864242_GOLD_27532,7,,MICRO_BREAKER_RETEST,,ABSTAIN,ABSTAIN,False,,[],MIXED,,,[],"[""Clear rejection and displacement away from the nearby opposing imbalance.""]","Breaker evidence and analogues are supportive, but the fresh obstacle is 0.0231R away and the only feasible target yields 0.9404R. Abstain because the plan may not survive execution.","The breaker-retest sequence is declared and the zone remains virgin, with supportive analogues. However, the fresh obstacle is nearly adjacent and the only feasible target offers sub-1R, so execution is not robust.",6.0
,591813800_1788837043_120154281_1788864846_GOLD_23491,3,,MICRO_FVG_MID_REVERSAL,,ABSTAIN,APPROVE,False,,[],MIXED,,,[],[],"Approve only the deterministic midpoint branch: sequence and FVG state are valid, costs are small, and keep_current is feasible. The fresh HTF obstacle and adverse priors justify reduced risk.","Complete micro FVG midpoint sequence is observed, with virgin valid FVG, strong displacement, structural stop, and feasible current target. Nearby HTF opposition and mixed history warrant reduced size.",7.8
,591813800_1788837043_120154281_1788864846_GOLD_23491,5,,MICRO_RANGE_REENTRY,,REJECT,REJECT,False,,"[""structural_thesis_contradiction"", ""near_obstacle_failure_risk""]",ADVERSE,,,[],[],"Reject because the setup thesis is structurally contradicted: expansion dominates the supplied regime, while the range-reentry family requires compression and containment. Target feasibility does not repair that conflict.","Reject: the range-reentry thesis requires compression and containment, but the supplied regime is expansion-dominant. The close opposing imbalance and adverse analogue/prior evidence reinforce the structural contradiction.",3.1
,591813800_1788837043_120154281_1788864846_GOLD_23491,7,,MICRO_BREAKER_RETEST,,REJECT,REJECT,False,,"[""missing_mandatory_family_evidence"", ""target_path_obstruction""]",SUPPORTIVE,,,"[""breaker formation"", ""clean retest""]","[""Independent breaker formation evidence"", ""Independent clean retest evidence""]","Reject because the breaker family contract requires formation and clean retest, yet the supplied structured evidence only identifies the taxonomy and a low retest-quality value without proving those mandatory events.","Reject: despite supportive breaker analogues and strong displacement, the mandatory breaker-formation and clean-retest sequence is not independently established by the supplied structured evidence.",4.2
,591813800_1788837043_120154281_1788864846_USDCHF_17086,0,,MICRO_BREAKER_RETEST,,ABSTAIN,ABSTAIN,False,,[],MIXED,,,[],"[""Stronger retest acceptance."", ""Clearer opposing-obstacle clearance.""]","Valid micro breaker thesis and tradable FVG, but retest quality is poor and the nearby fresh opposing imbalance makes post-entry continuation unclear. Abstain pending stronger confirmation.","The breaker and virgin FVG remain structurally valid, but weak retest quality, moderate alignment, and nearby opposing liquidity make follow-through too uncertain for capital.",5.2
,591813800_1788837043_120154281_1788864846_USDCHF_17086,1,,MICRO_RANGE_REENTRY,,REJECT,REJECT,False,,"[""THESIS_CONTRADICTED"", ""ADVERSE_HISTORY""]",ADVERSE,,,[],"[""Verified compression and containment."", ""Confirmed range rejection.""]","Reject: the candidate claims containment and reentry, while structured regime evidence is expansion-dominant. Historical analogues are also adverse, reinforcing the current structural contradiction.",The range-reentry thesis is contradicted by the expansion-dominant regime and adverse analogue outcomes. The setup should not be traded as containment or reentry.,2.8
,591813800_1788837043_120154281_1788864846_USDCHF_17086,6,,MICRO_NESTED_CONTINUATION,,ABSTAIN,ABSTAIN,False,,[],MIXED,,,[],"[""Clear continuation-context FVG."", ""Stronger parent-child alignment."", ""Confirmed expansion follow-through.""]","Expansion supports continuation, but the FVG is explicitly reversal-context and continuation score is weak. Parent-child alignment is unresolved, so the setup cannot be approved or rejected solely on numeric weakness.","Expansion supports continuation, but the supplied FVG is explicitly reversal-context and continuation quality is weak. The parent-child thesis is therefore unresolved rather than tradeable.",4.4
,591813800_1788837043_120154281_1788864847_GBPCAD_31084,1,,MICRO_NESTED_CONTINUATION,,REJECT,REJECT,False,,"[""ai_veto_structural_contradiction""]",MIXED,,,[],[],"Reject: the required sequence exists, but continuation is contradicted by reversal FVG labeling and low continuation quality; synthetic target crosses a nearby opposing obstacle.","The mandatory nested sequence is present, but the continuation thesis is contradicted by reversal FVG context and weak continuation evidence; the target also crosses a nearby obstacle.",4.8
,591813800_1788837043_120154281_1788864847_GBPCAD_31084,3,,MICRO_SESSION_REENTRY,,REJECT,REJECT,False,,"[""ai_veto_structural_contradiction""]",ADVERSE,,,[],[],"Reject: session reentry requires range or transition, while compression is low and expansion dominates. Same-family historical outcomes are adverse and target crosses an obstacle.","The session-reentry sequence is structurally supplied, but the setup thesis is contradicted by expansion-dominant conditions and adverse same-family analogues; this is not a contained reentry.",3.9
,591813800_1788837043_120154281_1788864847_GBPCAD_31084,4,,MICRO_FVG_MID_REVERSAL,,ABSTAIN,ABSTAIN,False,,[],ADVERSE,,,[],[],"Abstain: midpoint reversal evidence is coherent, but the only feasible target is a synthetic fallback crossing a nearby obstacle, while same-family historical outcomes are adverse.","The midpoint reversal thesis and mandatory evidence are supported, with a fresh virgin FVG and strong sequence. Abstain because the only feasible target crosses a nearby obstacle and history is adverse.",6.1
,591813800_1788837043_120154281_1788865450_GBPUSD_16219,0,,MICRO_BREAKER_RETEST,,ABSTAIN,ABSTAIN,False,,[],MIXED,,,[],"[""Cleaner retest response""]","Sequence and virgin FVG are valid, but weak retest quality and nearby opposing imbalance make post-entry behavior too uncertain for approval.","Breaker and FVG evidence are valid, but the supplied retest quality is weak and nearby opposing structure leaves execution follow-through uncertain.",5.8
,591813800_1788837043_120154281_1788865450_GBPUSD_16219,1,,MICRO_NESTED_CONTINUATION,,REJECT,REJECT,False,,"[""STRUCTURAL_THESIS_CONTRADICTION""]",ADVERSE,,,[],[],"Reject: the taxonomy requires continuation, while supplied structured fields identify a reversal FVG and continuation score zero.","The candidate claims nested continuation, but the deterministic FVG is reversal-classified with continuation score zero; the thesis is structurally contradicted.",3.2
,591813800_1788837043_120154281_1788865450_GBPUSD_16219,2,,MICRO_RANGE_REENTRY,,REJECT,REJECT,False,,"[""STRUCTURAL_THESIS_CONTRADICTION""]",ADVERSE,,,[],[],"Reject: range reentry requires containment, but the observed context is expansion-dominant with low compression and confirmed opposing structure.","The range-reentry thesis requires compression and containment, but the supplied regime is expansion-dominant with low compression and confirmed opposing structure.",2.9
,591813800_1788837043_120154281_1788865450_GOLD_4753,0,,MICRO_RANGE_REENTRY,,REJECT,REJECT,False,,"[""ai_veto_structural_contradiction""]",ADVERSE,,,[],[],"Reject: range reentry requires compression and containment, but expansion dominates; the opposing imbalance is extremely nearby and analogue outcomes are mostly stop-outs.","The required range sequence is present, but the range-reentry thesis is contradicted by expansion dominance and very poor obstacle clearance; historical outcomes are adverse.",2.5
,591813800_1788837043_120154281_1788865450_GOLD_4753,2,,MICRO_NESTED_CONTINUATION,,REJECT,REJECT,False,,"[""ai_veto_structural_contradiction""]",ADVERSE,,,[],[],"Reject: the nested continuation thesis requires established expansion and continuation evidence, but the supplied FVG is explicitly reversal-context with low continuation quality and adverse analogues.","Parent and entry evidence are present, but the continuation thesis is contradicted by reversal FVG semantics and weak continuation quality; historical continuation evidence is adverse.",3.5
,591813800_1788837043_120154281_1788865450_GOLD_4753,3,,MICRO_BREAKER_RETEST,,ABSTAIN,ABSTAIN,False,,[],MIXED,,,[],"[""Stronger clean retest quality""]","Abstain: breaker identity and retest sequence are supplied, but retest quality is weak, the fresh opposing imbalance is nearby, and deterministic net RR is only 0.9352.","Breaker-retest evidence is directionally coherent and structurally valid, but retest quality is weak, the obstacle is very close, and current net RR is below 1; abstain.",5.8
,591813800_1788837043_120154281_1788865450_USDCHF_9387,0,,MICRO_CONTINUATION_FVG,,REJECT,REJECT,False,,"[""family_branch_mismatch"", ""continuation_reversal_conflict""]",ADVERSE,,,[],[],"Reject for a direct family-branch and FVG-semantic contradiction, not for absent HTF BOS or an optional field.",Reject: the continuation thesis conflicts with the supplied reversal FVG and unsupported breaker_retest branch; historical analogues are adverse and the liquidity target is infeasible.,3.0
,591813800_1788837043_120154281_1788865450_USDCHF_9387,1,,MICRO_RANGE_REENTRY,,REJECT,REJECT,False,,"[""regime_contradiction"", ""missing_mandatory_sequence""]",ADVERSE,,,"[""range identity"", ""range excursion"", ""range reentry""]","[""Range identity"", ""Range excursion"", ""Range reentry""]",Reject because the claimed range-reentry mechanism is contradicted by expansion and continuation structure; required range events are not evidenced.,"Reject: expansion-dominant conditions and continuation BOS contradict the required range identity, excursion, and reentry sequence; historical evidence is adverse.",2.0
,591813800_1788837043_120154281_1788865450_USDCHF_9387,7,,MICRO_NESTED_CONTINUATION,,REJECT,REJECT,False,,"[""missing_mandatory_sequence"", ""continuation_reversal_conflict""]",ADVERSE,,,"[""parent context"", ""nested displacement"", ""nested entry""]","[""Parent context"", ""Nested displacement"", ""Nested entry""]",Reject because the nested continuation sequence is not explicitly evidenced and the FVG semantics conflict with continuation.,Reject: the nested continuation claim lacks explicit parent and nested sequence evidence and uses a reversal-classified FVG; historical outcomes are predominantly adverse.,3.5
,591813800_1788837043_120154281_1788866054_GBPCAD_12338,1,,MICRO_NESTED_CONTINUATION,,REJECT,REJECT,False,,"[""THESIS_CONTRADICTION""]",MIXED,,,[],[],"The required nested sequence is present, but the setup's own continuation thesis conflicts with fvg_continuation=false, reversal context, and continuation_score=3.8.","Reject: the nested-continuation thesis is contradicted by the supplied reversal FVG state and weak continuation score, despite otherwise strong sequence and alignment evidence.",3.5
,591813800_1788837043_120154281_1788866054_GBPCAD_12338,3,,MICRO_SESSION_REENTRY,,REJECT,REJECT,False,,"[""THESIS_CONTRADICTION"", ""ADVERSE_HISTORY""]",ADVERSE,,,[],[],"Required session sequence is declared, but the range-reentry thesis is not compatible with expansion-dominant conditions and the supplied reversal FVG state.","Reject: the session-reentry thesis is contradicted by an expansion-dominant regime and adverse analogue outcomes, while the target relies on a synthetic route across a fresh obstacle.",4.0
,591813800_1788837043_120154281_1788866054_GBPCAD_12338,4,,MICRO_FVG_MID_REVERSAL,,ABSTAIN,ABSTAIN,False,,"[""TARGET_PATH_UNCERTAIN"", ""ADVERSE_HISTORY""]",ADVERSE,,,[],[],"The midpoint FVG reversal thesis and required sequence are supported, but adverse analogues, low retest quality, and a synthetic target crossing a fresh obstacle make the plan execution-uncertain.","Abstain: the midpoint reversal thesis is structurally supported, but adverse same-family analogues and a synthetic target crossing a fresh obstacle leave execution outcome too uncertain.",5.5
,591813800_1788837043_120154281_1788866054_GOLD_19948,0,,MICRO_RANGE_REENTRY,,REJECT,REJECT,False,,"[""structural_contradiction""]",ADVERSE,,,[],[],"The required range sequence is reported, but expansion dominates compression, directly contradicting the range-reentry thesis; historical session evidence is also adverse.","Reject: mandatory range evidence is present, but the claimed range reentry conflicts with expansion-dominant conditions and weak same-family session history.",3.2
,591813800_1788837043_120154281_1788866054_GOLD_19948,2,,MICRO_NESTED_CONTINUATION,,REJECT,REJECT,False,,"[""structural_contradiction""]",ADVERSE,,,[],[],"Displacement and alignment are strong, but the continuation thesis is contradicted by fvg_continuation=false, fvg_reversal=true, and continuation_score=3.0.",Reject: the nested-continuation label is contradicted by reversal FVG context and weak continuation scoring despite strong displacement and alignment.,4.5
,591813800_1788837043_120154281_1788866054_GOLD_19948,3,,MICRO_BREAKER_RETEST,,REJECT,REJECT,False,,"[""missing_mandatory_evidence""]",SUPPORTIVE,,,"[""clean retest""]","[""clean retest""]","The breaker taxonomy is present, but the required clean retest is unresolved and retest quality is 1.1154; deterministic net RR is also below 1.0.","Reject: breaker identity is labelled, but the mandatory clean-retest evidence is unresolved and retest quality is poor; historical analogues do not cure the current evidence gap.",3.8
,591813800_1788837043_120154281_1788866054_USDCHF_18960,2,,MICRO_CONTINUATION_FVG,,REJECT,REJECT,False,,"[""branch_not_permitted"", ""thesis_contradiction""]",INSUFFICIENT_SAMPLE,,,[],[],"Reject: breaker_retest is outside the permitted continuation branches, while the supplied FVG is reversal-classified and continuation is false.","Reject: the candidate uses a non-permitted breaker-retest branch and the supplied FVG is explicitly reversal-classified, contradicting the continuation thesis.",3.0
,591813800_1788837043_120154281_1788866054_USDCHF_18960,3,,MICRO_RANGE_REENTRY,,REJECT,REJECT,False,,"[""regime_thesis_conflict""]",INSUFFICIENT_SAMPLE,,,[],[],"Reject: MICRO_RANGE_REENTRY requires range or compression, while expansion is dominant and the supplied structure is continuation-oriented.","Reject: the range-reentry thesis requires compression and containment, but the supplied regime is expansion-dominant and does not support a contained range reversal.",2.0
,591813800_1788837043_120154281_1788866054_USDCHF_18960,5,,MICRO_CONTINUATION_FVG,,REJECT,REJECT,False,,"[""thesis_contradiction""]",INSUFFICIENT_SAMPLE,,,[],[],"Reject: fvg_edge is permitted, but the supplied FVG is reversal-classified and continuation is false, contradicting the MICRO_CONTINUATION_FVG thesis.","Reject: although fvg_edge is permitted, the FVG is explicitly reversal-classified with continuation false, so the candidate's continuation thesis is contradicted.",3.5
,591813800_1788837043_120154281_1788866659_GBPUSD_32030,0,,MICRO_BREAKER_RETEST,,ABSTAIN,ABSTAIN,False,,[],INSUFFICIENT_SAMPLE,,,[],"[""Cleaner retest response""]","The breaker thesis is supported, but retest quality is only 2.1658 and the nearby moderate obstacle makes follow-through uncertain. Abstain rather than spend risk on a marginal entry.","Required breaker sequence is present and the FVG remains virgin, but retest quality is poor and opposing clearance is limited. Evidence does not justify capital deployment.",5.8
,591813800_1788837043_120154281_1788866659_GBPUSD_32030,1,,MICRO_NESTED_CONTINUATION,,REJECT,REJECT,False,,"[""structural_thesis_contradiction""]",INSUFFICIENT_SAMPLE,,,[],[],"Reject because the nested continuation thesis is structurally contradicted: the FVG is reversal, continuation is false, and continuation score is zero.","Reject: the candidate claims nested continuation, but the supplied state explicitly marks the FVG as reversal, non-continuation, with continuation score zero.",3.1
,591813800_1788837043_120154281_1788866659_GBPUSD_32030,2,,MICRO_RANGE_REENTRY,,REJECT,REJECT,False,,"[""structural_thesis_contradiction""]",INSUFFICIENT_SAMPLE,,,[],[],"Reject because range reentry requires compression and containment, but expansion dominates and the candidate supplies no supporting range-containment evidence.","Reject: range reentry requires compression and containment, while the supplied regime is expansion-dominant with low compression and no supporting continuation or containment evidence.",2.9
,591813800_1788837043_120154281_1788866659_GOLD_15920,0,,MICRO_RANGE_REENTRY,,REJECT,REJECT,False,,"[""REGIME_THESIS_CONFLICT""]",ADVERSE,,,[],[],"Reject: MICRO_RANGE_REENTRY requires compression and containment, but expansion_score is 0.824493 versus compression_score 0.175507; the thesis is structurally contradicted.","Reject: the required range sequence is present, but current expansion dominance contradicts a range-reentry thesis and historical evidence is adverse.",3.2
,591813800_1788837043_120154281_1788866659_GOLD_15920,2,,MICRO_NESTED_CONTINUATION,,REJECT,REJECT,False,,"[""THESIS_EVIDENCE_CONFLICT""]",ADVERSE,,,[],[],"Reject: MICRO_NESTED_CONTINUATION needs established expansion and continuation evidence, but fvg_continuation is false, fvg_reversal is true, and continuation_score is only 3.0.","Reject: expansion exists, but the supplied FVG is explicitly reversal-context and continuation quality is weak; the candidate thesis is internally inconsistent.",4.1
,591813800_1788837043_120154281_1788866659_GOLD_15920,3,,MICRO_BREAKER_RETEST,,ABSTAIN,ABSTAIN,False,,[],MIXED,,,[],[],"ABSTAIN: the breaker thesis is plausible and the zone is valid, but retest_quality_score is 1.105 and current net RR is only 0.9352 with mixed historical outcomes.","Abstain: breaker context and FVG remain valid, but weak retest quality, sub-1R current net RR, and mixed historical evidence do not support capital deployment.",5.6
,591813800_1788837043_120154281_1788866659_USDCHF_14366,2,,MICRO_CONTINUATION_FVG,,REJECT,REJECT,False,,"[""THESIS_CONTRADICTION"", ""ADVERSE_HISTORY""]",ADVERSE,,,[],[],Reject: continuation taxonomy is contradicted by the reversal FVG classification; weak retest and adverse continuation analogues further undermine follow-through.,"Reject: the deterministic continuation sequence is strong, but the candidate's own FVG is reversal-classified and not continuation-classified; historical analogues are adverse and the liquidity route is infeasible.",3.2
,591813800_1788837043_120154281_1788866659_USDCHF_14366,3,,MICRO_RANGE_REENTRY,,REJECT,REJECT,False,,"[""REGIME_CONTRADICTION"", ""THESIS_CONTRADICTION""]",ADVERSE,,,[],"[""Deterministic range identity and containment are not supplied in the observed fields.""]",Reject: the range-reentry thesis is directly contradicted by expansion-dominant regime data and continuation BOS structure; historical range outcomes are also adverse.,"Reject: range reentry is contradicted by expansion-dominant conditions and continuation BOS structure. The historical range sample is adverse, with no credible containment evidence.",1.8
,591813800_1788837043_120154281_1788866659_USDCHF_14366,5,,MICRO_CONTINUATION_FVG,,REJECT,REJECT,False,,"[""THESIS_CONTRADICTION"", ""ADVERSE_HISTORY""]",ADVERSE,,,[],[],"Reject: the edge-entry continuation thesis conflicts with reversal-classified FVG evidence; weak retest, adverse analogues, and blocked liquidity add material execution risk.",Reject: the edge entry relies on a reversal-classified FVG rather than the required continuation premise. Historical continuation outcomes are adverse and the liquidity target is infeasible.,3.0
,591813800_1788837043_120154281_1788867263_EURNZD_23210,0,,MICRO_CONTINUATION_FVG,,ABSTAIN,ABSTAIN,False,,[],INSUFFICIENT_SAMPLE,,,[],"[""Cleaner retest"", ""Stronger directional alignment""]","ABSTAIN: required micro sequence is observed, but retest quality and HTF alignment are weak, the target path meets a fresh major opposing imbalance, and available analogues cannot support this FX candidate.","Continuation displacement and virgin FVG are present, but retest quality is weak, HTF alignment is neutral, and the fresh opposing imbalance creates material path risk. Historical evidence is not asset-class applicable.",5.8
,591813800_1788837043_120154281_1788867263_EURNZD_23210,1,,MICRO_CONTINUATION_FVG,,ABSTAIN,ABSTAIN,False,,[],INSUFFICIENT_SAMPLE,,,[],"[""Cleaner retest"", ""Stronger directional alignment""]","ABSTAIN: displacement and FVG are valid, but mid-entry retest quality is weak, directional context is neutral, and a fresh major HTF imbalance obstructs the path. Historical analogues are insufficient for FX.","The virgin continuation FVG and displacement support the thesis, but the mid entry has weak retest quality, neutral HTF alignment, and a fresh opposing imbalance. Historical evidence is not applicable to this FX asset class.",5.5
,591813800_1788837043_120154281_1788867263_EURNZD_23210,2,,MICRO_CONTINUATION_FVG,,ABSTAIN,ABSTAIN,False,,[],INSUFFICIENT_SAMPLE,,,[],"[""Cleaner retest"", ""Stronger directional alignment""]","ABSTAIN: the edge entry has valid displacement and a virgin FVG, but weak retest quality, neutral HTF alignment, and a fresh major opposing imbalance leave follow-through unclear. Historical evidence is insufficient for FX.","The edge entry is supported by a virgin continuation FVG and strong displacement, but retest quality and HTF alignment are weak. A fresh opposing imbalance blocks the path and historical evidence is not FX-applicable.",5.2
,591813800_1788837043_120154281_1788867263_USDCHF_30943,0,,MICRO_NESTED_CONTINUATION,,ABSTAIN,ABSTAIN,False,,[],ADVERSE,,,[],"[""Clear continuation behavior after entry.""]","ABSTAIN: mandatory sequence is present, but reversal-class FVG and continuation score 1.2 conflict with the continuation thesis; historical evidence is adverse and cross-asset priors are unusable.","Sequence and FVG validity are strong, but the nested-continuation thesis conflicts with reversal classification and weak continuation evidence; historical outcomes are adverse and asset-class applicability is insufficient.",5.8
,591813800_1788837043_120154281_1788867263_USDCHF_30943,6,,MICRO_CONTINUATION_FVG,,REJECT,REJECT,False,,"[""branch_profile_mismatch"", ""thesis_contradiction""]",ADVERSE,,,"[""Continuation FVG entry""]","[""Valid permitted continuation-FVG branch.""]",REJECT: declared breaker_retest branch is outside the profile's permitted branches; reversal-class FVG and continuation score 1.2 contradict the continuation thesis.,"Reject: the candidate's breaker_retest branch is outside the declared permitted branches, and its reversal-class FVG contradicts the required continuation-FVG thesis despite strong displacement.",3.2
,591813800_1788837043_120154281_1788867263_USDCHF_30943,7,,MICRO_RANGE_REENTRY,,REJECT,REJECT,False,,"[""range_thesis_contradiction"", ""missing_mandatory_evidence""]",ADVERSE,,,"[""Range identity"", ""Range excursion"", ""Range reentry""]","[""Range identity and contained excursion."", ""Confirmed reentry into a valid range.""]","REJECT: range-reentry requires compression and containment, but the supplied regime is expansion-dominant and structure is continuation BOS; required range events are not evidenced.",Reject: the range-reentry thesis is directly contradicted by expansion-dominant regime data and continuation BOS structure; the required range sequence is not evidenced.,2.5
,591813800_1788837043_120154281_1788867867_GBPUSD_5059,0,,MICRO_BREAKER_RETEST,,ABSTAIN,ABSTAIN,False,,[],MIXED,,,[],"[""Stronger retest acceptance"", ""Clearer post-entry follow-through""]","ABSTAIN: the breaker sequence and virgin FVG are valid, but retest quality is only 2.461, HTF alignment is 4.1, and historical outcomes are mixed; the setup may not survive execution.","Breaker and source sequence are present, but retest quality is weak and HTF alignment is modest. Current target is feasible, yet execution survival and follow-through remain uncertain.",5.2
,591813800_1788837043_120154281_1788867867_GBPUSD_5059,1,,MICRO_NESTED_CONTINUATION,,REJECT,REJECT,False,,"[""thesis_contradiction"", ""continuation_not_supported""]",ADVERSE,,,[],"[""Confirmed continuation expansion""]","REJECT: MICRO_NESTED_CONTINUATION requires established expansion and continuation, but the FVG is reversal-oriented and continuation_score is 0.0; the thesis is structurally contradicted.","The candidate is labeled nested continuation, but the supplied FVG is explicitly reversal-oriented and continuation score is zero. This directly contradicts the family thesis.",2.8
,591813800_1788837043_120154281_1788867867_GBPUSD_5059,2,,MICRO_RANGE_REENTRY,,REJECT,REJECT,False,,"[""thesis_contradiction"", ""expansion_regime_conflict""]",ADVERSE,,,[],"[""Confirmed range containment""]","REJECT: MICRO_RANGE_REENTRY requires range compression and containment, while compression is 0.2093 and expansion is 0.7907. The prevailing regime directly contradicts the thesis.","Range reentry requires compression and containment, but the observed regime is expansion-dominant with low compression. This is an explicit thesis contradiction, reinforced by adverse historical outcomes.",1.9
,591813800_1788837043_120154281_1788867867_GOLD_6308,0,,MICRO_RANGE_REENTRY,,REJECT,REJECT,False,,"[""structural_contradiction"", ""poor_target_clearance""]",ADVERSE,,,[],[],"Reject: expansion dominance contradicts range containment, retest quality is weak, and the nearby opposing obstruction leaves poor clearance despite a valid deterministic sequence.","Reject: the required range sequence is present, but expansion dominance and weak retest quality materially contradict range containment. Historical results are adverse and target clearance is problematic.",2.5
,591813800_1788837043_120154281_1788867867_GOLD_6308,2,,MICRO_NESTED_CONTINUATION,,REJECT,REJECT,False,,"[""structural_contradiction"", ""weak_continuation""]",MIXED,,,[],[],"Reject: the candidate claims continuation, but its FVG is explicitly reversal-classified and continuation score is low. The target path is also obstructed and the historical sample is mixed-negative.","Reject: expansion is present, but the candidate's own FVG is reversal-classified and continuation score is low. This is a material thesis contradiction, not merely missing confirmation.",4.0
,591813800_1788837043_120154281_1788867867_GOLD_6308,3,,MICRO_BREAKER_RETEST,,ABSTAIN,APPROVE,False,,[],SUPPORTIVE,,,[],[],"Approve cautiously: breaker-retest thesis is supported by the declared structure, valid virgin zone, and supportive analogues. Current target is feasible, but modest retest quality and sub-1R net RR require reduced size.","Approve cautiously: breaker-retest evidence and historical analogues support the thesis, with valid structure and a feasible current target. Use reduced size because retest quality and net RR are modest.",6.0
,591813800_1788837043_120154281_1788867867_USDCHF_237,2,,MICRO_CONTINUATION_FVG,,REJECT,REJECT,False,,"[""THESIS_CONTRADICTION""]",INSUFFICIENT_SAMPLE,,,[],[],"Reject: continuation FVG thesis is contradicted by the supplied reversal classification, fvg_continuation=false, and continuation_score=1.2.","Reject: the declared continuation thesis conflicts with the reversal FVG classification and low continuation score, despite strong displacement and an otherwise feasible current target.",5.5
,591813800_1788837043_120154281_1788867867_USDCHF_237,3,,MICRO_RANGE_REENTRY,,REJECT,REJECT,False,,"[""MISSING_MANDATORY_EVIDENCE"", ""THESIS_CONTRADICTION""]",INSUFFICIENT_SAMPLE,,,"[""range identity"", ""range excursion"", ""range reentry""]","[""range identity"", ""range excursion"", ""range reentry""]",Reject: required range sequence is unresolved and the supplied expansion-dominant regime with continuation BOS contradicts range reentry.,Reject: the range-reentry claim lacks its required range sequence and is contradicted by expansion-dominant conditions and continuation structure.,3.5
,591813800_1788837043_120154281_1788867867_USDCHF_237,5,,MICRO_CONTINUATION_FVG,,REJECT,REJECT,False,,"[""THESIS_CONTRADICTION""]",INSUFFICIENT_SAMPLE,,,[],[],"Reject: continuation FVG thesis is contradicted by the supplied reversal classification, fvg_continuation=false, and continuation_score=1.2.","Reject: the edge-entry continuation thesis conflicts with the reversal FVG classification and weak continuation score, although displacement and the current target remain technically strong.",5.4
,591813800_1788837043_120154281_1788868471_EURNZD_30560,0,,MICRO_CONTINUATION_FVG,,ABSTAIN,ABSTAIN,False,,[],INSUFFICIENT_SAMPLE,,,[],"[""Clear trend confirmation"", ""Cleaner FVG retest""]","ABSTAIN: the required micro sequence is not explicitly contradicted, but trend context and structural confirmation are weak, retest quality is poor, and the fresh HTF obstacle makes follow-through uncertain.","Displacement and a virgin continuation FVG are present, but weak trend confirmation, poor retest quality, and a fresh HTF obstacle leave follow-through uncertain.",4.8
,591813800_1788837043_120154281_1788868471_EURNZD_30560,1,,MICRO_CONTINUATION_FVG,,ABSTAIN,ABSTAIN,False,,[],INSUFFICIENT_SAMPLE,,,[],"[""Clear trend confirmation"", ""Cleaner retest response""]","ABSTAIN: the virgin mid-FVG is tradable, but the weak structural sequence, low retest quality, and unmitigated HTF obstacle do not establish reliable continuation.","The mid-FVG entry is technically valid and fresh, but absent structural confirmation and the nearby unmitigated HTF obstacle make continuation unreliable.",4.6
,591813800_1788837043_120154281_1788868471_EURNZD_30560,2,,MICRO_CONTINUATION_FVG,,ABSTAIN,ABSTAIN,False,,[],INSUFFICIENT_SAMPLE,,,[],"[""Clear trend confirmation"", ""Cleaner edge reaction""]","ABSTAIN: the edge branch has a valid virgin FVG, but weak structural confirmation, low retest quality, and the fresh HTF obstacle leave post-entry continuation uncertain.","The edge entry preserves a virgin FVG, but limited trend confirmation, weak retest evidence, and a fresh HTF obstacle leave the continuation thesis unresolved.",4.3
,591813800_1788837043_120154281_1788868471_GOLD_6577,0,,MICRO_RANGE_REENTRY,,REJECT,REJECT,False,,"[""structural_contradiction"", ""poor_target_clearance""]",ADVERSE,,,[],[],"Reject: the range-reentry thesis requires compression and containment, while expansion dominates; the nearby opposing imbalance further undermines follow-through and clearance.","Reject: required range events are present, but expansion dominance contradicts range containment and the nearby opposing imbalance leaves an unsuitable path to target.",2.5
,591813800_1788837043_120154281_1788868471_GOLD_6577,2,,MICRO_NESTED_CONTINUATION,,ABSTAIN,ABSTAIN,False,,[],MIXED,,,[],"[""Clean continuation confirmation is not established.""]",Abstain: the continuation setup has strong displacement but weak continuation evidence; its FVG is marked reversal-oriented and the fresh opposing imbalance makes follow-through uncertain.,"Abstain: displacement and context are present, but the continuation thesis is not cleanly supported because the FVG is reversal-oriented, continuation score is low, and target path is obstructed.",4.5
,591813800_1788837043_120154281_1788868471_GOLD_6577,3,,MICRO_BREAKER_RETEST,,ABSTAIN,APPROVE,False,,[],SUPPORTIVE,,,[],[],"Approve cautiously: the declared breaker sequence, displacement, structural confirmation, virgin FVG, and feasible target are coherent; use reduced size because retest quality is weak and RR is modest.","Approve cautiously: breaker/retest sequence, displacement, structure, and FVG validity are supported; historical analogues are favorable, but weak retest quality and modest current RR require reduced exposure.",6.6
,591813800_1788837043_120154281_1788868471_USDCHF_13915,4,,MICRO_NESTED_CONTINUATION,,REJECT,REJECT,False,,"[""structural_thesis_contradiction"", ""adverse_historical_evidence""]",ADVERSE,,,[],[],"Reject: the required nested sequence is present, but the continuation thesis is structurally contradicted by reversal FVG classification and continuation score 1.2; historical outcomes are also adverse.",Reject: the nested continuation thesis is contradicted by reversal-classified FVG data and weak continuation scoring; historical analogues are adverse despite strong displacement.,3.0
,591813800_1788837043_120154281_1788868471_USDCHF_13915,6,,MICRO_SESSION_REENTRY,,REJECT,REJECT,False,,"[""structural_thesis_contradiction"", ""session_timing_risk""]",MIXED,,,[],[],Reject: the required session sequence is not enough because the setup thesis requires containment while the regime is expansion-dominant; timing is outside the liquidity killzone.,"Reject: session reentry requires containment, while the supplied regime is strongly expansion-dominant; the reversal-classified FVG and off-killzone timing further weaken the thesis.",2.5
,591813800_1788837043_120154281_1788868471_USDCHF_13915,7,,MICRO_CONTINUATION_FVG,,REJECT,REJECT,False,,"[""structural_thesis_contradiction"", ""adverse_historical_evidence""]",ADVERSE,,,[],[],"Reject: the required continuation sequence is present, but the selected FVG is reversal-classified and continuation score is only 1.2; historical outcomes are predominantly adverse.",Reject: the FVG-mid continuation thesis is contradicted by reversal classification and low continuation scoring; historical analogues are predominantly stop-outs.,3.0
,591813800_1788837043_120154281_1788869078_#USNDAQ100_745,0,,MICRO_BREAKER_RETEST,,ABSTAIN,ABSTAIN,False,,[],MIXED,,,[],[],"The breaker sequence is present and the FVG remains virgin, but retest quality is weak and the opposing imbalance is only 0.0224R away, leaving execution survival uncertain.","Sequence and virgin breaker evidence support the thesis, but weak retest quality and a nearby opposing imbalance make post-entry survival uncertain.",7.2
,591813800_1788837043_120154281_1788869078_#USNDAQ100_745,2,,MICRO_NESTED_CONTINUATION,,REJECT,REJECT,False,,"[""thesis_contradiction"", ""major_opposing_obstacle""]",ADVERSE,,,[],"[""Established expansion continuation""]","Reject: the continuation thesis is structurally contradicted by reversal context and zero continuation score, while a major opposing HTF imbalance sits almost at entry.","The candidate claims nested continuation, but supplied fields identify a reversal FVG, zero continuation score, and a major opposing HTF imbalance at entry.",4.1
,591813800_1788837043_120154281_1788869078_#USNDAQ100_745,5,,MICRO_FVG_MID_REVERSAL,,ABSTAIN,ABSTAIN,False,,[],MIXED,,,[],[],"The midpoint reversal is technically formed, but the major opposing HTF imbalance is only 0.0043R away and the feasible target path is therefore unstable.","The midpoint reversal thesis is supported by the virgin FVG and displacement, but the major opposing HTF imbalance is effectively at entry and destabilizes follow-through.",5.8
,591813800_1788837043_120154281_1788869078_EURUSD_19881,1,,MICRO_NESTED_CONTINUATION,,REJECT,REJECT,False,,"[""thesis_contradiction"", ""near_obstacle""]",MIXED,,,[],[],"The required sequence is present, but the continuation thesis is materially contradicted by reversal FVG context, zero continuation score, and near opposing obstruction.","Reject: the nested-continuation thesis is contradicted by reversal FVG context, zero continuation score, and an opposing imbalance only 0.04R away.",3.8
,591813800_1788837043_120154281_1788869078_EURUSD_19881,2,,MICRO_BREAKER_RETEST,,ABSTAIN,ABSTAIN,False,,[],SUPPORTIVE,,,[],"[""Cleaner retest confirmation""]","The breaker thesis is supported and the current target is feasible, but weak retest quality and moderate HTF alignment leave execution and follow-through uncertain.","Abstain: breaker identity and target are structurally usable, but weak retest quality and only moderate HTF alignment make post-entry follow-through uncertain.",5.8
,591813800_1788837043_120154281_1788869078_EURUSD_19881,5,,MICRO_FVG_MID_REVERSAL,,ABSTAIN,ABSTAIN,False,,[],ADVERSE,,,[],"[""Cleaner clearance from obstacle""]","The midpoint reversal thesis is supported by a virgin FVG and strong displacement, but adverse analogue evidence, moderate alignment, and a very near obstacle warrant abstention.","Abstain: midpoint reversal structure and displacement are valid, but adverse analogue evidence, weak alignment, and a 0.04R obstacle undermine execution confidence.",6.2
,591813800_1788837043_120154281_1788869078_GBPUSD_4975,3,,MICRO_FVG_MID_REVERSAL,,ABSTAIN,ABSTAIN,False,,[],ADVERSE,,,[],"[""Cleaner retest response"", ""Demonstrated continuation away from entry""]","Valid required sequence and tradable FVG, but adverse sole historical analogue, weak retest quality, and nearby opposing imbalance leave follow-through uncertain; abstain rather than size risk.","Sequence and virgin midpoint FVG are valid, but the sole analogue stopped out and retest quality is weak. Target is feasible, yet follow-through is not sufficiently demonstrated.",6.2
,591813800_1788837043_120154281_1788869078_GBPUSD_4975,5,,MICRO_SESSION_REENTRY,,REJECT,REJECT,False,,"[""structural_thesis_contradiction"", ""near_obstacle""]",MIXED,,,[],[],"Reject: the session-reentry thesis conflicts with expansion-dominant regime conditions, while a fresh opposing imbalance lies only 0.0275R away from entry.","The session-reentry thesis is contradicted by expansion-dominant conditions. The opposing imbalance is only 0.0275R away, making post-entry failure especially likely despite a feasible current target.",3.4
,591813800_1788837043_120154281_1788869078_GBPUSD_4975,6,,MICRO_CONTINUATION_FVG,,ABSTAIN,ABSTAIN,False,,[],ADVERSE,,,[],"[""Structure confirmation after displacement"", ""Evidence of sustained continuation""]","Fresh continuation FVG and strong displacement are present, but sequence quality is 2.8, continuation score is only 2.0, and historical analogues are predominantly stop-outs.","The continuation FVG is fresh and technically feasible, but sequence quality is only 2.8 and the analogue set is predominantly adverse. Abstain until structure confirms continuation.",4.1
,591813800_1788837043_120154281_1788869682_EURNZD_27949,0,,MICRO_CONTINUATION_FVG,,ABSTAIN,ABSTAIN,False,,[],INSUFFICIENT_SAMPLE,,,[],"[""Reliable structure confirmation or stronger retest response.""]","ABSTAIN: the required micro sequence is mostly present, but weak retest quality, only moderate HTF alignment, a fresh major obstacle, and insufficient applicable history make follow-through uncertain.","Valid virgin continuation FVG and displacement, but weak retest, moderate HTF alignment, missing structure confirmation, and insufficient applicable history leave execution and follow-through unresolved.",5.2
,591813800_1788837043_120154281_1788869682_EURNZD_27949,1,,MICRO_CONTINUATION_FVG,,ABSTAIN,ABSTAIN,False,,[],INSUFFICIENT_SAMPLE,,,[],"[""Reliable structure confirmation or stronger midpoint reaction.""]","ABSTAIN: the midpoint FVG is valid and displacement is strong, but weak retest quality, absent structure confirmation, moderate HTF alignment, and insufficient applicable history leave the trade materially uncertain.","Midpoint entry uses a valid virgin FVG with strong displacement, but weak retest, absent structure confirmation, moderate HTF alignment, and insufficient applicable history do not justify live risk.",5.0
,591813800_1788837043_120154281_1788869682_EURNZD_27949,2,,MICRO_CONTINUATION_FVG,,ABSTAIN,ABSTAIN,False,,[],INSUFFICIENT_SAMPLE,,,[],"[""Reliable structure confirmation or stronger edge reaction.""]","ABSTAIN: the edge FVG is fresh and displacement is strong, but weak retest quality, absent structure confirmation, moderate HTF alignment, outside-killzone timing, and insufficient applicable history weaken the entry.","The virgin edge FVG and displacement are valid, but edge timing, weak retest, absent structure confirmation, moderate HTF alignment, and insufficient applicable history make live follow-through unclear.",4.8
,591813800_1788837043_120154281_1788870287_#USNDAQ100_31711,0,,MICRO_BREAKER_RETEST,,ABSTAIN,ABSTAIN,False,,[],MIXED,,,[],[],"Valid breaker sequence and feasible current target are offset by weak retest quality, mixed analogues, and a fresh obstacle only 0.0224R away; execution survival is not sufficiently clear.","The breaker thesis is supported by ordered source events, virgin structure, and feasible current targeting, but weak retest quality and a nearby opposing imbalance make execution uncertain.",6.4
,591813800_1788837043_120154281_1788870287_#USNDAQ100_31711,1,,MICRO_SESSION_REENTRY,,REJECT,REJECT,False,,"[""structural_thesis_contradiction""]",MIXED,,,[],[],"Reject: the declared session-reentry thesis conflicts with zero compression and expansion-dominant market conditions; this is a structural contradiction, not merely weak evidence.",The session-reentry thesis is structurally contradicted by zero compression and expansion-dominant conditions; the supplied state does not demonstrate containment required for this family.,3.2
,591813800_1788837043_120154281_1788870287_#USNDAQ100_31711,2,,MICRO_NESTED_CONTINUATION,,REJECT,REJECT,False,,"[""structural_thesis_contradiction"", ""target_arbitration_incoherent""]",ADVERSE,,,[],[],"Reject: this is labeled nested continuation, but the FVG is reversal-context with zero continuation score and a major opposing HTF imbalance immediately adjacent to entry.","The nested continuation thesis is contradicted by reversal-context FVG data, zero continuation score, and a major opposing HTF imbalance immediately adjacent to entry.",2.9
,591813800_1788837043_120154281_1788870287_EURUSD_9540,0,,MICRO_OTE_REVERSAL,,ABSTAIN,APPROVE,False,,[],MIXED,,,[],[],"Sequence, displacement, virgin FVG, and structural stop are supportive. Weak retest quality and the blocked liquidity route reduce confidence, but the current feasible target remains viable.","The OTE reversal sequence and virgin FVG are valid and ordered. Retest quality is weak, but current feasible target preserves acceptable net RR; approve only with conservative sizing.",7.1
,591813800_1788837043_120154281_1788870287_EURUSD_9540,1,,MICRO_NESTED_CONTINUATION,,REJECT,REJECT,False,,"[""thesis_contradicted"", ""no_continuation_evidence""]",ADVERSE,,,[],[],"The required nested fields are present, but the candidate's continuation thesis is contradicted by explicit reversal context and zero continuation score; this is not merely weak evidence.","The candidate claims nested continuation, but the supplied FVG is explicitly reversal-context and continuation score is zero. Historical analogues are adverse and the thesis is materially contradicted.",3.8
,591813800_1788837043_120154281_1788870287_EURUSD_9540,2,,MICRO_BREAKER_RETEST,,ABSTAIN,ABSTAIN,False,,[],SUPPORTIVE,,,[],"[""Clear clean breaker hold""]","Breaker identity and sequence are supplied, but retest quality is weak and the structured fields do not clearly establish a clean breaker hold. Supportive history cannot resolve current execution uncertainty.","The breaker retest thesis is plausible and historical evidence is supportive, but the supplied breaker-specific retest quality is weak and confirmation is not sufficiently clear for capital deployment.",5.9
,591813800_1788837043_120154281_1788870287_GBPUSD_17364,3,,MICRO_FVG_MID_REVERSAL,,ABSTAIN,ABSTAIN,False,,[],ADVERSE,,,[],"[""Sustained post-entry follow-through""]","Valid reversal sequence and tradable midpoint FVG, but adverse historical evidence, weak retest quality, and nearby opposing imbalance leave follow-through unresolved.","The reversal sequence and virgin midpoint FVG are valid, but the sole analogue stopped out and weak retest plus an opposing imbalance make execution outcome uncertain.",6.2
,591813800_1788837043_120154281_1788870287_GBPUSD_17364,5,,MICRO_SESSION_REENTRY,,REJECT,REJECT,False,,"[""STRUCTURAL_CONTRADICTION""]",MIXED,,,[],[],"Reject: the range/session reentry thesis conflicts with expansion-dominant conditions, while the opposing imbalance is nearly at entry and the local capped route fails minimum RR.","The session-reentry thesis requires containment, but the supplied regime is expansion-dominant and the obstacle is nearly at entry; the feasible target remains exposed to poor local structure.",3.1
,591813800_1788837043_120154281_1788870287_GBPUSD_17364,6,,MICRO_CONTINUATION_FVG,,ABSTAIN,ABSTAIN,False,,[],ADVERSE,,,[],"[""Trend continuation confirmation"", ""Post-entry follow-through""]","The continuation FVG is technically fresh, but continuation context is weak, sequence quality is only 3.3, and historical outcomes are predominantly stops; this is unresolved rather than a hard structural veto.","The continuation FVG is fresh and displacement is strong, but trend confirmation and sequence quality are weak; adverse analogues and blocked liquidity leave follow-through unresolved.",4.2
,591813800_1788837043_120154281_1788870892_#USSPX500_27430,0,,FAILED_BREAKOUT_RECLAIM,,REJECT,REJECT,False,,"[""missing_entry_confirmation""]",INSUFFICIENT_SAMPLE,,,"[""entry confirmation""]","[""entry confirmation""]","Mandatory entry confirmation is not evidenced. Displacement exists, but source BOS is zero and the deterministic state identifies missing structure confirmation.",Reject: the failed-breakout thesis lacks mandatory entry confirmation and the deterministic sequence explicitly remains structurally unconfirmed.,3.2
,591813800_1788837043_120154281_1788870892_#USSPX500_27430,1,,FAILED_BREAKOUT_RECLAIM,,REJECT,REJECT,False,,"[""missing_entry_confirmation""]",INSUFFICIENT_SAMPLE,,,"[""entry confirmation""]","[""entry confirmation""]","The virgin FVG is tradable, but the family-required entry confirmation is absent. Source BOS is zero and the deterministic sequence remains unconfirmed.","Reject: the FVG-mid entry has no mandatory entry confirmation, while the deterministic state explicitly identifies missing structure confirmation.",3.3
,591813800_1788837043_120154281_1788870892_#USSPX500_27430,2,,FAILED_BREAKOUT_RECLAIM,,REJECT,REJECT,False,,"[""missing_entry_confirmation""]",INSUFFICIENT_SAMPLE,,,"[""entry confirmation""]","[""entry confirmation""]",The edge entry is technically valid but lacks the family-required entry confirmation. Source BOS is zero and the deterministic state remains structurally unconfirmed.,Reject: the FVG-edge entry lacks mandatory entry confirmation and the deterministic sequence explicitly remains structurally unconfirmed.,3.1
,591813800_1788837043_120154281_1788870892_EURNZD_6947,0,,MICRO_CONTINUATION_FVG,,ABSTAIN,ABSTAIN,False,,[],INSUFFICIENT_SAMPLE,,,[],"[""Clear directional trend context"", ""Cleaner continuation retest""]","ABSTAIN: mandatory displacement and FVG evidence exist, but trend context and retest quality are not sufficiently resolved; historical applicability is insufficient and the target path is obstructed.","Virgin continuation FVG and strong displacement are present, but neutral trend context, weak retest quality, missing structure confirmation, and target obstruction make follow-through uncertain.",5.2
,591813800_1788837043_120154281_1788870892_EURNZD_6947,1,,MICRO_CONTINUATION_FVG,,ABSTAIN,ABSTAIN,False,,[],INSUFFICIENT_SAMPLE,,,[],"[""Clear directional trend context"", ""Cleaner continuation retest""]","ABSTAIN: the fresh mid-FVG and displacement are valid, but trend direction, retest quality, structure confirmation, and historical applicability do not support a reliable execution decision.","Mid-FVG entry is fresh and supported by strong displacement, but neutral trend context, weak retest quality, incomplete structure confirmation, and an opposing imbalance argue against committing capital.",5.0
,591813800_1788837043_120154281_1788870892_EURNZD_6947,2,,MICRO_CONTINUATION_FVG,,ABSTAIN,ABSTAIN,False,,[],INSUFFICIENT_SAMPLE,,,[],"[""Clear directional trend context"", ""Cleaner continuation retest""]","ABSTAIN: edge entry is technically fresh, but trend context and retest quality remain weak, structure confirmation is unresolved, and the feasible liquidity route faces a moderate obstacle.","Edge entry preserves a virgin continuation FVG, but the neutral trend context, weak retest quality, incomplete structure confirmation, and obstructed target leave follow-through too uncertain.",4.8
,591813800_1788837043_120154281_1788871496_EURUSD_3616,0,,MICRO_OTE_REVERSAL,,ABSTAIN,ABSTAIN,False,,[],MIXED,,,[],"[""Confirmed OTE mitigation and reaction.""]","The reversal sequence is strong and the FVG remains valid, but PO3_ENTRY_WAITING, untouched mitigation, and a fresh opposing imbalance make current execution timing unclear.","Sequence and virgin OTE/FVG support the reversal thesis, but entry remains waiting and target arbitration is obstacle-sensitive; abstain until execution timing is confirmed.",6.4
,591813800_1788837043_120154281_1788871496_EURUSD_3616,1,,MICRO_NESTED_CONTINUATION,,REJECT,REJECT,False,,"[""THESIS_CONTRADICTION"", ""CONTINUATION_UNSUPPORTED""]",ADVERSE,,,[],"[""Demonstrated continuation regime and parent-child alignment.""]",The declared continuation thesis is contradicted by reversal classification and zero continuation score; strong displacement alone does not establish continuation.,"Reject: the candidate claims nested continuation, but its supplied FVG is reversal-classified with zero continuation score; historical continuation outcomes are predominantly adverse.",2.8
,591813800_1788837043_120154281_1788871496_EURUSD_3616,2,,MICRO_BREAKER_RETEST,,REJECT,REJECT,False,,"[""MANDATORY_EVIDENCE_MISSING"", ""RETEST_UNRESOLVED""]",SUPPORTIVE,,,"[""breaker formation"", ""clean retest""]","[""Confirmed breaker formation."", ""Clean retest with polarity hold.""]",Supportive historical breaker outcomes cannot replace mandatory current formation and clean-retest evidence; the supplied retest quality is weak and the sequence is unresolved.,"Reject: historical breaker outcomes are supportive, but the mandatory breaker-formation and clean-retest sequence is not explicitly established in the supplied structured evidence.",4.1
,591813800_1788837043_120154281_1788872101_#Germany40_16241,0,,FAILED_BREAKOUT_RECLAIM,,REJECT,REJECT,False,,"[""missing_mandatory_evidence"", ""structural_contradiction""]",INSUFFICIENT_SAMPLE,,,"[""breakout"", ""failure"", ""reclaim"", ""entry confirmation""]","[""breakout"", ""failure"", ""reclaim"", ""entry confirmation""]","Reject: mandatory family sequence evidence is absent or unresolved, and the fresh major HTF opposing imbalance is too close for a reliable range re-entry.","Reject: the required breakout-failure-reclaim-entry sequence is unresolved, while a fresh major HTF obstacle sits only 0.1598R away.",2.5
,591813800_1788837043_120154281_1788872101_#Germany40_16241,1,,FAILED_BREAKOUT_RECLAIM,,REJECT,REJECT,False,,"[""missing_mandatory_evidence"", ""structural_contradiction""]",INSUFFICIENT_SAMPLE,,,"[""breakout"", ""failure"", ""reclaim"", ""entry confirmation""]","[""breakout"", ""failure"", ""reclaim"", ""entry confirmation""]","Reject: the virgin FVG is tradable, but the mandatory failed-breakout-reclaim sequence is not established and the nearby HTF obstacle materially impairs follow-through.",Reject: the required sequence is unresolved despite a virgin FVG; a fresh major HTF opposing imbalance remains immediately overhead.,2.7
,591813800_1788837043_120154281_1788872101_#Germany40_16241,2,,FAILED_BREAKOUT_RECLAIM,,REJECT,REJECT,False,,"[""missing_mandatory_evidence"", ""structural_contradiction""]",INSUFFICIENT_SAMPLE,,,"[""breakout"", ""failure"", ""reclaim"", ""entry confirmation""]","[""breakout"", ""failure"", ""reclaim"", ""entry confirmation""]","Reject: the edge entry has no confirmed reaction, the mandatory family sequence is unresolved, and the nearby major HTF obstacle undermines the target path.",Reject: the required sequence and edge reaction are unresolved; the fresh major HTF obstacle is only 0.1598R away.,2.4
,591813800_1788837043_120154281_1788872101_#USSPX500_1614,0,,FAILED_BREAKOUT_RECLAIM,,REJECT,REJECT,False,,"[""MISSING_ENTRY_CONFIRMATION"", ""MISSING_STRUCTURE_CONFIRMATION""]",INSUFFICIENT_SAMPLE,,,"[""entry confirmation""]","[""entry confirmation"", ""structure confirmation""]","The family requires breakout, failure, reclaim, and entry confirmation. Only displacement and a failed-breakout label are supplied; entry confirmation and structure confirmation remain absent.","Reject: displacement is present, but the required failed-breakout-reclaim sequence lacks deterministic entry confirmation and the target path faces a fresh opposing imbalance.",3.0
,591813800_1788837043_120154281_1788872101_#USSPX500_1614,1,,FAILED_BREAKOUT_RECLAIM,,REJECT,REJECT,False,,"[""MISSING_ENTRY_CONFIRMATION"", ""MISSING_STRUCTURE_CONFIRMATION""]",INSUFFICIENT_SAMPLE,,,"[""entry confirmation""]","[""entry confirmation"", ""structure confirmation""]","The family requires breakout, failure, reclaim, and entry confirmation. Displacement and a virgin FVG are present, but entry confirmation and structure confirmation are not supplied.","Reject: the virgin FVG is tradable, but the failed-breakout-reclaim thesis lacks entry confirmation and deterministic structure confirmation despite strong displacement.",3.2
,591813800_1788837043_120154281_1788872101_#USSPX500_1614,2,,FAILED_BREAKOUT_RECLAIM,,REJECT,REJECT,False,,"[""MISSING_ENTRY_CONFIRMATION"", ""MISSING_STRUCTURE_CONFIRMATION""]",INSUFFICIENT_SAMPLE,,,"[""entry confirmation""]","[""entry confirmation"", ""structure confirmation""]","The family requires breakout, failure, reclaim, and entry confirmation. The edge FVG remains valid, but entry confirmation and structure confirmation are absent.","Reject: the edge entry is not invalidated, but the failed-breakout-reclaim thesis lacks entry confirmation and deterministic structure confirmation.",3.0
,591813800_1788837043_120154281_1788872706_#USSPX500_16854,0,,MICRO_BREAKER_RETEST,,REJECT,REJECT,False,,"[""weak_breaker_origin"", ""weak_retest_quality""]",MIXED,,,[],[],"Reject: the required sequence is observed, but zero breaker origin quality and weak retest quality materially undermine the claimed breaker hold.","The sequence and virgin FVG are present, but the breaker identity has no origin quality and the retest is weak; this is not sufficiently robust for capital.",4.8
,591813800_1788837043_120154281_1788872706_#USSPX500_16854,1,,MICRO_RANGE_REENTRY,,REJECT,REJECT,False,,"[""range_thesis_contradicted"", ""expansion_regime""]",MIXED,,,[],[],Reject: range reentry is directly contradicted by zero compression and expansion-dominant market regime evidence.,The supplied range-reentry thesis is contradicted by an expansion-dominant regime with zero compression; the valid FVG and target do not repair that structural mismatch.,2.2
,591813800_1788837043_120154281_1788872706_#USSPX500_16854,2,,FAILED_BREAKOUT_RECLAIM,,REJECT,REJECT,False,,"[""missing_reclaim"", ""missing_entry_confirmation"", ""missing_structure_confirmation""]",INSUFFICIENT_SAMPLE,,,"[""reclaim"", ""entry confirmation""]","[""reclaim"", ""entry confirmation""]","Reject: the required failed-breakout sequence is incomplete, with no confirmed reclaim or entry confirmation and an explicit missing-structure state.",The failed-breakout-reclaim candidate lacks confirmed reclaim and entry confirmation; the deterministic state explicitly reports missing structure confirmation.,2.8
,591813800_1788837043_120154281_1788872706_EURNZD_18826,0,,MICRO_CONTINUATION_FVG,,ABSTAIN,ABSTAIN,False,,[],INSUFFICIENT_SAMPLE,,,[],"[""Cleaner continuation retest"", ""Structure confirmation""]","ABSTAIN: the required micro sequence is largely present, but unresolved structure confirmation and weak retest quality leave follow-through uncertain; historical evidence is insufficient for this asset class.","Valid virgin continuation FVG and displacement are present, but structure confirmation and retest quality are weak; target is obstacle-exposed and applicable historical evidence is insufficient.",5.8
,591813800_1788837043_120154281_1788872706_EURNZD_18826,1,,MICRO_CONTINUATION_FVG,,ABSTAIN,ABSTAIN,False,,[],INSUFFICIENT_SAMPLE,,,[],"[""Cleaner continuation retest"", ""Structure confirmation""]","ABSTAIN: mid-gap entry improves location, but the micro continuation lacks confirmed structure and has weak retest quality; applicable historical evidence and asset-class priors are insufficient.","Mid-FVG entry is technically valid with strong displacement and a virgin gap, but unresolved structure confirmation, weak retest quality, and obstacle exposure make execution uncertain.",5.6
,591813800_1788837043_120154281_1788872706_EURNZD_18826,2,,MICRO_CONTINUATION_FVG,,ABSTAIN,ABSTAIN,False,,[],INSUFFICIENT_SAMPLE,,,[],"[""Cleaner continuation retest"", ""Structure confirmation""]","ABSTAIN: the edge entry is valid but has the weakest timing margin; structure confirmation and retest quality remain unresolved, while applicable history and asset-class priors are insufficient.","The edge entry uses a valid virgin continuation FVG, but provides the weakest timing margin, unresolved structure confirmation, weak retest quality, and obstacle-exposed target.",5.2
,591813800_1788837043_120154281_1788872706_EURUSD_16880,0,,MICRO_OTE_REVERSAL,,ABSTAIN,APPROVE,False,,[],MIXED,,,[],[],"Approve only the deterministic current target: reversal sequence and virgin OTE FVG are valid, execution cost is small, and current TP2 is feasible despite weak retest quality.","Bearish OTE reversal is supported by ordered sweep, displacement, BOS, and a fresh untouched FVG. Current feasible target is usable, while historical analogues are mixed and retest quality is weak.",7.4
,591813800_1788837043_120154281_1788872706_EURUSD_16880,1,,MICRO_NESTED_CONTINUATION,,REJECT,REJECT,False,,"[""THESIS_CONTRADICTION""]",ADVERSE,,,[],[],"Reject because the setup thesis is continuation, but structured evidence identifies reversal context and zero continuation score; the historical continuation sample is also adverse.","Reject: the candidate claims nested continuation but the supplied state identifies a reversal FVG, zero continuation score, and adverse continuation analogues. This is a direct thesis contradiction.",2.8
,591813800_1788837043_120154281_1788872706_EURUSD_16880,2,,MICRO_BREAKER_RETEST,,ABSTAIN,ABSTAIN,False,,[],SUPPORTIVE,,,[],"[""Cleaner breaker retest response""]","Abstain: breaker identity and sequence are directionally coherent, but retest quality is weak and the evidence does not establish a sufficiently clean breaker hold for live capital.","The breaker-retest thesis is directionally supported and historical analogues are favorable, but the supplied retest quality is weak and breaker-specific confirmation is insufficient for a capital approval.",5.4
,591813800_1788837043_120154281_1788872706_GBPUSD_26944,3,,MICRO_FVG_MID_REVERSAL,,ABSTAIN,ABSTAIN,False,,[],INSUFFICIENT_SAMPLE,,,[],[],"Valid reversal sequence and feasible current target, but historical evidence is not asset-class applicable and retest quality is weak. Abstain rather than infer edge.","The midpoint reversal sequence and virgin FVG are valid, but weak retest quality, modest HTF alignment, nearby obstruction, and unusable cross-asset history prevent a capital allocation decision.",6.2
,591813800_1788837043_120154281_1788872706_GBPUSD_26944,5,,MICRO_SESSION_REENTRY,,REJECT,REJECT,False,,"[""STRUCTURAL_THESIS_CONTRADICTION""]",MIXED,,,[],[],"Reject: the session-reentry thesis is structurally contradicted by expansion dominance, with only 0.0275R obstacle clearance and mixed historical outcomes.","The session-reentry thesis conflicts with the expansion-dominant regime, while the opposing obstacle is extremely near entry. The feasible current target does not repair the structural thesis conflict.",2.4
,591813800_1788837043_120154281_1788872706_GBPUSD_26944,6,,MICRO_CONTINUATION_FVG,,REJECT,REJECT,False,,"[""MISSING_MANDATORY_EVIDENCE"", ""SEQUENCE_CONTRADICTION""]",ADVERSE,,,"[""trend context""]","[""Structure confirmation for continuation thesis.""]","Reject: continuation displacement exists, but required trend context and structure confirmation are unresolved; deterministic state explicitly reports missing confirmation.","Displacement and a virgin continuation FVG are present, but the deterministic state explicitly says structure confirmation is missing. The adverse analogue sample reinforces rejection.",3.5
,591813800_1788837043_120154281_1788873312_#USSPX500_20742,0,,MICRO_BREAKER_RETEST,,ABSTAIN,ABSTAIN,False,,[],MIXED,,,[],"[""Cleaner retest reaction"", ""Stronger origin evidence""]","Required breaker sequence is observed, but the weak retest and zero origin quality leave entry durability unresolved; abstention is preferable to spending risk.","Breaker and virgin FVG evidence are present, but retest quality is very weak, origin quality is zero, and a nearby opposing imbalance makes follow-through uncertain.",6.0
,591813800_1788837043_120154281_1788873312_#USSPX500_20742,1,,MICRO_RANGE_REENTRY,,REJECT,REJECT,False,,"[""structural_contradiction""]",MIXED,,,[],"[""Demonstrated range compression""]","Reject: the setup requires compression and containment, while structured regime fields show zero compression and active expansion. This is a thesis-level contradiction.","The required range sequence is asserted, but the observed regime is expansion-dominant with zero compression; that directly contradicts a range-reentry thesis.",3.1
,591813800_1788837043_120154281_1788873312_#USSPX500_20742,4,,FAILED_BREAKOUT_RECLAIM,,REJECT,REJECT,False,,"[""missing_mandatory_evidence"", ""sequence_contradiction""]",INSUFFICIENT_SAMPLE,,,"[""breakout"", ""failure"", ""reclaim"", ""entry confirmation""]","[""Breakout failure evidence"", ""Reclaim confirmation"", ""Entry structure confirmation""]","Reject: the family requires breakout, failure, reclaim, and entry confirmation, but source BOS is zero and the deterministic state says structure confirmation is missing.",The failed-breakout thesis lacks the mandatory breakout-failure-reclaim-entry sequence; source BOS is zero and the deterministic state explicitly reports missing structure confirmation.,2.4
,591813800_1788837043_120154281_1788873312_EURNZD_26011,0,,MICRO_CONTINUATION_FVG,,ABSTAIN,ABSTAIN,False,,[],INSUFFICIENT_SAMPLE,,,[],"[""Clear trend continuation confirmation""]","Displacement and a fresh FVG support the thesis, but sequence quality is low, retest quality is weak, and the path is obstructed. Evidence is mixed, so abstain.","Virgin continuation FVG and strong displacement are present, but neutral higher-timeframe context, weak retest quality, and an opposing imbalance make follow-through uncertain.",5.8
,591813800_1788837043_120154281_1788873312_EURNZD_26011,1,,MICRO_CONTINUATION_FVG,,ABSTAIN,ABSTAIN,False,,[],INSUFFICIENT_SAMPLE,,,[],"[""Clear trend continuation confirmation""]","The midpoint offers better entry location and RR, while displacement and FVG freshness support the thesis. However, weak retest quality, low sequence quality, and obstacle risk keep evidence mixed.","Midpoint entry improves location and reward, but weak retest quality, neutral context, absent structure confirmation, and a fresh opposing imbalance leave execution uncertain.",6.0
,591813800_1788837043_120154281_1788873312_EURNZD_26011,2,,MICRO_CONTINUATION_FVG,,ABSTAIN,ABSTAIN,False,,[],INSUFFICIENT_SAMPLE,,,[],"[""Clear trend continuation confirmation""]","Fresh FVG and strong displacement support continuation, but the edge entry has less margin, retest quality is weak, and the path is obstructed. Mixed evidence warrants abstention.","Displacement and a virgin FVG support continuation, but edge entry offers less margin against weak retest quality, neutral context, and a fresh opposing imbalance.",5.5
,591813800_1788837043_120154281_1788873312_GBPUSD_11030,1,,MICRO_NESTED_CONTINUATION,,REJECT,REJECT,False,,"[""STRUCTURAL_CONTRADICTION""]",ADVERSE,,,[],[],"Reject: candidate thesis conflicts with its supplied FVG context and continuation score; this is a direct structural contradiction, not merely weak evidence.",Reject: the nested continuation thesis is contradicted by reversal-context FVG data and a zero continuation score; historical analogues are predominantly adverse.,3.5
,591813800_1788837043_120154281_1788873312_GBPUSD_11030,3,,MICRO_FVG_MID_REVERSAL,,ABSTAIN,ABSTAIN,False,,[],MIXED,,,[],"[""Stronger retest quality."", ""Clearer higher-timeframe alignment.""]","Abstain: the reversal structure is credible, but weak retest quality, moderate alignment, nearby obstruction, and mixed historical outcomes make follow-through uncertain.","Abstain: the midpoint reversal thesis is supported by a fresh virgin FVG and strong displacement, but weak retest quality, modest alignment, and mixed history reduce execution confidence.",6.2
,591813800_1788837043_120154281_1788873312_GBPUSD_11030,5,,MICRO_SESSION_REENTRY,,REJECT,REJECT,False,,"[""MISSING_MANDATORY_EVIDENCE""]",MIXED,,,"[""session range identity"", ""session excursion"", ""session reentry""]","[""Session range identity."", ""Session excursion."", ""Session reentry confirmation.""]","Reject: the session-reentry family requires three named session events, but the payload supplies no explicit observed evidence for that mandatory sequence.","Reject: the session-reentry taxonomy lacks explicit evidence for its mandatory range identity, excursion, and reentry sequence; the available fields do not establish that thesis.",2.4
,591813800_1788837043_120154281_1788873917_EURUSD_14162,0,,MICRO_OTE_REVERSAL,,ABSTAIN,ABSTAIN,False,,[],MIXED,,,[],"[""Cleaner OTE reaction""]","Valid OTE reversal structure, but retest quality is only 2.51 and historical outcomes are mixed; the feasible target remains exposed to an opposing imbalance.","The OTE reversal sequence and virgin FVG are valid, but weak retest quality, mixed analogues, limited HTF alignment, and target obstruction leave execution follow-through uncertain.",6.8
,591813800_1788837043_120154281_1788873917_EURUSD_14162,1,,MICRO_NESTED_CONTINUATION,,REJECT,REJECT,False,,"[""THESIS_CONTRADICTION"", ""ADVERSE_HISTORY""]",ADVERSE,,,[],"[""Established expansion continuation""]",Reject: the declared continuation thesis is structurally contradicted by reversal-context fields and zero continuation evidence; historical continuation outcomes are also adverse.,"The candidate is labeled continuation, but the supplied state is explicitly reversal-oriented: continuation is false, continuation score is zero, and the continuation analogue sample is adverse.",2.4
,591813800_1788837043_120154281_1788873917_EURUSD_14162,2,,MICRO_BREAKER_RETEST,,ABSTAIN,APPROVE,False,,[],SUPPORTIVE,,,[],[],"Approve cautiously: breaker-retest structure, virgin state, strong displacement, feasible 1.90R current target, and supportive analogues outweigh modest retest quality and moderate obstacle risk.","The breaker-retest thesis is supported by the declared breaker branch, clean virgin state, strong displacement, valid structure, supportive same-taxonomy analogues, and feasible current target.",7.2
,591813800_1788837043_120154281_1788874522_#USSPX500_23920,0,,MICRO_BREAKER_RETEST,,ABSTAIN,ABSTAIN,False,,[],MIXED,,,[],"[""Cleaner retest response.""]","The breaker thesis is structurally plausible and the FVG remains virgin, but weak retest quality, moderate obstruction, and execution cost leave post-entry behavior unresolved.","Valid virgin breaker and FVG context are present, but retest quality is weak and a nearby opposing imbalance makes follow-through uncertain. Abstain rather than approve marginal execution.",5.8
,591813800_1788837043_120154281_1788874522_#USSPX500_23920,1,,MICRO_RANGE_REENTRY,,REJECT,REJECT,False,,"[""STRUCTURAL_THESIS_CONTRADICTION""]",MIXED,,,[],[],The candidate's own range-reentry thesis requires compression and containment; supplied regime fields instead show zero compression and active expansion. This is a structural thesis contradiction.,"The range-reentry thesis is contradicted by expansion-dominant conditions with zero compression. A feasible target cannot repair the central regime conflict, so reject.",3.2
,591813800_1788837043_120154281_1788874522_#USSPX500_23920,3,,FAILED_BREAKOUT_RECLAIM,,REJECT,REJECT,False,,"[""MISSING_MANDATORY_SEQUENCE"", ""MISSING_STRUCTURE_CONFIRMATION""]",INSUFFICIENT_SAMPLE,,,"[""failure"", ""reclaim"", ""entry confirmation""]","[""Failure evidence."", ""Reclaim evidence."", ""Entry confirmation.""]","This taxonomy requires breakout, failure, reclaim, and entry confirmation. The supplied candidate has no BOS timestamp and explicitly remains in displacement-confirmed state with missing structure confirmation.","The failed-breakout-reclaim thesis lacks supplied failure, reclaim, and entry-confirmation evidence; the deterministic state explicitly reports missing structure confirmation. Reject on mandatory sequence failure.",2.1
,591813800_1788837043_120154281_1788874522_EURNZD_12994,0,,MICRO_CONTINUATION_FVG,,ABSTAIN,ABSTAIN,False,,[],MIXED,,,[],"[""Clearer directional trend context."", ""Cleaner FVG retest response.""]","Abstain: displacement and FVG are valid, but trend context and retest quality do not sufficiently support continuation through a fresh opposing imbalance.","Strong displacement and virgin FVG are present, but neutral trend context, weak retest quality, low sequence quality, and an opposing imbalance make follow-through uncertain.",5.8
,591813800_1788837043_120154281_1788874522_EURNZD_12994,1,,MICRO_CONTINUATION_FVG,,ABSTAIN,ABSTAIN,False,,[],MIXED,,,[],"[""Clearer directional trend context."", ""Cleaner FVG retest response.""]","Abstain: the mid entry improves reward and timing, but neutral trend context, weak retest quality, low sequence quality, and a fresh opposing imbalance leave continuation unresolved.","Mid-FVG entry has valid displacement and the best reward, but neutral trend context and weak retest quality leave continuation probability insufficient for capital deployment.",5.9
,591813800_1788837043_120154281_1788874522_EURNZD_12994,2,,MICRO_CONTINUATION_FVG,,ABSTAIN,ABSTAIN,False,,[],MIXED,,,[],"[""Clearer directional trend context."", ""Cleaner FVG retest response.""]","Abstain: edge entry has valid displacement and FVG freshness, but provides the least retracement confirmation while trend context and continuation structure remain unresolved.","The edge entry preserves a virgin FVG but offers the least confirmation; neutral trend context, weak retest quality, and the opposing imbalance do not justify execution.",5.4
,591813800_1788837043_120154281_1788874522_GBPUSD_24964,1,,MICRO_NESTED_CONTINUATION,,REJECT,REJECT,False,,"[""STRUCTURAL_THESIS_CONTRADICTION""]",INSUFFICIENT_SAMPLE,,,[],[],Reject for thesis contradiction: this continuation family has a reversal-marked FVG and zero continuation score. Target feasibility and strong displacement do not resolve that conflict.,Reject: the nested continuation thesis conflicts with reversal-marked FVG evidence and zero continuation score; the available target remains feasible but does not repair the structural thesis conflict.,4.2
,591813800_1788837043_120154281_1788874522_GBPUSD_24964,3,,MICRO_FVG_MID_REVERSAL,,REJECT,REJECT,False,,"[""REGIME_THESIS_CONTRADICTION"", ""TARGET_ROUTE_CONSTRAINED""]",INSUFFICIENT_SAMPLE,,,[],[],"Reject for regime contradiction: the midpoint reversal family expects range, reversal, or transition, but expansion dominates decisively. Target arbitration also offers no feasible alternative beyond the current plan.","Reject: midpoint reversal requires range, reversal, or transition context, but the observed regime is overwhelmingly expansion-dominant and the target alternatives are infeasible.",3.4
,591813800_1788837043_120154281_1788874522_GBPUSD_24964,5,,MICRO_SESSION_REENTRY,,REJECT,REJECT,False,,"[""REGIME_THESIS_CONTRADICTION"", ""INSUFFICIENT_OPPOSING_CLEARANCE""]",INSUFFICIENT_SAMPLE,,,[],[],"Reject for regime and clearance conflict: session reentry expects range or transition, while expansion dominates and the opposing imbalance is nearly at entry. The current target remains feasible but cannot repair the setup.","Reject: session reentry requires containment or transition, but expansion dominates and the opposing imbalance is only 0.0275R away; the feasible current target does not offset this structural conflict.",3.1
,591813800_1788837043_120154281_1788875127_#USSPX500_21381,0,,MICRO_BREAKER_RETEST,,ABSTAIN,ABSTAIN,False,,[],MIXED,,,[],"[""Clearer retest acceptance""]","The breaker thesis is supported by the declared setup and valid FVG, but weak retest quality and a nearby opposing imbalance leave execution and follow-through unresolved.","Breaker identity and sequence are present, but retest quality is weak and the nearby opposing imbalance makes follow-through uncertain despite a feasible current target.",6.2
,591813800_1788837043_120154281_1788875127_#USSPX500_21381,1,,MICRO_RANGE_REENTRY,,REJECT,REJECT,False,,"[""structural_thesis_contradiction""]",MIXED,,,[],[],"The deterministic range sequence is present, but the required containment thesis is contradicted by zero compression and an expansion-dominant regime.","The required range-reentry events are declared, but the market regime shows no compression and active expansion, directly contradicting the setup's containment thesis.",3.7
,591813800_1788837043_120154281_1788875127_#USSPX500_21381,3,,FAILED_BREAKOUT_RECLAIM,,REJECT,REJECT,False,,"[""missing_mandatory_sequence"", ""sequence_contradiction""]",INSUFFICIENT_SAMPLE,,,"[""breakout"", ""failure"", ""reclaim"", ""entry confirmation""]","[""Breakout evidence"", ""Failure evidence"", ""Reclaim evidence"", ""Entry confirmation""]",Required breakout-failure-reclaim confirmation is unresolved; source BOS is zero and the deterministic state explicitly reports missing structure confirmation.,"The failed-breakout-reclaim thesis is not auditable: source BOS is absent, the engine reports missing structure confirmation, and retest quality is poor near an obstacle.",2.4
,591813800_1788837043_120154281_1788875127_EURUSD_20111,1,,MICRO_NESTED_CONTINUATION,,REJECT,REJECT,False,,"[""THESIS_CONTRADICTION""]",ADVERSE,,,[],[],"The required parent context, displacement, and entry conditions are present, but the supplied setup state is reversal-oriented and continuation_score is zero. This is a thesis contradiction, not merely weak evidence.","Reject: the nested continuation thesis is contradicted by reversal-context evidence and zero continuation score, despite strong displacement and a feasible current target.",3.5
,591813800_1788837043_120154281_1788875127_EURUSD_20111,2,,MICRO_BREAKER_RETEST,,ABSTAIN,APPROVE,False,,[],SUPPORTIVE,,,[],[],"Breaker formation, virgin state, displacement, and clean sequencing support the stated retest thesis. Historical analogues are supportive, but weak retest quality and moderate HTF alignment justify cautious sizing.","Approve cautiously: breaker identity, virgin state, displacement, and clean sequence support the retest thesis; use the deterministic current target because alternatives are infeasible.",6.8
,591813800_1788837043_120154281_1788875127_EURUSD_20111,5,,MICRO_FVG_MID_REVERSAL,,ABSTAIN,ABSTAIN,False,,[],ADVERSE,,,[],[],"The midpoint FVG is virgin and the displacement sequence supports reversal, but the sole analogue was adverse and the fresh opposing imbalance is 0.04R away. Evidence is too unstable for approval.","Abstain: the midpoint reversal thesis is structurally supported, but the adverse analogue and extremely close opposing imbalance make execution survival uncertain.",5.9
,591813800_1788837043_120154281_1788875127_GBPUSD_22964,1,,MICRO_NESTED_CONTINUATION,,REJECT,REJECT,False,,"[""THESIS_CONTRADICTION"", ""NO_CONTINUATION_CONFIRMATION""]",MIXED,,,[],"[""Continuation follow-through""]","Reject: continuation evidence is explicitly absent, while the supplied FVG is reversal-class and continuation_score is zero.",Reject: the nested continuation thesis is contradicted by the supplied non-continuation FVG state and zero continuation score despite strong displacement.,4.2
,591813800_1788837043_120154281_1788875127_GBPUSD_22964,3,,MICRO_FVG_MID_REVERSAL,,REJECT,REJECT,False,,"[""THESIS_CONTRADICTION"", ""REGIME_MISMATCH""]",ADVERSE,,,[],"[""Reliable reversal retest""]","Reject: midpoint reversal is contradicted by expansion_score 0.931162, low compression, and weak retest quality.","Reject: the midpoint reversal is structurally contradicted by the strongly expansion-dominant regime and weak retest quality, with adverse analogue evidence.",4.6
,591813800_1788837043_120154281_1788875127_GBPUSD_22964,5,,MICRO_SESSION_REENTRY,,REJECT,REJECT,False,,"[""THESIS_CONTRADICTION"", ""REGIME_MISMATCH"", ""ADJACENT_OBSTACLE""]",MIXED,,,[],"[""Contained session range""]",Reject: the session-reentry thesis is contradicted by expansion-dominant regime evidence and an adjacent opposing obstruction.,"Reject: session reentry requires containment, but the supplied regime is expansion-dominant and the opposing obstruction is only 0.0275R away.",3.8
,591813800_1788837043_120154281_1788875732_#USSPX500_10,0,,FAILED_BREAKOUT_RECLAIM,,REJECT,REJECT,False,,"[""missing_mandatory_evidence"", ""sequence_contradiction""]",INSUFFICIENT_SAMPLE,,,"[""breakout"", ""failure"", ""reclaim"", ""entry confirmation""]","[""Breakout confirmation"", ""Failure confirmation"", ""Reclaim confirmation"", ""Entry confirmation""]","Reject: mandatory family sequence evidence is unresolved despite valid FVG, displacement, and stop fields.","Reject: the mandatory failed-breakout reclaim sequence is unresolved. Strong displacement and a valid stop do not establish breakout, failure, reclaim, and entry confirmation.",3.2
,591813800_1788837043_120154281_1788875732_#USSPX500_10,1,,FAILED_BREAKOUT_RECLAIM,,REJECT,REJECT,False,,"[""missing_mandatory_evidence"", ""sequence_contradiction""]",INSUFFICIENT_SAMPLE,,,"[""breakout"", ""failure"", ""reclaim"", ""entry confirmation""]","[""Breakout confirmation"", ""Failure confirmation"", ""Reclaim confirmation"", ""Entry confirmation""]",Reject: mandatory family sequence evidence is unresolved despite a tradable virgin midpoint FVG and acceptable execution cost.,Reject: the mandatory failed-breakout reclaim sequence is unresolved. The virgin midpoint FVG and strong displacement cannot replace missing sequence confirmation.,3.3
,591813800_1788837043_120154281_1788875732_#USSPX500_10,2,,FAILED_BREAKOUT_RECLAIM,,REJECT,REJECT,False,,"[""missing_mandatory_evidence"", ""sequence_contradiction""]",INSUFFICIENT_SAMPLE,,,"[""breakout"", ""failure"", ""reclaim"", ""entry confirmation""]","[""Breakout confirmation"", ""Failure confirmation"", ""Reclaim confirmation"", ""Entry confirmation""]","Reject: mandatory family sequence evidence is unresolved despite a valid edge entry, virgin FVG, and strong displacement score.",Reject: the mandatory failed-breakout reclaim sequence is unresolved. The edge entry is tradable mechanically but lacks the required market-event confirmation.,3.1
,591813800_1788837043_120154281_1788875732_EURNZD_26903,0,,MICRO_CONTINUATION_FVG,,ABSTAIN,ABSTAIN,False,,[],MIXED,,,[],"[""Cleaner retest"", ""Continuation confirmation""]","The required micro sequence is present, but low retest quality and sequence quality leave continuation confirmation unresolved; the feasible target also faces a fresh moderate obstacle.","Valid continuation displacement and virgin FVG are present, but weak retest quality, low sequence quality, moderate obstacle risk, and incomplete asset-class history make execution follow-through uncertain.",5.4
,591813800_1788837043_120154281_1788875732_EURNZD_26903,1,,MICRO_CONTINUATION_FVG,,ABSTAIN,ABSTAIN,False,,[],MIXED,,,[],"[""Cleaner retest"", ""Continuation confirmation""]","The required micro sequence is present, but weak retest and low sequence quality leave follow-through uncertain; the target is feasible but must traverse a fresh moderate opposing imbalance.","The midpoint entry has a virgin continuation FVG and strong displacement, but retest and sequence quality remain weak; target selection is feasible yet exposed to a fresh moderate obstacle.",5.7
,591813800_1788837043_120154281_1788875732_EURNZD_26903,2,,MICRO_CONTINUATION_FVG,,ABSTAIN,ABSTAIN,False,,[],MIXED,,,[],"[""Cleaner retest"", ""Continuation confirmation""]","The continuation sequence is present, but edge execution is not supported by stronger retest or structure confirmation; the feasible target remains exposed to a fresh moderate obstacle.","The edge entry is technically valid with a virgin FVG and strong displacement, but weak retest quality and low sequence quality provide insufficient confirmation for a higher-risk edge execution.",4.9
,591813800_1788837043_120154281_1788876336_#USNDAQ100_29828,0,,MICRO_BREAKER_RETEST,,ABSTAIN,APPROVE,False,,[],MIXED,,,[],[],"Approve only with reduced size: the declared breaker sequence and intact FVG are supported, costs are negligible, and the current target is feasible; proximity to a fresh opposing imbalance limits follow-through.","Valid breaker-retest sequence with clean displacement, intact touched FVG, structural invalidation, and feasible current target. Near obstacle and mixed analogue outcomes warrant reduced exposure.",7.1
,591813800_1788837043_120154281_1788876336_#USNDAQ100_29828,1,,MICRO_SESSION_REENTRY,,REJECT,REJECT,False,,"[""THESIS_CONTRADICTION"", ""TARGET_INFEASIBILITY""]",MIXED,,,[],[],Reject because the range/session-reentry thesis is contradicted by zero compression and expansion-dominant regime conditions; the setup lacks the containment required by its own family profile.,"Reject: the session-reentry thesis conflicts with zero compression and expansion-dominant conditions. The declared liquidity target is infeasible, while the setup offers no clean containment evidence.",2.8
,591813800_1788837043_120154281_1788876336_#USNDAQ100_29828,2,,MICRO_NESTED_CONTINUATION,,REJECT,REJECT,False,,"[""THESIS_CONTRADICTION"", ""STRUCTURAL_OBSTACLE"", ""ADVERSE_HISTORY""]",ADVERSE,,,[],[],"Reject because the candidate claims continuation while the supplied FVG is reversal-classified with zero continuation score, and a major HTF opposing imbalance sits immediately against the trade.","Reject: nested continuation is contradicted by reversal FVG classification, zero continuation score, and a major HTF opposing imbalance adjacent to entry. Historical outcomes are adverse.",2.6
,591813800_1788837043_120154281_1788876336_EURUSD_16990,0,,MICRO_OTE_REVERSAL,,ABSTAIN,APPROVE,False,,[],MIXED,,,[],[],Sequence and reversal thesis are supported; the deterministic current target is feasible. Risk is reduced by the nearby fresh opposing imbalance and mixed history.,"Valid OTE reversal sequence with virgin, uninvalidated FVG and feasible current target. Nearby opposing imbalance and mixed analogue outcomes warrant constrained risk.",7.6
,591813800_1788837043_120154281_1788876336_EURUSD_16990,1,,MICRO_NESTED_CONTINUATION,,REJECT,REJECT,False,,"[""THESIS_CONTRADICTION""]",ADVERSE,,,[],"[""Continuation-specific expansion confirmation""]","The required nested sequence is not enough: the supplied FVG is explicitly reversal-oriented and continuation score is zero, contradicting the continuation thesis.","Reject: the candidate claims nested continuation, but supplied state identifies a reversal FVG with zero continuation score. Historical continuation analogues are adverse.",3.2
,591813800_1788837043_120154281_1788876336_EURUSD_16990,2,,MICRO_BREAKER_RETEST,,ABSTAIN,ABSTAIN,False,,[],SUPPORTIVE,,,"[""Explicit clean breaker retest evidence is unresolved""]","[""Explicit clean breaker retest""]","The breaker thesis is plausible and historical evidence is supportive, but retest quality is low and explicit clean-retest evidence is unresolved. This is insufficient for approval.","Breaker taxonomy and historical outcomes support the thesis, but the required clean retest is not sufficiently resolved by the supplied structured fields. Abstain pending explicit retest confirmation.",5.8
,591813800_1788837043_120154281_1788876336_GBPUSD_2757,1,,MICRO_NESTED_CONTINUATION,,REJECT,REJECT,False,,"[""thesis_contradiction"", ""adverse_history""]",ADVERSE,,,[],[],Reject: continuation thesis conflicts with supplied reversal context and zero continuation score; historical outcomes are predominantly adverse.,"Reject: the nested-continuation thesis is contradicted by reversal context, zero continuation score, and adverse analogue outcomes despite strong displacement.",3.8
,591813800_1788837043_120154281_1788876336_GBPUSD_2757,3,,MICRO_FVG_MID_REVERSAL,,ABSTAIN,ABSTAIN,False,,[],INSUFFICIENT_SAMPLE,,,[],"[""Applicable asset-class history.""]","Abstain: the reversal setup is technically coherent, but applicable historical evidence is insufficient and a fresh opposing imbalance creates unresolved execution uncertainty.","The midpoint reversal thesis is supported by the virgin FVG and strong displacement, but asset-class history is insufficient and the nearby obstacle leaves execution uncertain.",6.7
,591813800_1788837043_120154281_1788876336_GBPUSD_2757,5,,MICRO_SESSION_REENTRY,,REJECT,REJECT,False,,"[""regime_contradiction"", ""adverse_history""]",ADVERSE,,,[],[],"Reject: session reentry requires containment, but compression is zero and expansion dominates; the obstacle is extremely close and history is adverse.","Reject: the session-reentry thesis requires containment, while the supplied regime is expansion-dominant with zero compression and an obstacle only 0.0275R away.",2.9
,591813800_1788837043_120154281_1788876940_#Germany40_24030,3,,FAILED_BREAKOUT_RECLAIM,,REJECT,REJECT,False,,"[""missing_mandatory_sequence"", ""sequence_contradiction""]",INSUFFICIENT_SAMPLE,,,"[""breakout"", ""failure"", ""reclaim"", ""entry confirmation""]","[""breakout"", ""failure"", ""reclaim"", ""entry confirmation""]","Reject because the mandatory failed-breakout sequence is not evidenced. Displacement alone does not establish breakout failure, reclaim, or entry confirmation.","Reject: the family requires breakout, failure, reclaim, and entry confirmation, but the supplied sequence only confirms displacement and explicitly reports missing structure confirmation.",3.0
,591813800_1788837043_120154281_1788876940_#Germany40_24030,4,,FAILED_BREAKOUT_RECLAIM,,REJECT,REJECT,False,,"[""missing_mandatory_sequence"", ""sequence_contradiction""]",INSUFFICIENT_SAMPLE,,,"[""breakout"", ""failure"", ""reclaim"", ""entry confirmation""]","[""breakout"", ""failure"", ""reclaim"", ""entry confirmation""]","Reject: a virgin FVG does not substitute for the family-required breakout, failure, reclaim, and entry-confirmation sequence.","Reject: displacement and a virgin FVG are present, but the mandatory breakout-failure-reclaim-entry sequence is not established and structure confirmation is explicitly missing.",3.1
,591813800_1788837043_120154281_1788876940_#Germany40_24030,5,,FAILED_BREAKOUT_RECLAIM,,REJECT,REJECT,False,,"[""missing_mandatory_sequence"", ""sequence_contradiction""]",INSUFFICIENT_SAMPLE,,,"[""breakout"", ""failure"", ""reclaim"", ""entry confirmation""]","[""breakout"", ""failure"", ""reclaim"", ""entry confirmation""]","Reject: edge placement and a virgin FVG do not establish the mandatory breakout, failure, reclaim, and entry-confirmation sequence.","Reject: the edge entry uses a virgin FVG, but the family-required failed-breakout sequence and entry confirmation are not evidenced; structure confirmation is explicitly missing.",3.0
,591813800_1788837043_120154281_1788877545_#USNDAQ100_12227,0,,MICRO_BREAKER_RETEST,,ABSTAIN,ABSTAIN,False,,[],MIXED,,,[],"[""Clearer retest acceptance""]","The required breaker sequence is represented and the FVG remains tradable, but very weak retest quality and an immediate opposing imbalance make follow-through uncertain; abstain rather than spend risk.","Sequence and breaker identity are present, but retest quality is weak and the opposing imbalance lies immediately beyond entry. Current target is feasible, yet execution survival is insufficiently clear.",5.4
,591813800_1788837043_120154281_1788877545_#USNDAQ100_12227,1,,MICRO_SESSION_REENTRY,,REJECT,REJECT,False,,"[""structural_thesis_contradiction""]",MIXED,,,[],[],Reject: the required range-reentry thesis conflicts with zero compression and expansion-dominant regime evidence. The feasible current target does not repair the setup contradiction.,The session-reentry thesis is contradicted by zero compression and expansion-dominant conditions. Strong displacement and absent continuation do not establish contained range rejection.,3.2
,591813800_1788837043_120154281_1788877545_#USNDAQ100_12227,2,,MICRO_NESTED_CONTINUATION,,REJECT,REJECT,False,,"[""structural_thesis_contradiction"", ""major_target_obstacle""]",MIXED,,,[],"[""Established expansion continuation""]","Reject: nested continuation is contradicted by reversal FVG context, false continuation, and zero continuation score. The major HTF opposing imbalance makes the proposed continuation path especially unsafe.","The nested continuation thesis is directly contradicted: the FVG is reversal-context, continuation is false, and continuation score is zero. A major HTF opposing imbalance further blocks the thesis.",2.8
,591813800_1788837043_120154281_1788877545_EURUSD_6036,1,,MICRO_NESTED_CONTINUATION,,REJECT,REJECT,False,,"[""THESIS_CONTRADICTION"", ""NEAR_OBSTACLE""]",MIXED,,,[],[],"Reject: mandatory nested sequence is present, but the continuation thesis is contradicted by zero continuation evidence and a fresh opposing imbalance immediately near entry.","The sequence and virgin FVG are valid, but the continuation thesis is directly contradicted by zero continuation evidence and a nearby opposing imbalance. Reject rather than force the target route.",5.2
,591813800_1788837043_120154281_1788877545_EURUSD_6036,2,,MICRO_BREAKER_RETEST,,REJECT,REJECT,False,,"[""WEAK_RETEST"", ""NEAR_OBSTACLE""]",MIXED,,,[],[],"Reject: declared breaker evidence exists, but retest quality is weak and the nearby fresh opposing imbalance materially undermines clean follow-through.","The breaker sequence is declared and the current target is feasible, but the retest quality is weak and the nearby unmitigated opposing imbalance creates excessive post-entry failure risk. Reject.",5.8
,591813800_1788837043_120154281_1788877545_EURUSD_6036,5,,MICRO_FVG_MID_REVERSAL,,ABSTAIN,ABSTAIN,False,,"[""UNRESOLVED_FOLLOW_THROUGH"", ""ADVERSE_SPARSE_HISTORY""]",ADVERSE,,,[],"[""Clear reversal follow-through is not yet established.""]","Abstain: the midpoint reversal setup is structurally valid, but expansion dominance, a nearby opposing imbalance, and adverse sparse exact-family history leave follow-through unresolved.","The midpoint reversal structure is valid and the FVG remains virgin, but expansion dominance, a nearby opposing imbalance, and adverse sparse exact-family history make follow-through uncertain. Abstain.",6.1
,591813800_1788837043_120154281_1788877545_GBPUSD_28009,1,,MICRO_NESTED_CONTINUATION,,REJECT,REJECT,False,,"[""THESIS_CONTRADICTION"", ""ADVERSE_HISTORY""]",ADVERSE,,,[],[],"Reject: continuation thesis is materially contradicted by deterministic reversal FVG context and continuation_score=0.0, despite strong displacement and sequence quality.","The required nested sequence is present, but this continuation thesis is contradicted by reversal FVG context and zero continuation score; historical outcomes are mostly adverse.",3.2
,591813800_1788837043_120154281_1788877545_GBPUSD_28009,3,,MICRO_FVG_MID_REVERSAL,,ABSTAIN,ABSTAIN,False,,[],MIXED,,,[],"[""Stronger retest confirmation.""]","Abstain: midpoint reversal evidence is valid, but weak retest quality, moderate opposing obstruction, and insufficient asset-class history leave follow-through uncertain.","The midpoint reversal thesis and required sequence are supported, with a virgin FVG and feasible current target, but weak retest quality and mixed, non-applicable history make execution uncertain.",6.1
,591813800_1788837043_120154281_1788877545_GBPUSD_28009,5,,MICRO_SESSION_REENTRY,,REJECT,REJECT,False,,"[""MISSING_MANDATORY_EVIDENCE"", ""OBSTACLE_PROXIMITY""]",MIXED,,,"[""session range identity"", ""session excursion"", ""session reentry""]","[""Session range identity."", ""Session excursion."", ""Session reentry confirmation.""]","Reject: the family-mandated session range, excursion, and reentry sequence is not explicitly evidenced; the entry is also only 0.0275R from the opposing obstacle.","The taxonomy declares a session reentry, but the supplied structured evidence does not explicitly establish the family-mandated session range, excursion, and reentry sequence.",3.9
,591813800_1788837043_120154281_1788878149_#Germany40_28329,3,,FAILED_BREAKOUT_RECLAIM,,REJECT,REJECT,False,,"[""missing_required_sequence"", ""missing_structure_confirmation"", ""major_nearby_obstacle""]",INSUFFICIENT_SAMPLE,,,"[""breakout"", ""failure"", ""reclaim"", ""entry confirmation""]","[""Breakout failure and reclaim confirmation"", ""Entry confirmation""]","Required family events are not evidenced, while the engine reports missing structure confirmation. A nearby major HTF opposing imbalance materially undermines follow-through.","Reject: the micro family does not require HTF BOS, but its own required failed-breakout reclaim sequence is unresolved and structure confirmation is explicitly missing.",3.2
,591813800_1788837043_120154281_1788878149_#Germany40_28329,4,,FAILED_BREAKOUT_RECLAIM,,REJECT,REJECT,False,,"[""missing_required_sequence"", ""missing_structure_confirmation"", ""major_nearby_obstacle""]",INSUFFICIENT_SAMPLE,,,"[""breakout"", ""failure"", ""reclaim"", ""entry confirmation""]","[""Breakout failure and reclaim confirmation"", ""Entry confirmation""]","The virgin FVG is tradable, but it cannot compensate for absent required sequence evidence and missing structure confirmation. The major HTF obstacle is close to entry.","Reject: the FVG is valid and fresh, but the required failed-breakout reclaim sequence and structural confirmation are absent; the nearby major HTF obstacle further weakens execution.",3.3
,591813800_1788837043_120154281_1788878149_#Germany40_28329,5,,FAILED_BREAKOUT_RECLAIM,,REJECT,REJECT,False,,"[""missing_required_sequence"", ""missing_structure_confirmation"", ""unmitigated_entry_risk""]",INSUFFICIENT_SAMPLE,,,"[""breakout"", ""failure"", ""reclaim"", ""entry confirmation""]","[""Breakout failure and reclaim confirmation"", ""Entry confirmation"", ""FVG reaction""]","The edge entry lacks mitigation or reaction evidence, while the required sequence remains unproven and structure confirmation is explicitly missing. A major HTF obstacle is nearby.","Reject: the edge entry has no demonstrated reaction, and the family-required failed-breakout reclaim sequence remains unresolved with explicit missing structure confirmation.",3.0
,591813800_1788837043_120154281_1788878149_EURUSD_18077,0,,MICRO_OTE_REVERSAL,,ABSTAIN,APPROVE,False,,[],MIXED,,,[],[],"Approve only the deterministic current target: the reversal sequence and virgin OTE FVG are valid, but low retest quality, moderate alignment, and the opposing imbalance require restrained risk.","Micro OTE reversal has the required context, displacement, and retracement sequence. The virgin FVG and structural stop are valid; current feasible target is preferable despite moderate alignment and obstruction.",7.4
,591813800_1788837043_120154281_1788878149_EURUSD_18077,1,,MICRO_NESTED_CONTINUATION,,REJECT,REJECT,False,,"[""THESIS_CONTRADICTION""]",ADVERSE,,,[],"[""Continuation-specific expansion confirmation""]","Reject because the nested continuation thesis is contradicted by explicit reversal context, zero continuation score, and reversal scoring; the feasible target does not repair the thesis conflict.","Reject: the candidate claims nested continuation, but the supplied state identifies a reversal FVG, zero continuation score, and only reversal evidence. The thesis is structurally contradicted.",2.8
,591813800_1788837043_120154281_1788878149_EURUSD_18077,2,,MICRO_BREAKER_RETEST,,ABSTAIN,ABSTAIN,False,,[],SUPPORTIVE,,,"[""Explicit breaker formation evidence is not separately identified""]","[""Explicit breaker formation confirmation"", ""Cleaner retest response""]",Abstain because breaker formation is not separately evidenced and retest quality is weak. The supportive analogue sample cannot substitute for the unresolved deterministic sequence.,"The breaker-retest thesis is plausible and historical analogues are supportive, but explicit breaker formation is not separately established and retest quality is weak. Abstain rather than infer the missing sequence event.",5.5
,591813800_1788837043_120154281_1788878753_#USNDAQ100_1469,0,,MICRO_BREAKER_RETEST,,ABSTAIN,ABSTAIN,False,,[],INSUFFICIENT_SAMPLE,,,[],[],"The breaker and touched FVG are structurally valid, but retest quality is only 1.023 and the obstacle is very close; evidence is not strong enough for an executable approval.","Breaker identity and FVG remain valid, but retest quality is weak and a nearby moderate obstacle makes execution survival uncertain.",5.2
,591813800_1788837043_120154281_1788878753_#USNDAQ100_1469,1,,MICRO_SESSION_REENTRY,,REJECT,REJECT,False,,"[""THESIS_CONTRADICTION""]",INSUFFICIENT_SAMPLE,,,[],[],"Reject: the claimed range/session reentry is contradicted by zero compression and expansion-dominant regime evidence. This is a thesis conflict, not a missing HTF BOS issue.",The session-reentry thesis is contradicted by zero compression and expansion-dominant conditions; the target is feasible only after arbitration but does not repair the thesis conflict.,3.1
,591813800_1788837043_120154281_1788878753_#USNDAQ100_1469,2,,MICRO_NESTED_CONTINUATION,,REJECT,REJECT,False,,"[""THESIS_CONTRADICTION"", ""MAJOR_OBSTACLE""]",INSUFFICIENT_SAMPLE,,,[],[],"Reject: the candidate claims continuation, yet the supplied FVG is reversal-context with zero continuation score; a major HTF opposing imbalance is also immediately adjacent.","The nested-continuation claim is contradicted by reversal FVG context, zero continuation score, and a major HTF opposing imbalance immediately adjacent to entry.",2.4
,591813800_1788837043_120154281_1788878753_EURUSD_9335,0,,MICRO_OTE_REVERSAL,,REJECT,REJECT,False,,"[""missing_ote_retracement""]",MIXED,,,"[""OTE retracement""]","[""OTE retracement""]","The PO3 displacement and structure are strong, but the family-required OTE retracement is absent. FVG untouched and entry-waiting prevent approval.","Strong displacement and structure, but the mandatory OTE retracement has not occurred. The setup remains entry-waiting, so the stated reversal thesis is not yet actionable.",5.0
,591813800_1788837043_120154281_1788878753_EURUSD_9335,1,,MICRO_NESTED_CONTINUATION,,REJECT,REJECT,False,,"[""continuation_thesis_contradicted""]",ADVERSE,,,[],[],"This nested continuation candidate is structurally contradicted: the FVG is reversal-context, continuation is false, and continuation score is zero.","The structure and displacement are strong, but this candidate claims continuation while the supplied FVG is explicitly reversal-context with zero continuation score. That is a direct thesis contradiction.",3.5
,591813800_1788837043_120154281_1788878753_EURUSD_9335,2,,MICRO_BREAKER_RETEST,,REJECT,REJECT,False,,"[""missing_breaker_sequence""]",SUPPORTIVE,,,"[""breaker formation"", ""clean retest""]","[""Breaker formation"", ""Clean retest""]","The breaker thesis has strong displacement and supportive analogues, but required breaker formation and clean retest evidence are unresolved; retest quality is weak.","Historical analogues are supportive and displacement is strong, but the candidate's required breaker formation and clean retest are not evidenced. Weak retest quality prevents a defensible approval.",4.0
,591813800_1788837043_120154281_1788878753_GBPUSD_12399,1,,MICRO_NESTED_CONTINUATION,,REJECT,REJECT,False,,"[""THESIS_CONTRADICTION""]",MIXED,,,[],[],"The required nested sequence is present, but the continuation thesis is structurally contradicted by reversal context and zero continuation score.",Reject: the nested continuation thesis is contradicted by the supplied reversal FVG and zero continuation score despite strong displacement.,4.8
,591813800_1788837043_120154281_1788878753_GBPUSD_12399,3,,MICRO_FVG_MID_REVERSAL,,APPROVE,APPROVE,True,,[],MIXED,,,[],[],"Midpoint reversal evidence is coherent: strong displacement, valid mitigated FVG, intact structure, and feasible current target. Moderate alignment and nearby obstruction warrant reduced size.","Approve cautiously: midpoint reversal is supported by strong displacement, valid mitigation, intact structure, and a feasible current target; size should remain reduced.",7.1
,591813800_1788837043_120154281_1788878753_GBPUSD_12399,5,,MICRO_SESSION_REENTRY,,REJECT,REJECT,False,,"[""MISSING_MANDATORY_EVIDENCE""]",MIXED,,,"[""session excursion"", ""session reentry""]","[""Session excursion"", ""Session reentry""]","Session identity is present, but the family-required excursion and reentry events are not explicitly evidenced; the close obstruction further reduces execution quality.","Reject: session identity is supplied, but the mandatory excursion and reentry events are not explicitly evidenced in the structured fields.",3.9
,591813800_1788837043_120154281_1788878753_GOLD_26506,0,,MICRO_RANGE_REENTRY,,REJECT,REJECT,False,,"[""STRUCTURAL_CONTRADICTION"", ""ADVERSE_HISTORY""]",ADVERSE,,,[],[],"Reject: the deterministic sequence is complete, but range reentry requires compression and containment while current expansion dominates; historical outcomes also show adverse follow-through.","The required range sequence and valid FVG are present, but the range-containment thesis is contradicted by expansion-dominant conditions and adverse analogue outcomes.",3.0
,591813800_1788837043_120154281_1788878753_GOLD_26506,2,,MICRO_OTE_REVERSAL,,ABSTAIN,ABSTAIN,False,,[],MIXED,,,[],[],"Abstain: setup evidence is coherent and the current target is feasible, but a major virgin HTF opposing imbalance and mixed small-sample history make execution survival uncertain.","The OTE reversal sequence, displacement, and virgin FVG are valid, with a feasible current target. Abstain because the major virgin HTF obstacle and weak small-sample history leave follow-through uncertain.",6.8
,591813800_1788837043_120154281_1788878753_GOLD_26506,3,,MICRO_BREAKER_RETEST,,ABSTAIN,ABSTAIN,False,,[],MIXED,,,[],[],"Abstain: breaker evidence is coherent and the current target is feasible, but the major virgin HTF imbalance near entry and mixed historical outcomes leave follow-through insufficiently reliable.","The breaker identity, clean retest, displacement, and virgin FVG support the thesis, but the major virgin HTF obstacle and mixed analogue record prevent a capital approval.",6.9
,591813800_1788837043_120154281_1788879357_#UK100_19229,1,,MICRO_CONTINUATION_FVG,,REJECT,REJECT,False,,"[""STRUCTURAL_CONTRADICTION""]",ADVERSE,,,[],[],Valid continuation sequence and virgin FVG are outweighed by a fresh major HTF opposing imbalance immediately beyond entry and adverse analogue outcomes.,"The sequence and virgin FVG are valid, but a fresh major HTF opposing imbalance is only 0.0184R away; continuation is materially contradicted despite a feasible distant target.",5.0
,591813800_1788837043_120154281_1788879357_#UK100_19229,2,,MICRO_SESSION_REENTRY,,ABSTAIN,ABSTAIN,False,,"[""MANDATORY_EVIDENCE_UNRESOLVED""]",MIXED,,,"[""session range identity"", ""session excursion"", ""session reentry""]","[""Session range identity"", ""Session excursion"", ""Session reentry""]","The required session-reentry sequence is not independently evidenced in the supplied structured fields; the major nearby obstacle further reduces confidence, so no trade approval is justified.","The candidate has a valid zone and feasible current target, but the required session-range, excursion, and reentry evidence is not independently supplied; abstain rather than infer the thesis.",4.2
,591813800_1788837043_120154281_1788879357_#UK100_19229,4,,MICRO_CONTINUATION_FVG,,REJECT,REJECT,False,,"[""STRUCTURAL_CONTRADICTION""]",ADVERSE,,,[],[],The valid continuation sequence and virgin FVG do not offset the immediate major HTF obstruction and predominantly adverse continuation analogues.,"The continuation sequence and virgin midpoint FVG are present, but the fresh major HTF opposing imbalance is only 0.0858R away and materially threatens follow-through.",5.1
,591813800_1788837043_120154281_1788879961_#Germany40_17789,0,,MICRO_CONTINUATION_FVG,,ABSTAIN,ABSTAIN,False,,[],INSUFFICIENT_SAMPLE,,,[],"[""Trend context remains neutral."", ""Clean continuation through the opposing imbalance is unconfirmed.""]","ABSTAIN: the FVG and displacement are valid, but continuation trend context is not established and the fresh HTF opposing imbalance creates unstable follow-through.","Virgin continuation FVG and strong displacement are present, but trend context is unresolved, sequence quality is weak, and a fresh opposing HTF imbalance blocks the path. Historical evidence is not asset-class applicable.",5.5
,591813800_1788837043_120154281_1788879961_#Germany40_17789,1,,MICRO_CONTINUATION_FVG,,ABSTAIN,ABSTAIN,False,,[],INSUFFICIENT_SAMPLE,,,[],"[""Trend context remains neutral."", ""Clean continuation through the opposing imbalance is unconfirmed.""]","ABSTAIN: the mid-FVG remains virgin and execution costs are low, but trend context and continuation confirmation are unresolved while the HTF obstacle is fresh and close.","The mid-FVG entry is fresh and supported by strong displacement, but neutral trend context, weak sequence quality, and a fresh HTF obstacle leave follow-through too uncertain. History is not asset-class applicable.",5.4
,591813800_1788837043_120154281_1788879961_#Germany40_17789,2,,MICRO_CONTINUATION_FVG,,ABSTAIN,ABSTAIN,False,,[],INSUFFICIENT_SAMPLE,,,[],"[""Trend context remains neutral."", ""Clean continuation through the opposing imbalance is unconfirmed.""]","ABSTAIN: the edge entry is structurally fresh, but the continuation thesis lacks established trend context and faces a fresh nearby HTF opposing imbalance with weak sequence quality.","The edge entry is fresh and valid, but it does not resolve the weak trend context or poor continuation confirmation. The fresh HTF obstacle is close, and applicable historical evidence is insufficient.",5.0
,591813800_1788837043_120154281_1788879961_#USNDAQ100_3028,0,,MICRO_BREAKER_RETEST,,ABSTAIN,ABSTAIN,False,,[],MIXED,,,[],"[""Clear retest acceptance."", ""Follow-through after entry.""]","Sequence and breaker state are valid, but retest quality is only 1.0513 and the obstacle is 0.0223R away; abstain rather than assume clean continuation.","The breaker thesis is structurally supported, but the very weak retest score and nearby opposing imbalance make execution and follow-through uncertain.",6.0
,591813800_1788837043_120154281_1788879961_#USNDAQ100_3028,1,,MICRO_SESSION_REENTRY,,REJECT,REJECT,False,,"[""STRUCTURAL_CONTRADICTION""]",ADVERSE,,,[],[],Reject: the session-reentry thesis is contradicted by zero compression and expansion-dominant conditions; the setup lacks credible containment despite a nominal sequence.,"The mandatory session sequence is not independently evidenced as a contained reentry, while the market is expansion-dominant and historical analogues are adverse.",3.4
,591813800_1788837043_120154281_1788879961_#USNDAQ100_3028,2,,MICRO_NESTED_CONTINUATION,,REJECT,REJECT,False,,"[""STRUCTURAL_CONTRADICTION"", ""SEQUENCE_CONTRADICTION""]",ADVERSE,,,[],"[""Continuation expansion."", ""Parent-child directional alignment.""]","Reject: the candidate claims continuation but supplied fields show reversal context, zero continuation score, no follow-through, and a major HTF obstacle only 0.0043R away.","The nested continuation thesis is contradicted by reversal FVG context, zero continuation score, absent follow-through, and a major HTF opposing imbalance at the entry.",2.8
,591813800_1788837043_120154281_1788879961_EURUSD_23059,1,,MICRO_NESTED_CONTINUATION,,REJECT,REJECT,False,,"[""structural_thesis_contradiction""]",MIXED,,,[],[],Reject: the candidate's continuation thesis is structurally contradicted by the supplied FVG context and continuation score; this is not merely weak evidence.,"Reject: the nested continuation thesis is contradicted by the supplied non-continuation FVG state and zero continuation score, despite strong displacement and valid structure.",3.2
,591813800_1788837043_120154281_1788879961_EURUSD_23059,2,,MICRO_BREAKER_RETEST,,ABSTAIN,ABSTAIN,False,,[],MIXED,,,[],"[""Cleaner breaker retest reaction""]","Abstain: the breaker setup is not structurally invalid, but retest quality is weak and the nearby opposing imbalance leaves post-entry follow-through unresolved.","Abstain: breaker identity is plausible and structurally valid, but weak retest quality, moderate alignment, and an opposing imbalance make execution follow-through uncertain.",5.4
,591813800_1788837043_120154281_1788879961_EURUSD_23059,5,,MICRO_FVG_MID_REVERSAL,,ABSTAIN,APPROVE,False,,[],ADVERSE,,,[],[],"Approve cautiously: the midpoint reversal is supported by a virgin, unmitigated FVG and strong displacement; current feasible targeting remains acceptable despite the nearby opposing imbalance.","Approve cautiously: virgin midpoint FVG, strong displacement, valid bearish sequence, and feasible 2.337 net-R target support the reversal thesis; size should remain reduced for the nearby obstacle.",7.4
,591813800_1788837043_120154281_1788879961_GOLD_13695,0,,MICRO_RANGE_REENTRY,,REJECT,REJECT,False,,"[""structural_contradiction""]",ADVERSE,,,[],[],"Range identity, excursion, and reentry are supplied, but expansion dominates compression, directly opposing the range-reentry thesis; target clearance is also poor.","Reject: the mandatory sequence is present, but the range-reentry thesis is contradicted by expansion-dominant conditions and weak family/session history.",3.5
,591813800_1788837043_120154281_1788879961_GOLD_13695,2,,MICRO_OTE_REVERSAL,,ABSTAIN,APPROVE,False,,[],MIXED,,,[],[],"Declared context, displacement, and OTE retracement are coherent; the virgin reversal FVG remains tradable and the current target is feasible, despite a major HTF obstacle.","Approve cautiously: the OTE reversal sequence and virgin FVG are coherent, with a feasible current target, but a major opposing HTF imbalance and mixed history warrant reduced size.",7.0
,591813800_1788837043_120154281_1788879961_GOLD_13695,3,,MICRO_BREAKER_RETEST,,REJECT,REJECT,False,,"[""missing_mandatory_evidence""]",SUPPORTIVE,,,"[""breaker formation"", ""clean retest""]","[""Verified breaker formation"", ""Verified clean retest""]","The generic displacement/FVG sequence is present, but breaker formation and clean retest are not independently established for this breaker-specific family.","Reject: displacement and FVG evidence are strong, but the breaker-specific mandatory formation and clean-retest sequence is not independently demonstrated.",4.0
,591813800_1788837043_120154281_1788880565_GOLD_25288,0,,MICRO_RANGE_REENTRY,,REJECT,REJECT,False,,"[""STRUCTURAL_CONTRADICTION"", ""MISSING_MANDATORY_EVIDENCE""]",ADVERSE,,,"[""range identity"", ""range excursion"", ""range reentry""]","[""range identity"", ""range excursion"", ""range reentry""]","Reject: expansion score 0.90364 and compression score 0.09636 oppose range reentry; required range identity, excursion, and reentry are not explicitly evidenced.","Reject: the range-reentry thesis is contradicted by expansion-dominant conditions, while the required range sequence is not directly evidenced. Target arbitration does not rescue the structural conflict.",2.5
,591813800_1788837043_120154281_1788880565_GOLD_25288,2,,MICRO_NESTED_CONTINUATION,,REJECT,REJECT,False,,"[""STRUCTURAL_CONTRADICTION"", ""MISSING_MANDATORY_EVIDENCE""]",MIXED,,,"[""parent context"", ""nested displacement"", ""nested entry""]","[""parent context"", ""nested displacement"", ""nested entry""]","Reject: MICRO_NESTED_CONTINUATION is contradicted by fvg_continuation=false, fvg_reversal=true, and reversal context; continuation score is only 3.0.","Reject: expansion supports continuation broadly, but the supplied FVG is explicitly reversal-classified and continuation score is weak. The nested family sequence is not directly evidenced.",3.2
,591813800_1788837043_120154281_1788880565_GOLD_25288,5,,MICRO_BREAKER_RETEST,,REJECT,REJECT,False,,"[""MISSING_MANDATORY_EVIDENCE"", ""POOR_RETEST_QUALITY""]",SUPPORTIVE,,,"[""breaker formation"", ""clean retest""]","[""breaker formation"", ""clean retest""]",Reject: required breaker formation and clean retest are not directly established; retest quality is 1.1124 and feasible current RR is only 0.9404.,"Reject: breaker-specific formation and clean retest are not directly evidenced, and retest quality is only 1.1124. Historical analogues are supportive but cannot replace mandatory current evidence.",3.8
,591813800_1788837043_120154281_1788881169_#Germany40_9113,0,,MICRO_CONTINUATION_FVG,,ABSTAIN,ABSTAIN,False,,[],MIXED,,,[],"[""Clear trend alignment.""]","Evidence supports the displacement and virgin FVG, but neutral directional context, low sequence quality, and a fresh major HTF obstacle make follow-through uncertain.","Virgin continuation FVG and strong displacement are present, but trend context is unclear and a fresh major HTF obstacle sits immediately ahead; target arbitration is therefore conservative.",5.4
,591813800_1788837043_120154281_1788881169_#Germany40_9113,1,,MICRO_CONTINUATION_FVG,,ABSTAIN,ABSTAIN,False,,[],MIXED,,,[],"[""Clear trend alignment.""]","The entry location and displacement are valid, but the supplied context lacks clear trend alignment and places a fresh major HTF obstacle directly in the route to the feasible target.","The mid-FVG entry is virgin and supported by strong displacement, but neutral trend context, weak sequence quality, and a fresh major HTF obstacle leave follow-through unresolved.",5.5
,591813800_1788837043_120154281_1788881169_#Germany40_9113,2,,MICRO_CONTINUATION_FVG,,ABSTAIN,ABSTAIN,False,,[],MIXED,,,[],"[""Clear trend alignment.""]","Although the FVG and displacement are valid, trend context is neutral, sequence quality is weak, and the fresh major HTF obstacle materially reduces confidence in continuation from the edge.","The continuation FVG remains virgin with strong displacement, but the edge entry has no clear trend alignment and faces a fresh major HTF obstacle before the feasible target.",5.0
,591813800_1788837043_120154281_1788881169_#USNDAQ100_28281,0,,MICRO_BREAKER_RETEST,,ABSTAIN,APPROVE,False,,[],MIXED,,,[],[],"Approve only at reduced size: the breaker thesis is supported and the current target is feasible, but retest quality is weak and the opposing imbalance is close.","Breaker formation and clean retest sequence are present, with valid untouched structure and feasible current target. Weak retest quality and the nearby obstacle justify reduced risk.",7.1
,591813800_1788837043_120154281_1788881169_#USNDAQ100_28281,1,,MICRO_SESSION_REENTRY,,REJECT,REJECT,False,,"[""structural_contradiction""]",ADVERSE,,,[],[],"Reject: the required session-reentry thesis conflicts with expansion-dominant, non-compressed conditions; the strong deterministic sequence does not repair that family-level contradiction.","The session-reentry thesis is contradicted by zero compression and expansion-dominant conditions. Although the target is feasible, the setup lacks the containment required by its family.",3.2
,591813800_1788837043_120154281_1788881169_#USNDAQ100_28281,2,,MICRO_NESTED_CONTINUATION,,REJECT,REJECT,False,,"[""structural_contradiction"", ""sequence_contradiction""]",ADVERSE,,,[],[],"Reject: the continuation thesis is directly contradicted by the reversal FVG classification and zero continuation score, while the major HTF obstacle is too close for reliable follow-through.","The nested continuation thesis is contradicted by reversal-oriented FVG state and zero continuation score. A major HTF opposing imbalance is immediately adjacent, making follow-through unreliable.",2.7
,591813800_1788837043_120154281_1788881169_EURUSD_9343,1,,MICRO_NESTED_CONTINUATION,,REJECT,REJECT,False,,"[""STRUCTURAL_THESIS_CONTRADICTION""]",MIXED,,,[],[],Reject because the declared continuation thesis conflicts with explicit reversal context and zero continuation score; target and execution data do not repair that structural contradiction.,"Reject: the nested continuation thesis is contradicted by explicit reversal FVG context and zero continuation score, despite strong displacement and a feasible current target.",5.2
,591813800_1788837043_120154281_1788881169_EURUSD_9343,2,,MICRO_BREAKER_RETEST,,ABSTAIN,ABSTAIN,False,,[],SUPPORTIVE,,,[],"[""Cleaner breaker retest""]","Abstain because breaker formation is plausible, but retest quality is weak and the opposing imbalance is fresh and nearby; execution survival is not sufficiently clear.","Abstain: the breaker thesis has strong displacement and supportive analogues, but the supplied retest-quality evidence is weak and the nearby opposing imbalance makes execution uncertain.",5.8
,591813800_1788837043_120154281_1788881169_EURUSD_9343,5,,MICRO_FVG_MID_REVERSAL,,ABSTAIN,ABSTAIN,False,,[],ADVERSE,,,[],"[""Stronger reversal follow-through""]","Abstain because the midpoint reversal evidence is structurally valid, but expansion context and adverse analogue evidence make follow-through too uncertain for capital deployment.","Abstain: the midpoint reversal sequence and virgin FVG are valid, but expansion context, moderate HTF alignment, and adverse historical evidence leave follow-through uncertain.",6.1
,591813800_1788837043_120154281_1788881773_GOLD_32652,0,,MICRO_RANGE_REENTRY,,REJECT,REJECT,False,,"[""STRUCTURAL_CONTRADICTION""]",ADVERSE,,,[],[],"Reject: mandatory range events are present, but expansion dominates compression and the opposing obstacle is too close for a clean reentry.","The required range sequence is present, but the range-reentry thesis is contradicted by expansion-dominant conditions and poor obstacle clearance.",2.5
,591813800_1788837043_120154281_1788881773_GOLD_32652,2,,MICRO_NESTED_CONTINUATION,,REJECT,REJECT,False,,"[""STRUCTURAL_CONTRADICTION""]",ADVERSE,,,[],[],"Reject: parent context and displacement are present, but the FVG is explicitly reversal-class and continuation quality is only 3.0.","Parent context and displacement exist, but the supplied FVG is reversal-class and continuation quality is weak, contradicting the nested continuation thesis.",3.2
,591813800_1788837043_120154281_1788881773_GOLD_32652,3,,MICRO_BREAKER_RETEST,,REJECT,REJECT,False,,"[""MISSING_MANDATORY_EVIDENCE""]",SUPPORTIVE,,,"[""breaker formation"", ""clean retest""]","[""breaker formation"", ""clean retest""]","Reject: the breaker family requires declared source context, breaker formation, and clean retest; formation and clean retest are not explicitly evidenced.","Historical analogues are supportive, but the candidate lacks explicit deterministic evidence for breaker formation and a clean retest, so the thesis cannot be approved.",3.8
