request_id,account,ea_session,symbol,server_time,session_code,killzone_code,action,final_category,final_category_detail,category,reason,events,prior_request_id,prior_age_minutes,ttl_minutes,decision_tier,decision_source,decision_state,python_final_allow,model_family,recorded,final_resolver_reason,adjudicator_ran,analyst_selected_state,consumed_sweep_all_candidates
591813800_1786576585_25279421_1786576625_#Cotton_V26_18939,591813800,591813800_1786576585_25279421,#Cotton_V26,1786576625,NY,K,CALL,REQUIRED_NEW_DECISION,no_prior_authoritative_decision,REQUIRED_NEW_DECISION,no_prior_authoritative_decision,,,,0.0,FULL_STRUCTURED,ai_rejected,REJECT,False,luna,stored,qualitative_block_upheld,True,REJECT,
591813800_1786578562_27257093_1786579498_#Cotton_V26_19977,591813800,591813800_1786578562_27257093,#Cotton_V26,1786579312,NY,NK,CALL,SCHEDULED_REVIEW_WITH_MEANINGFUL_CHANGE,meaningful_change,SCHEDULED_REVIEW_WITH_MEANINGFUL_CHANGE,meaningful_change,identity:python.model_id+python.provider_id+runtime_input_hash|killzone_transition,591813800_1786576585_25279421_1786576625_#Cotton_V26_18939,44.78333333333333,0.0,DEGRADED_NON_TRADING,provider_transport_error,REJECT,False,other,non_full_structured_decision,,False,,
591813800_1786578562_27257093_1786581343_#Cotton_V26_8072,591813800,591813800_1786578562_27257093,#Cotton_V26,1786581342,NY,NK,CALL,UNKNOWN,no_archived_decision,SCHEDULED_REVIEW_WITH_MEANINGFUL_CHANGE,meaningful_change,identity:python.model_id+python.provider_id+runtime_input_hash|killzone_transition,591813800_1786576585_25279421_1786576625_#Cotton_V26_18939,78.61666666666666,0.0,,,,False,unknown,,,False,,
591813800_1786738700_96564671_1786739668_#Euro50_28292,591813800,591813800_1786738700_96564671,#Euro50,1786739667,OFF,NK,CALL,REQUIRED_NEW_DECISION,no_prior_authoritative_decision,REQUIRED_NEW_DECISION,no_prior_authoritative_decision,,,,0.0,FULL_STRUCTURED,ai_abstained,ABSTAIN,False,luna,stored,qualitative_block_upheld,True,ABSTAIN,
591813800_1786561284_9977718_1786561389_#France40_14748,591813800,591813800_1786561284_9977718,#France40,1786561388,OFF,NK,CALL,REQUIRED_NEW_DECISION,no_prior_authoritative_decision,REQUIRED_NEW_DECISION,no_prior_authoritative_decision,,,,0.0,FULL_STRUCTURED,ai_abstained,ABSTAIN,False,other,stored,qualitative_dispute_unresolved,True,ABSTAIN,
591813800_1786689153_47015500_1786689239_#GerTech30_12473,591813800,591813800_1786689153_47015500,#GerTech30,1786689239,ASIA,NK,CALL,UNKNOWN,no_archived_decision,REQUIRED_NEW_DECISION,no_prior_authoritative_decision,,,,0.0,,,,False,unknown,,,False,,
591813800_1786653910_11770718_1786653954_#Germany40_21338,591813800,591813800_1786653910_11770718,#Germany40,1786653954,OFF,NK,CALL,REQUIRED_NEW_DECISION,no_prior_authoritative_decision,REQUIRED_NEW_DECISION,no_prior_authoritative_decision,,,,0.0,FULL_STRUCTURED,ai_abstained,ABSTAIN,False,luna,stored,qualitative_block_upheld,True,ABSTAIN,
591813800_1786999708_97504390_1787007119_#Germany40_12345,591813800,591813800_1786999708_97504390,#Germany40,1787007119,OFF,NK,CALL,SCHEDULED_REVIEW_WITH_MEANINGFUL_CHANGE,meaningful_change,SCHEDULED_REVIEW_WITH_MEANINGFUL_CHANGE,meaningful_change,request_state:is_buy+po3.has_follow_through+po3.htf_choch+po3.htf_mss+po3.liquidity_kind+po3.ltf_choch+po3.ltf_mss+po3.structure_type+po3.sweep_side+po3.t_bos+po3.t_disp+po3.t_sweep|new_candidate,591813800_1786653910_11770718_1786653954_#Germany40_21338,5886.083333333333,0.0,FULL_STRUCTURED,ai_abstained,ABSTAIN,False,luna,stored,qualitative_block_upheld,True,ABSTAIN,
591813800_1786999708_97504390_1787008042_#Germany40_10252,591813800,591813800_1786999708_97504390,#Germany40,1787008042,NY,K,CALL,SCHEDULED_REVIEW_WITH_MEANINGFUL_CHANGE,meaningful_change,SCHEDULED_REVIEW_WITH_MEANINGFUL_CHANGE,meaningful_change,session_transition|killzone_transition,591813800_1786999708_97504390_1787007119_#Germany40_12345,15.383333333333333,0.0,FULL_STRUCTURED,ai_abstained,ABSTAIN,False,luna,stored,qualitative_block_upheld,True,ABSTAIN,
591813800_1786999708_97504390_1787009887_#Germany40_23129,591813800,591813800_1786999708_97504390,#Germany40,1787009887,NY,K,CALL,OTHER_REQUIRED,borderline_prior_requires_fresh_review,OTHER_REQUIRED,borderline_prior_requires_fresh_review,,591813800_1786999708_97504390_1787008042_#Germany40_10252,30.75,0.0,FULL_STRUCTURED,ai_abstained,ABSTAIN,False,luna,stored,qualitative_block_upheld,True,ABSTAIN,
591813800_1788495063_34619250_1788503358_#Germany40_19962,591813800,591813800_1788495063_34619250,#Germany40,1788503048,ASIA,NK,CALL,SCHEDULED_REVIEW_WITH_MEANINGFUL_CHANGE,meaningful_change,SCHEDULED_REVIEW_WITH_MEANINGFUL_CHANGE,meaningful_change,identity:contract_manifest_hash+decision_input_hash+python.family_profile_version+python.model_id+python.provider_id+runtime_input_hash|session_transition|killzone_transition|request_state:po3.htf_choch+po3.htf_mss+po3.ltf_choch+po3.ltf_mss+po3.structure_type+po3.t_bos+po3.t_disp+po3.t_sweep|new_candidate,591813800_1786999708_97504390_1787009887_#Germany40_23129,24886.016666666666,0.0,DEGRADED_NON_TRADING,provider_transport_error,REJECT,False,other,non_full_structured_decision,,False,,
591813800_1788495063_34619250_1788505184_#Germany40_17844,591813800,591813800_1788495063_34619250,#Germany40,1788503048,ASIA,NK,CALL,SCHEDULED_REVIEW_WITH_MEANINGFUL_CHANGE,meaningful_change,SCHEDULED_REVIEW_WITH_MEANINGFUL_CHANGE,meaningful_change,identity:contract_manifest_hash+decision_input_hash+python.family_profile_version+python.model_id+python.provider_id+runtime_input_hash|session_transition|killzone_transition|request_state:po3.htf_choch+po3.htf_mss+po3.ltf_choch+po3.ltf_mss+po3.structure_type+po3.t_bos+po3.t_disp+po3.t_sweep|new_candidate,591813800_1786999708_97504390_1787009887_#Germany40_23129,24886.016666666666,0.0,DEGRADED_NON_TRADING,provider_transport_error,REJECT,False,other,non_full_structured_decision,,False,,
591813800_1788495063_34619250_1788507010_#Germany40_13543,591813800,591813800_1788495063_34619250,#Germany40,1788503048,ASIA,NK,CALL,SCHEDULED_REVIEW_WITH_MEANINGFUL_CHANGE,meaningful_change,SCHEDULED_REVIEW_WITH_MEANINGFUL_CHANGE,meaningful_change,identity:contract_manifest_hash+decision_input_hash+python.family_profile_version+python.model_id+python.provider_id+runtime_input_hash|session_transition|killzone_transition|request_state:po3.htf_choch+po3.htf_mss+po3.ltf_choch+po3.ltf_mss+po3.structure_type+po3.t_bos+po3.t_disp+po3.t_sweep|new_candidate,591813800_1786999708_97504390_1787009887_#Germany40_23129,24886.016666666666,0.0,DEGRADED_NON_TRADING,provider_transport_error,REJECT,False,other,non_full_structured_decision,,False,,
591813800_1788495063_34619250_1788508836_#Germany40_9246,591813800,591813800_1788495063_34619250,#Germany40,1788503048,ASIA,NK,CALL,SCHEDULED_REVIEW_WITH_MEANINGFUL_CHANGE,meaningful_change,SCHEDULED_REVIEW_WITH_MEANINGFUL_CHANGE,meaningful_change,identity:contract_manifest_hash+decision_input_hash+python.family_profile_version+python.model_id+python.provider_id+runtime_input_hash|session_transition|killzone_transition|request_state:po3.htf_choch+po3.htf_mss+po3.ltf_choch+po3.ltf_mss+po3.structure_type+po3.t_bos+po3.t_disp+po3.t_sweep|new_candidate,591813800_1786999708_97504390_1787009887_#Germany40_23129,24886.016666666666,0.0,DEGRADED_NON_TRADING,provider_transport_error,REJECT,False,other,non_full_structured_decision,,False,,
591813800_1788495063_34619250_1788510662_#Germany40_26505,591813800,591813800_1788495063_34619250,#Germany40,1788503048,ASIA,NK,CALL,SCHEDULED_REVIEW_WITH_MEANINGFUL_CHANGE,meaningful_change,SCHEDULED_REVIEW_WITH_MEANINGFUL_CHANGE,meaningful_change,identity:contract_manifest_hash+decision_input_hash+python.family_profile_version+python.model_id+python.provider_id+runtime_input_hash|session_transition|killzone_transition|request_state:po3.htf_choch+po3.htf_mss+po3.ltf_choch+po3.ltf_mss+po3.structure_type+po3.t_bos+po3.t_disp+po3.t_sweep|new_candidate,591813800_1786999708_97504390_1787009887_#Germany40_23129,24886.016666666666,0.0,DEGRADED_NON_TRADING,provider_transport_error,REJECT,False,other,non_full_structured_decision,,False,,
591813800_1788495063_34619250_1788512485_#Germany40_13962,591813800,591813800_1788495063_34619250,#Germany40,1788503048,ASIA,NK,CALL,SCHEDULED_REVIEW_WITH_MEANINGFUL_CHANGE,meaningful_change,SCHEDULED_REVIEW_WITH_MEANINGFUL_CHANGE,meaningful_change,identity:contract_manifest_hash+decision_input_hash+python.family_profile_version+python.model_id+python.provider_id+runtime_input_hash|session_transition|killzone_transition|request_state:po3.htf_choch+po3.htf_mss+po3.ltf_choch+po3.ltf_mss+po3.structure_type+po3.t_bos+po3.t_disp+po3.t_sweep|new_candidate,591813800_1786999708_97504390_1787009887_#Germany40_23129,24886.016666666666,0.0,DEGRADED_NON_TRADING,provider_transport_error,REJECT,False,other,non_full_structured_decision,,False,,
591813800_1788495063_34619250_1788514311_#Germany40_20550,591813800,591813800_1788495063_34619250,#Germany40,1788503048,ASIA,NK,CALL,SCHEDULED_REVIEW_WITH_MEANINGFUL_CHANGE,meaningful_change,SCHEDULED_REVIEW_WITH_MEANINGFUL_CHANGE,meaningful_change,identity:contract_manifest_hash+decision_input_hash+python.family_profile_version+python.model_id+python.provider_id+runtime_input_hash|session_transition|killzone_transition|request_state:po3.htf_choch+po3.htf_mss+po3.ltf_choch+po3.ltf_mss+po3.structure_type+po3.t_bos+po3.t_disp+po3.t_sweep|new_candidate,591813800_1786999708_97504390_1787009887_#Germany40_23129,24886.016666666666,0.0,DEGRADED_NON_TRADING,provider_transport_error,REJECT,False,other,non_full_structured_decision,,False,,
591813800_1788495063_34619250_1788516137_#Germany40_1858,591813800,591813800_1788495063_34619250,#Germany40,1788503048,ASIA,NK,CALL,SCHEDULED_REVIEW_WITH_MEANINGFUL_CHANGE,meaningful_change,SCHEDULED_REVIEW_WITH_MEANINGFUL_CHANGE,meaningful_change,identity:contract_manifest_hash+decision_input_hash+python.family_profile_version+python.model_id+python.provider_id+runtime_input_hash|session_transition|killzone_transition|request_state:po3.htf_choch+po3.htf_mss+po3.ltf_choch+po3.ltf_mss+po3.structure_type+po3.t_bos+po3.t_disp+po3.t_sweep|new_candidate,591813800_1786999708_97504390_1787009887_#Germany40_23129,24886.016666666666,0.0,DEGRADED_NON_TRADING,provider_transport_error,REJECT,False,other,non_full_structured_decision,,False,,
591813800_1788495063_34619250_1788517962_#Germany40_17501,591813800,591813800_1788495063_34619250,#Germany40,1788503048,ASIA,NK,CALL,SCHEDULED_REVIEW_WITH_MEANINGFUL_CHANGE,meaningful_change,SCHEDULED_REVIEW_WITH_MEANINGFUL_CHANGE,meaningful_change,identity:contract_manifest_hash+decision_input_hash+python.family_profile_version+python.model_id+python.provider_id+runtime_input_hash|session_transition|killzone_transition|request_state:po3.htf_choch+po3.htf_mss+po3.ltf_choch+po3.ltf_mss+po3.structure_type+po3.t_bos+po3.t_disp+po3.t_sweep|new_candidate,591813800_1786999708_97504390_1787009887_#Germany40_23129,24886.016666666666,0.0,DEGRADED_NON_TRADING,provider_transport_error,REJECT,False,other,non_full_structured_decision,,False,,
591813800_1788495063_34619250_1788519787_#Germany40_4615,591813800,591813800_1788495063_34619250,#Germany40,1788503048,ASIA,NK,CALL,SCHEDULED_REVIEW_WITH_MEANINGFUL_CHANGE,meaningful_change,SCHEDULED_REVIEW_WITH_MEANINGFUL_CHANGE,meaningful_change,identity:contract_manifest_hash+decision_input_hash+python.family_profile_version+python.model_id+python.provider_id+runtime_input_hash|session_transition|killzone_transition|request_state:po3.htf_choch+po3.htf_mss+po3.ltf_choch+po3.ltf_mss+po3.structure_type+po3.t_bos+po3.t_disp+po3.t_sweep|new_candidate,591813800_1786999708_97504390_1787009887_#Germany40_23129,24886.016666666666,0.0,DEGRADED_NON_TRADING,provider_transport_error,REJECT,False,other,non_full_structured_decision,,False,,
591813800_1788495063_34619250_1788521613_#Germany40_6642,591813800,591813800_1788495063_34619250,#Germany40,1788503048,ASIA,NK,CALL,SCHEDULED_REVIEW_WITH_MEANINGFUL_CHANGE,meaningful_change,SCHEDULED_REVIEW_WITH_MEANINGFUL_CHANGE,meaningful_change,identity:contract_manifest_hash+decision_input_hash+python.family_profile_version+python.model_id+python.provider_id+runtime_input_hash|session_transition|killzone_transition|request_state:po3.htf_choch+po3.htf_mss+po3.ltf_choch+po3.ltf_mss+po3.structure_type+po3.t_bos+po3.t_disp+po3.t_sweep|new_candidate,591813800_1786999708_97504390_1787009887_#Germany40_23129,24886.016666666666,0.0,DEGRADED_NON_TRADING,provider_transport_error,REJECT,False,other,non_full_structured_decision,,False,,
591813800_1788495063_34619250_1788523439_#Germany40_30110,591813800,591813800_1788495063_34619250,#Germany40,1788503048,ASIA,NK,CALL,SCHEDULED_REVIEW_WITH_MEANINGFUL_CHANGE,meaningful_change,SCHEDULED_REVIEW_WITH_MEANINGFUL_CHANGE,meaningful_change,identity:contract_manifest_hash+decision_input_hash+python.family_profile_version+python.model_id+python.provider_id+runtime_input_hash|session_transition|killzone_transition|request_state:po3.htf_choch+po3.htf_mss+po3.ltf_choch+po3.ltf_mss+po3.structure_type+po3.t_bos+po3.t_disp+po3.t_sweep|new_candidate,591813800_1786999708_97504390_1787009887_#Germany40_23129,24886.016666666666,0.0,DEGRADED_NON_TRADING,provider_transport_error,REJECT,False,other,non_full_structured_decision,,False,,
591813800_1788495063_34619250_1788525265_#Germany40_15327,591813800,591813800_1788495063_34619250,#Germany40,1788503048,ASIA,NK,CALL,SCHEDULED_REVIEW_WITH_MEANINGFUL_CHANGE,meaningful_change,SCHEDULED_REVIEW_WITH_MEANINGFUL_CHANGE,meaningful_change,identity:contract_manifest_hash+decision_input_hash+python.family_profile_version+python.model_id+python.provider_id+runtime_input_hash|session_transition|killzone_transition|request_state:po3.htf_choch+po3.htf_mss+po3.ltf_choch+po3.ltf_mss+po3.structure_type+po3.t_bos+po3.t_disp+po3.t_sweep|new_candidate,591813800_1786999708_97504390_1787009887_#Germany40_23129,24886.016666666666,0.0,DEGRADED_NON_TRADING,provider_transport_error,REJECT,False,other,non_full_structured_decision,,False,,
591813800_1788495063_34619250_1788527106_#Germany40_26232,591813800,591813800_1788495063_34619250,#Germany40,1788527106,LON,NK,CALL,SCHEDULED_REVIEW_WITH_MEANINGFUL_CHANGE,meaningful_change,SCHEDULED_REVIEW_WITH_MEANINGFUL_CHANGE,meaningful_change,identity:contract_manifest_hash+decision_input_hash+python.family_profile_version+runtime_input_hash|session_transition|killzone_transition|request_state:po3.htf_choch+po3.htf_mss+po3.ltf_choch+po3.ltf_mss+po3.structure_type+po3.t_bos+po3.t_disp+po3.t_sweep|new_candidate,591813800_1786999708_97504390_1787009887_#Germany40_23129,25286.983333333334,0.0,FULL_STRUCTURED,ai_abstained,ABSTAIN,False,luna,stored,qualitative_block_upheld,True,ABSTAIN,
591813800_1788837043_120154281_1788837050_#Germany40_11885,591813800,591813800_1788837043_120154281,#Germany40,1788837049,ASIA,NK,CALL,SCHEDULED_REVIEW_WITH_MEANINGFUL_CHANGE,meaningful_change,SCHEDULED_REVIEW_WITH_MEANINGFUL_CHANGE,meaningful_change,identity:decision_input_hash+runtime_input_hash|session_transition|request_state:po3.context_tier+po3.developing_bos+po3.has_bos+po3.htf_bos+po3.htf_choch+po3.htf_mss+po3.ltf_choch+po3.ltf_mss+po3.po3_state+po3.structure_type+po3.t_bos+po3.t_disp+po3.t_sweep|new_candidate,591813800_1788495063_34619250_1788527106_#Germany40_26232,5165.716666666666,0.0,FULL_STRUCTURED,ai_abstained,ABSTAIN,False,luna,stored,analyst_abstain_below_adjudication_floor,False,ABSTAIN,
591813800_1788837043_120154281_1788838257_#Germany40_30263,591813800,591813800_1788837043_120154281,#Germany40,1788838256,ASIA,NK,REUSE,UNCHANGED_STATE,unchanged_decisive_non_approval_within_ttl,UNCHANGED_STATE,unchanged_decisive_non_approval_within_ttl,,591813800_1788837043_120154281_1788837050_#Germany40_11885,20.116666666666667,30.0,FULL_STRUCTURED,ai_rejected,REJECT,False,luna,,analyst_reject,False,REJECT,
591813800_1788837043_120154281_1788838861_#Germany40_23286,591813800,591813800_1788837043_120154281,#Germany40,1788838861,ASIA,NK,CALL,SCHEDULED_REVIEW_WITH_MEANINGFUL_CHANGE,meaningful_change,SCHEDULED_REVIEW_WITH_MEANINGFUL_CHANGE,meaningful_change,price_drift|new_candidate,591813800_1788837043_120154281_1788837050_#Germany40_11885,30.2,0.0,FULL_STRUCTURED,ai_abstained,ABSTAIN,False,luna,stored,qualitative_block_upheld,True,ABSTAIN,
591813800_1788837043_120154281_1788840069_#Germany40_23188,591813800,591813800_1788837043_120154281,#Germany40,1788840068,ASIA,NK,CALL,REQUIRED_NEW_DECISION,meaningful_change,REQUIRED_NEW_DECISION,meaningful_change,regime_label,591813800_1788837043_120154281_1788838861_#Germany40_23286,20.116666666666667,0.0,FULL_STRUCTURED,ai_abstained,ABSTAIN,False,luna,stored,analyst_abstain_below_adjudication_floor,False,ABSTAIN,
591813800_1788837043_120154281_1788841277_#Germany40_5208,591813800,591813800_1788837043_120154281,#Germany40,1788841276,ASIA,NK,REUSE,UNCHANGED_STATE,unchanged_decisive_non_approval_within_ttl,UNCHANGED_STATE,unchanged_decisive_non_approval_within_ttl,,591813800_1788837043_120154281_1788840069_#Germany40_23188,20.133333333333333,30.0,FULL_STRUCTURED,ai_approved,APPROVE,True,luna,,adjudicator_resolved_qualitative_dispute,True,APPROVE,
591813800_1788837043_120154281_1788843091_#Germany40_7893,591813800,591813800_1788837043_120154281,#Germany40,1788843091,ASIA,NK,CALL,OTHER_REQUIRED,decisive_prior_ttl_expired,OTHER_REQUIRED,decisive_prior_ttl_expired,,591813800_1788837043_120154281_1788840069_#Germany40_23188,50.38333333333333,30.0,FULL_STRUCTURED,ai_approved,APPROVE,True,luna,stored,analyst_approve_critic_pass,False,APPROVE,
591813800_1788837043_120154281_1788844299_#Germany40_9560,591813800,591813800_1788837043_120154281,#Germany40,1788844299,ASIA,NK,CALL,REQUIRED_NEW_DECISION,prior_decision_approved_never_reused,REQUIRED_NEW_DECISION,prior_decision_approved_never_reused,,591813800_1788837043_120154281_1788843091_#Germany40_7893,20.133333333333333,0.0,FULL_STRUCTURED,ai_approved,APPROVE,True,luna,stored,analyst_approve_critic_pass,False,APPROVE,
591813800_1788837043_120154281_1788857594_#Germany40_27416,591813800,591813800_1788837043_120154281,#Germany40,1788857593,ASIA,NK,CALL,REQUIRED_NEW_DECISION,prior_decision_approved_never_reused,REQUIRED_NEW_DECISION,prior_decision_approved_never_reused,,591813800_1788837043_120154281_1788844299_#Germany40_9560,221.56666666666666,0.0,FULL_STRUCTURED,ai_abstained,ABSTAIN,False,luna,stored,analyst_abstain_below_adjudication_floor,False,ABSTAIN,
591813800_1788837043_120154281_1788872101_#Germany40_16241,591813800,591813800_1788837043_120154281,#Germany40,1788872100,ASIA,K,CALL,SCHEDULED_REVIEW_WITH_MEANINGFUL_CHANGE,meaningful_change,SCHEDULED_REVIEW_WITH_MEANINGFUL_CHANGE,meaningful_change,killzone_transition|request_state:po3.developing_bos+po3.has_follow_through+po3.has_sweep+po3.liquidity_kind+po3.ltf_bos+po3.ltf_choch+po3.ltf_mss+po3.structure_type+po3.sweep_side+po3.t_disp+po3.t_sweep|new_candidate,591813800_1788837043_120154281_1788857594_#Germany40_27416,241.78333333333333,0.0,FULL_STRUCTURED,ai_rejected,REJECT,False,luna,stored,analyst_reject,False,REJECT,
591813800_1788837043_120154281_1788876940_#Germany40_24030,591813800,591813800_1788837043_120154281,#Germany40,1788876940,LON,NK,CALL,SCHEDULED_REVIEW_WITH_MEANINGFUL_CHANGE,meaningful_change,SCHEDULED_REVIEW_WITH_MEANINGFUL_CHANGE,meaningful_change,session_transition|killzone_transition|request_state:po3.t_disp+po3.t_sweep|new_candidate,591813800_1788837043_120154281_1788872101_#Germany40_16241,80.66666666666667,0.0,FULL_STRUCTURED,ai_rejected,REJECT,False,luna,stored,analyst_reject,False,REJECT,
591813800_1788837043_120154281_1788878149_#Germany40_28329,591813800,591813800_1788837043_120154281,#Germany40,1788878149,LON,NK,CALL,OTHER_REQUIRED,decisive_prior_ttl_expired,OTHER_REQUIRED,decisive_prior_ttl_expired,,591813800_1788837043_120154281_1788876940_#Germany40_24030,20.15,15.0,FULL_STRUCTURED,ai_rejected,REJECT,False,luna,stored,analyst_reject,False,REJECT,
591813800_1788837043_120154281_1788879961_#Germany40_17789,591813800,591813800_1788837043_120154281,#Germany40,1788879960,LON,NK,CALL,SCHEDULED_REVIEW_WITH_MEANINGFUL_CHANGE,meaningful_change,SCHEDULED_REVIEW_WITH_MEANINGFUL_CHANGE,meaningful_change,request_state:po3.liquidity_kind+po3.structure_type+po3.sweep_side+po3.t_disp+po3.t_sweep|new_candidate,591813800_1788837043_120154281_1788878149_#Germany40_28329,30.183333333333334,0.0,FULL_STRUCTURED,ai_abstained,ABSTAIN,False,luna,stored,analyst_abstain_below_adjudication_floor,False,ABSTAIN,
591813800_1788837043_120154281_1788881169_#Germany40_9113,591813800,591813800_1788837043_120154281,#Germany40,1788881168,LON,NK,CALL,OTHER_REQUIRED,borderline_prior_requires_fresh_review,OTHER_REQUIRED,borderline_prior_requires_fresh_review,,591813800_1788837043_120154281_1788879961_#Germany40_17789,20.133333333333333,0.0,FULL_STRUCTURED,ai_abstained,ABSTAIN,False,luna,stored,qualitative_dispute_unresolved,True,ABSTAIN,
591813800_1788837043_120154281_1788882377_#Germany40_23937,591813800,591813800_1788837043_120154281,#Germany40,1788882377,LON,NK,CALL,UNKNOWN,no_archived_decision,SCHEDULED_REVIEW_WITH_MEANINGFUL_CHANGE,meaningful_change,new_candidate,591813800_1788837043_120154281_1788881169_#Germany40_9113,20.15,0.0,,,,False,unknown,,,False,,
591813800_1788891743_174857593_1788891764_#Germany40_13674,591813800,591813800_1788891743_174857593,#Germany40,1788891764,LON,NK,CALL,SCHEDULED_REVIEW_WITH_MEANINGFUL_CHANGE,meaningful_change,SCHEDULED_REVIEW_WITH_MEANINGFUL_CHANGE,meaningful_change,identity:decision_input_hash+python.family_profile_version+python.model_id+python.prompt_contract_version+python.provider_id+runtime_input_hash|request_state:po3.developing_bos+po3.has_sweep+po3.liquidity_kind+po3.ltf_bos+po3.ltf_choch+po3.ltf_mss+po3.structure_type+po3.sweep_side+po3.t_disp+po3.t_sweep|new_candidate,591813800_1788837043_120154281_1788881169_#Germany40_9113,176.6,0.0,DEGRADED_NON_TRADING,local_pipeline_error,REJECT,False,luna,non_full_structured_decision,,False,,
591813800_1788891952_175066921_1788891963_#Germany40_9729,591813800,591813800_1788891952_175066921,#Germany40,1788891962,LON,NK,CALL,SCHEDULED_REVIEW_WITH_MEANINGFUL_CHANGE,meaningful_change,SCHEDULED_REVIEW_WITH_MEANINGFUL_CHANGE,meaningful_change,identity:decision_input_hash+python.family_profile_version+python.prompt_contract_version+runtime_input_hash|request_state:po3.developing_bos+po3.has_sweep+po3.liquidity_kind+po3.ltf_bos+po3.ltf_choch+po3.ltf_mss+po3.structure_type+po3.sweep_side+po3.t_disp+po3.t_sweep|new_candidate,591813800_1788837043_120154281_1788881169_#Germany40_9113,179.9,0.0,DEGRADED_NON_TRADING,local_pipeline_error,REJECT,False,luna,non_full_structured_decision,,False,,
591813800_1788925102_208218984_1788930616_#Germany40_24747,591813800,591813800_1788925102_208218984,#Germany40,1788930616,ASIA,NK,CALL,SCHEDULED_REVIEW_WITH_MEANINGFUL_CHANGE,meaningful_change,SCHEDULED_REVIEW_WITH_MEANINGFUL_CHANGE,meaningful_change,identity:contract_manifest_hash+decision_input_hash+python.family_profile_version+python.model_id+python.provider_id+runtime_input_hash|session_transition|request_state:is_buy+po3.liquidity_kind+po3.t_disp|new_candidate,591813800_1788837043_120154281_1788881169_#Germany40_9113,824.1333333333333,0.0,FULL_STRUCTURED,ai_abstained,ABSTAIN,False,luna,stored,analyst_abstain_below_adjudication_floor,False,ABSTAIN,
591813800_1788925102_208218984_1788933644_#Germany40_1529,591813800,591813800_1788925102_208218984,#Germany40,1788933644,ASIA,NK,CALL,SCHEDULED_REVIEW_WITH_MEANINGFUL_CHANGE,meaningful_change,SCHEDULED_REVIEW_WITH_MEANINGFUL_CHANGE,meaningful_change,price_drift|new_candidate,591813800_1788925102_208218984_1788930616_#Germany40_24747,50.46666666666667,0.0,FULL_STRUCTURED,ai_abstained,ABSTAIN,False,luna,stored,qualitative_dispute_unresolved,True,ABSTAIN,
591813800_1788925102_208218984_1788947641_#Germany40_11693,591813800,591813800_1788925102_208218984,#Germany40,1788947640,ASIA,NK,CALL,SCHEDULED_REVIEW_WITH_MEANINGFUL_CHANGE,meaningful_change,SCHEDULED_REVIEW_WITH_MEANINGFUL_CHANGE,meaningful_change,request_state:po3.t_disp|new_candidate,591813800_1788925102_208218984_1788933644_#Germany40_1529,233.26666666666668,0.0,FULL_STRUCTURED,ai_abstained,ABSTAIN,False,luna,stored,analyst_abstain_below_adjudication_floor,False,ABSTAIN,
591813800_1786661610_19471531_1786664408_#Germany50_1084,591813800,591813800_1786661610_19471531,#Germany50,1786664408,NY,K,CALL,REQUIRED_NEW_DECISION,no_prior_authoritative_decision,REQUIRED_NEW_DECISION,no_prior_authoritative_decision,,,,0.0,FULL_STRUCTURED,ai_rejected,REJECT,False,luna,stored,qualitative_block_upheld,True,REJECT,
591813800_1788540249_79807218_1788544883_#HongKong50_13049,591813800,591813800_1788540249_79807218,#HongKong50,1788544882,LON,NK,CALL,REQUIRED_NEW_DECISION,no_prior_authoritative_decision,REQUIRED_NEW_DECISION,no_prior_authoritative_decision,,,,0.0,FULL_STRUCTURED,ai_abstained,ABSTAIN,False,luna,stored,qualitative_block_upheld,True,ABSTAIN,
591813800_1786509126_394060796_1786509841_#Japan225_30474,591813800,591813800_1786509126_394060796,#Japan225,1786509841,ASIA,NK,CALL,REQUIRED_NEW_DECISION,no_prior_authoritative_decision,REQUIRED_NEW_DECISION,no_prior_authoritative_decision,,,,0.0,FULL_STRUCTURED,ai_abstained,ABSTAIN,False,other,stored,qualitative_dispute_unresolved,True,ABSTAIN,
591813800_1786509126_394060796_1786510154_#Japan225_19134,591813800,591813800_1786509126_394060796,#Japan225,1786510153,ASIA,NK,CALL,REQUIRED_NEW_DECISION,meaningful_change,REQUIRED_NEW_DECISION,meaningful_change,request_state:po3.context_tier+po3.developing_bos+po3.has_bos+po3.htf_bos+po3.htf_choch+po3.htf_mss+po3.liquidity_kind+po3.po3_state+po3.structure_type+po3.t_bos+po3.t_disp+po3.t_sweep|new_candidate,591813800_1786509126_394060796_1786509841_#Japan225_30474,5.2,0.0,FULL_STRUCTURED,ai_abstained,ABSTAIN,False,other,stored,qualitative_dispute_unresolved,True,ABSTAIN,
591813800_1786509126_394060796_1786511094_#Japan225_20810,591813800,591813800_1786509126_394060796,#Japan225,1786511094,ASIA,NK,CALL,REQUIRED_NEW_DECISION,meaningful_change,REQUIRED_NEW_DECISION,meaningful_change,new_candidate|candidate_state:fvg_execution_class+fvg_mid_mitigated+fvg_mitigation_state+fvg_touched,591813800_1786509126_394060796_1786510154_#Japan225_19134,15.683333333333334,0.0,FULL_STRUCTURED,ai_abstained,ABSTAIN,False,other,stored,qualitative_dispute_unresolved,True,ABSTAIN,
591813800_1786671926_29787281_1786672895_#Japan225_18699,591813800,591813800_1786671926_29787281,#Japan225,1786672895,NY,NK,CALL,SCHEDULED_REVIEW_WITH_MEANINGFUL_CHANGE,meaningful_change,SCHEDULED_REVIEW_WITH_MEANINGFUL_CHANGE,meaningful_change,identity:decision_input_hash+python.model_id+runtime_input_hash|session_transition|request_state:po3.context_tier+po3.developing_bos+po3.has_bos+po3.htf_bos+po3.ltf_choch+po3.ltf_mss+po3.po3_state+po3.structure_type+po3.t_bos+po3.t_disp+po3.t_sweep|new_candidate,591813800_1786509126_394060796_1786511094_#Japan225_20810,2696.6833333333334,0.0,FULL_STRUCTURED,ai_abstained,ABSTAIN,False,luna,stored,qualitative_block_upheld,True,ABSTAIN,
591813800_1786671926_29787281_1786673812_#Japan225_19426,591813800,591813800_1786671926_29787281,#Japan225,1786673811,NY,NK,CALL,OTHER_REQUIRED,borderline_prior_requires_fresh_review,OTHER_REQUIRED,borderline_prior_requires_fresh_review,,591813800_1786671926_29787281_1786672895_#Japan225_18699,15.266666666666667,0.0,FULL_STRUCTURED,ai_rejected,REJECT,False,luna,stored,qualitative_block_upheld,True,REJECT,
591813800_1786676046_33908046_1786676096_#Japan225_2798,591813800,591813800_1786676046_33908046,#Japan225,1786676096,NY,NK,CALL,OTHER_REQUIRED,decisive_prior_ttl_expired,OTHER_REQUIRED,decisive_prior_ttl_expired,,591813800_1786671926_29787281_1786673812_#Japan225_19426,38.083333333333336,7.0,FULL_STRUCTURED,ai_abstained,ABSTAIN,False,luna,stored,qualitative_block_upheld,True,ABSTAIN,
591813800_1786676046_33908046_1786677932_#Japan225_30502,591813800,591813800_1786676046_33908046,#Japan225,1786677931,ASIA,NK,CALL,SCHEDULED_REVIEW_WITH_MEANINGFUL_CHANGE,meaningful_change,SCHEDULED_REVIEW_WITH_MEANINGFUL_CHANGE,meaningful_change,session_transition,591813800_1786676046_33908046_1786676096_#Japan225_2798,30.583333333333332,0.0,FULL_STRUCTURED,ai_abstained,ABSTAIN,False,luna,stored,qualitative_block_upheld,True,ABSTAIN,
591813800_1786681844_39706125_1786681988_#Japan225_19858,591813800,591813800_1786681844_39706125,#Japan225,1786681988,ASIA,NK,CALL,OTHER_REQUIRED,borderline_prior_requires_fresh_review,OTHER_REQUIRED,borderline_prior_requires_fresh_review,,591813800_1786676046_33908046_1786677932_#Japan225_30502,67.61666666666666,0.0,FULL_STRUCTURED,ai_abstained,ABSTAIN,False,luna,stored,qualitative_block_upheld,True,ABSTAIN,
591813800_1786681844_39706125_1786683829_#Japan225_23500,591813800,591813800_1786681844_39706125,#Japan225,1786683828,ASIA,NK,CALL,OTHER_REQUIRED,borderline_prior_requires_fresh_review,OTHER_REQUIRED,borderline_prior_requires_fresh_review,,591813800_1786681844_39706125_1786681988_#Japan225_19858,30.666666666666668,0.0,FULL_STRUCTURED,ai_abstained,ABSTAIN,False,luna,stored,qualitative_block_upheld,True,ABSTAIN,
591813800_1786681844_39706125_1786684750_#Japan225_23924,591813800,591813800_1786681844_39706125,#Japan225,1786684750,ASIA,NK,CALL,OTHER_REQUIRED,borderline_prior_requires_fresh_review,OTHER_REQUIRED,borderline_prior_requires_fresh_review,,591813800_1786681844_39706125_1786683829_#Japan225_23500,15.366666666666667,0.0,FULL_STRUCTURED,ai_abstained,ABSTAIN,False,luna,stored,qualitative_block_upheld,True,ABSTAIN,
591813800_1786691416_49279437_1786691526_#Japan225_11008,591813800,591813800_1786691416_49279437,#Japan225,1786691525,ASIA,NK,CALL,UNKNOWN,no_archived_decision,SCHEDULED_REVIEW_WITH_MEANINGFUL_CHANGE,meaningful_change,new_candidate,591813800_1786681844_39706125_1786684750_#Japan225_23924,112.91666666666667,0.0,,,,False,unknown,,,False,,
591813800_1786744136_102001000_1786750585_#Japan225_12585,591813800,591813800_1786744136_102001000,#Japan225,1786750584,NY,K,CALL,SCHEDULED_REVIEW_WITH_MEANINGFUL_CHANGE,meaningful_change,SCHEDULED_REVIEW_WITH_MEANINGFUL_CHANGE,meaningful_change,session_transition|killzone_transition|new_candidate,591813800_1786681844_39706125_1786684750_#Japan225_23924,1097.2333333333333,0.0,FULL_STRUCTURED,ai_abstained,ABSTAIN,False,luna,stored,qualitative_block_upheld,True,ABSTAIN,
591813800_1786744136_102001000_1786751503_#Japan225_3532,591813800,591813800_1786744136_102001000,#Japan225,1786751502,NY,K,CALL,OTHER_REQUIRED,borderline_prior_requires_fresh_review,OTHER_REQUIRED,borderline_prior_requires_fresh_review,,591813800_1786744136_102001000_1786750585_#Japan225_12585,15.3,0.0,FULL_STRUCTURED,ai_abstained,ABSTAIN,False,luna,stored,qualitative_block_upheld,True,ABSTAIN,
591813800_1788540249_79807218_1788540288_#Japan225_11305,591813800,591813800_1788540249_79807218,#Japan225,1788540288,LON,NK,CALL,SCHEDULED_REVIEW_WITH_MEANINGFUL_CHANGE,meaningful_change,SCHEDULED_REVIEW_WITH_MEANINGFUL_CHANGE,meaningful_change,identity:contract_manifest_hash+decision_input_hash+python.family_profile_version+runtime_input_hash|session_transition|killzone_transition|request_state:po3.htf_choch+po3.htf_mss+po3.liquidity_kind+po3.ltf_choch+po3.ltf_mss+po3.structure_type+po3.t_bos+po3.t_disp+po3.t_sweep|new_candidate,591813800_1786744136_102001000_1786751503_#Japan225_3532,29813.1,0.0,FULL_STRUCTURED,ai_abstained,ABSTAIN,False,luna,stored,qualitative_block_upheld,True,ABSTAIN,
591813800_1788767771_50878171_1788767799_#Japan225_27129,591813800,591813800_1788767771_50878171,#Japan225,1788767798,ASIA,NK,CALL,UNKNOWN,no_archived_decision,SCHEDULED_REVIEW_WITH_MEANINGFUL_CHANGE,meaningful_change,identity:decision_input_hash+runtime_input_hash|session_transition|new_candidate,591813800_1788540249_79807218_1788540288_#Japan225_11305,3791.8333333333335,0.0,,,,False,unknown,,,False,,
591813800_1788767828_50935000_1788767839_#Japan225_16301,591813800,591813800_1788767828_50935000,#Japan225,1788767838,ASIA,NK,CALL,SCHEDULED_REVIEW_WITH_MEANINGFUL_CHANGE,meaningful_change,SCHEDULED_REVIEW_WITH_MEANINGFUL_CHANGE,meaningful_change,identity:decision_input_hash+python.model_id+python.provider_id+runtime_input_hash|session_transition|new_candidate,591813800_1788540249_79807218_1788540288_#Japan225_11305,3792.5,0.0,FULL_STRUCTURED,ai_abstained,ABSTAIN,False,other,stored,qualitative_block_upheld,True,ABSTAIN,
591813800_1788767828_50935000_1788772406_#Japan225_15384,591813800,591813800_1788767828_50935000,#Japan225,1788772405,ASIA,NK,CALL,REQUIRED_NEW_DECISION,prior_decision_approved_never_reused,REQUIRED_NEW_DECISION,prior_decision_approved_never_reused,,591813800_1788767828_50935000_1788767839_#Japan225_16301,76.11666666666666,0.0,FULL_STRUCTURED,ai_abstained,ABSTAIN,False,other,stored,qualitative_dispute_unresolved,True,ABSTAIN,
591813800_1788767828_50935000_1788775132_#Japan225_26670,591813800,591813800_1788767828_50935000,#Japan225,1788775131,ASIA,NK,CALL,SCHEDULED_REVIEW_WITH_MEANINGFUL_CHANGE,meaningful_change,SCHEDULED_REVIEW_WITH_MEANINGFUL_CHANGE,meaningful_change,identity:python.model_id+python.provider_id|new_candidate,591813800_1788767828_50935000_1788772406_#Japan225_15384,45.43333333333333,0.0,DEGRADED_NON_TRADING,structured_response_invalid,REJECT,False,other,non_full_structured_decision,,False,,
591813800_1788767828_50935000_1788777858_#Japan225_31275,591813800,591813800_1788767828_50935000,#Japan225,1788777858,ASIA,NK,CALL,OTHER_REQUIRED,borderline_prior_requires_fresh_review,OTHER_REQUIRED,borderline_prior_requires_fresh_review,,591813800_1788767828_50935000_1788772406_#Japan225_15384,90.88333333333334,0.0,FULL_STRUCTURED,ai_abstained,ABSTAIN,False,other,stored,analyst_abstain_below_adjudication_floor,False,ABSTAIN,
591813800_1788767828_50935000_1788780586_#Japan225_15969,591813800,591813800_1788767828_50935000,#Japan225,1788780585,ASIA,NK,CALL,SCHEDULED_REVIEW_WITH_MEANINGFUL_CHANGE,meaningful_change,SCHEDULED_REVIEW_WITH_MEANINGFUL_CHANGE,meaningful_change,identity:python.model_id+python.provider_id|new_candidate,591813800_1788767828_50935000_1788777858_#Japan225_31275,45.45,0.0,DEGRADED_NON_TRADING,provider_deadline_exceeded,REJECT,False,other,non_full_structured_decision,,False,,
591813800_1788767828_50935000_1788784222_#Japan225_14112,591813800,591813800_1788767828_50935000,#Japan225,1788784222,ASIA,K,CALL,SCHEDULED_REVIEW_WITH_MEANINGFUL_CHANGE,meaningful_change,SCHEDULED_REVIEW_WITH_MEANINGFUL_CHANGE,meaningful_change,identity:python.model_id+python.provider_id|killzone_transition|new_candidate,591813800_1788767828_50935000_1788777858_#Japan225_31275,106.06666666666666,0.0,DEGRADED_NON_TRADING,structured_response_invalid,REJECT,False,other,non_full_structured_decision,,False,,
591813800_1788796160_79268421_1788796170_#Japan225_29002,591813800,591813800_1788796160_79268421,#Japan225,1788796170,LON,NK,CALL,SCHEDULED_REVIEW_WITH_MEANINGFUL_CHANGE,meaningful_change,SCHEDULED_REVIEW_WITH_MEANINGFUL_CHANGE,meaningful_change,session_transition,591813800_1788767828_50935000_1788777858_#Japan225_31275,305.2,0.0,FULL_STRUCTURED,ai_approved,APPROVE,True,other,stored,analyst_approve_critic_pass,False,APPROVE,
591813800_1788837043_120154281_1788853968_#Japan225_31888,591813800,591813800_1788837043_120154281,#Japan225,1788853967,ASIA,NK,CALL,REQUIRED_NEW_DECISION,prior_decision_approved_never_reused,REQUIRED_NEW_DECISION,prior_decision_approved_never_reused,,591813800_1788796160_79268421_1788796170_#Japan225_29002,963.2833333333333,0.0,FULL_STRUCTURED,ai_abstained,ABSTAIN,False,luna,stored,analyst_abstain_below_adjudication_floor,False,ABSTAIN,
591813800_1788837043_120154281_1788855175_#Japan225_376,591813800,591813800_1788837043_120154281,#Japan225,1788855174,ASIA,NK,CALL,REQUIRED_NEW_DECISION,meaningful_change,REQUIRED_NEW_DECISION,meaningful_change,candidate_state:fvg_execution_class+fvg_mid_mitigated+fvg_mitigation_state+fvg_touched,591813800_1788837043_120154281_1788853968_#Japan225_31888,20.116666666666667,0.0,FULL_STRUCTURED,ai_abstained,ABSTAIN,False,luna,stored,qualitative_dispute_unresolved,True,ABSTAIN,
591813800_1788837043_120154281_1788856384_#Japan225_19294,591813800,591813800_1788837043_120154281,#Japan225,1788856383,ASIA,NK,CALL,REQUIRED_NEW_DECISION,meaningful_change,REQUIRED_NEW_DECISION,meaningful_change,new_candidate,591813800_1788837043_120154281_1788855175_#Japan225_376,20.15,0.0,FULL_STRUCTURED,ai_abstained,ABSTAIN,False,luna,stored,qualitative_block_upheld,True,ABSTAIN,
591813800_1788837043_120154281_1788857593_#Japan225_1366,591813800,591813800_1788837043_120154281,#Japan225,1788857593,ASIA,NK,CALL,REQUIRED_NEW_DECISION,prior_decision_approved_never_reused,REQUIRED_NEW_DECISION,prior_decision_approved_never_reused,,591813800_1788837043_120154281_1788856384_#Japan225_19294,20.166666666666668,0.0,FULL_STRUCTURED,ai_abstained,ABSTAIN,False,luna,stored,analyst_abstain_below_adjudication_floor,False,ABSTAIN,
591813800_1788837043_120154281_1788860011_#Japan225_18071,591813800,591813800_1788837043_120154281,#Japan225,1788860010,ASIA,NK,CALL,PREDETERMINED_OUTCOME,python_hard_pre_gate_already_skips_provider,SCHEDULED_REVIEW_WITH_MEANINGFUL_CHANGE,meaningful_change,identity:python.model_id+python.provider_id|new_candidate,591813800_1788837043_120154281_1788857593_#Japan225_1366,40.28333333333333,0.0,DEGRADED_NON_TRADING,hard_pre_gate,REJECT,False,other,non_full_structured_decision,,False,,
591813800_1788837043_120154281_1788860615_#Japan225_16083,591813800,591813800_1788837043_120154281,#Japan225,1788860615,ASIA,NK,CALL,PREDETERMINED_OUTCOME,python_hard_pre_gate_already_skips_provider,SCHEDULED_REVIEW_WITH_MEANINGFUL_CHANGE,meaningful_change,identity:python.model_id+python.provider_id|new_candidate,591813800_1788837043_120154281_1788857593_#Japan225_1366,50.36666666666667,0.0,DEGRADED_NON_TRADING,hard_pre_gate,REJECT,False,other,non_full_structured_decision,,False,,
591813800_1788925102_208218984_1788937283_#Japan225_13476,591813800,591813800_1788925102_208218984,#Japan225,1788937283,ASIA,NK,CALL,SCHEDULED_REVIEW_WITH_MEANINGFUL_CHANGE,meaningful_change,SCHEDULED_REVIEW_WITH_MEANINGFUL_CHANGE,meaningful_change,identity:contract_manifest_hash+decision_input_hash+python.family_profile_version+python.model_id+python.provider_id+runtime_input_hash|request_state:po3.context_tier+po3.developing_bos+po3.has_bos+po3.has_follow_through+po3.htf_bos+po3.htf_choch+po3.htf_mss+po3.ltf_choch+po3.ltf_mss+po3.po3_state+po3.structure_type+po3.t_bos+po3.t_disp+po3.t_sweep|new_candidate,591813800_1788837043_120154281_1788857593_#Japan225_1366,1328.1666666666667,0.0,FULL_STRUCTURED,ai_abstained,ABSTAIN,False,luna,stored,qualitative_dispute_unresolved,True,ABSTAIN,
591813800_1788925102_208218984_1788938495_#Japan225_6812,591813800,591813800_1788925102_208218984,#Japan225,1788938495,ASIA,NK,CALL,REQUIRED_NEW_DECISION,meaningful_change,REQUIRED_NEW_DECISION,meaningful_change,new_candidate,591813800_1788925102_208218984_1788937283_#Japan225_13476,20.2,0.0,FULL_STRUCTURED,ai_rejected,REJECT,False,luna,stored,analyst_reject,False,REJECT,
591813800_1788925102_208218984_1788939708_#Japan225_12747,591813800,591813800_1788925102_208218984,#Japan225,1788939708,ASIA,NK,CALL,OTHER_REQUIRED,borderline_prior_requires_fresh_review,OTHER_REQUIRED,borderline_prior_requires_fresh_review,,591813800_1788925102_208218984_1788938495_#Japan225_6812,20.216666666666665,0.0,FULL_STRUCTURED,ai_abstained,ABSTAIN,False,luna,stored,analyst_abstain_below_adjudication_floor,False,ABSTAIN,
591813800_1788925102_208218984_1788940312_#Japan225_5861,591813800,591813800_1788925102_208218984,#Japan225,1788940312,ASIA,NK,CALL,REQUIRED_NEW_DECISION,meaningful_change,REQUIRED_NEW_DECISION,meaningful_change,new_candidate,591813800_1788925102_208218984_1788939708_#Japan225_12747,10.066666666666666,0.0,FULL_STRUCTURED,ai_abstained,ABSTAIN,False,luna,stored,analyst_abstain_below_adjudication_floor,False,ABSTAIN,
591813800_1788925102_208218984_1788940923_#Japan225_19734,591813800,591813800_1788925102_208218984,#Japan225,1788940922,ASIA,NK,REUSE,UNCHANGED_STATE,unchanged_decisive_non_approval_within_ttl,UNCHANGED_STATE,unchanged_decisive_non_approval_within_ttl,,591813800_1788925102_208218984_1788940312_#Japan225_5861,10.166666666666666,30.0,FULL_STRUCTURED,ai_abstained,ABSTAIN,False,luna,,analyst_abstain_below_adjudication_floor,False,ABSTAIN,
591813800_1788925102_208218984_1788942144_#Japan225_21637,591813800,591813800_1788925102_208218984,#Japan225,1788942143,ASIA,NK,CALL,OTHER_REQUIRED,decisive_prior_ttl_expired,OTHER_REQUIRED,decisive_prior_ttl_expired,,591813800_1788925102_208218984_1788940312_#Japan225_5861,30.516666666666666,30.0,FULL_STRUCTURED,ai_abstained,ABSTAIN,False,luna,stored,analyst_abstain_below_adjudication_floor,False,ABSTAIN,
591813800_1788925102_208218984_1788943364_#Japan225_15057,591813800,591813800_1788925102_208218984,#Japan225,1788943363,ASIA,NK,CALL,OTHER_REQUIRED,borderline_prior_requires_fresh_review,OTHER_REQUIRED,borderline_prior_requires_fresh_review,,591813800_1788925102_208218984_1788942144_#Japan225_21637,20.333333333333332,0.0,FULL_STRUCTURED,ai_abstained,ABSTAIN,False,luna,stored,qualitative_dispute_unresolved,True,ABSTAIN,
591813800_1788925102_208218984_1788943973_#Japan225_10730,591813800,591813800_1788925102_208218984,#Japan225,1788943973,ASIA,NK,CALL,REQUIRED_NEW_DECISION,meaningful_change,REQUIRED_NEW_DECISION,meaningful_change,new_candidate,591813800_1788925102_208218984_1788943364_#Japan225_15057,10.166666666666666,0.0,FULL_STRUCTURED,ai_rejected,REJECT,False,luna,stored,analyst_reject,False,REJECT,
591813800_1788925102_208218984_1788944584_#Japan225_25582,591813800,591813800_1788925102_208218984,#Japan225,1788944583,ASIA,NK,CALL,REQUIRED_NEW_DECISION,meaningful_change,REQUIRED_NEW_DECISION,meaningful_change,new_candidate,591813800_1788925102_208218984_1788943973_#Japan225_10730,10.166666666666666,0.0,FULL_STRUCTURED,ai_abstained,ABSTAIN,False,luna,stored,analyst_abstain_below_adjudication_floor,False,ABSTAIN,
591813800_1788925102_208218984_1788945802_#Japan225_6120,591813800,591813800_1788925102_208218984,#Japan225,1788945802,ASIA,NK,CALL,OTHER_REQUIRED,borderline_prior_requires_fresh_review,OTHER_REQUIRED,borderline_prior_requires_fresh_review,,591813800_1788925102_208218984_1788944584_#Japan225_25582,20.316666666666666,0.0,FULL_STRUCTURED,ai_abstained,ABSTAIN,False,luna,stored,qualitative_dispute_unresolved,True,ABSTAIN,
591813800_1788925102_208218984_1788947026_#Japan225_23850,591813800,591813800_1788925102_208218984,#Japan225,1788947026,ASIA,NK,CALL,OTHER_REQUIRED,borderline_prior_requires_fresh_review,OTHER_REQUIRED,borderline_prior_requires_fresh_review,,591813800_1788925102_208218984_1788945802_#Japan225_6120,20.4,0.0,FULL_STRUCTURED,ai_abstained,ABSTAIN,False,luna,stored,qualitative_dispute_unresolved,True,ABSTAIN,
591813800_1788925102_208218984_1788948255_#Japan225_30367,591813800,591813800_1788925102_208218984,#Japan225,1788948255,ASIA,NK,CALL,OTHER_REQUIRED,borderline_prior_requires_fresh_review,OTHER_REQUIRED,borderline_prior_requires_fresh_review,,591813800_1788925102_208218984_1788947026_#Japan225_23850,20.483333333333334,0.0,FULL_STRUCTURED,ai_rejected,REJECT,False,luna,stored,analyst_reject,False,REJECT,
591813800_1788925102_208218984_1788949481_#Japan225_27830,591813800,591813800_1788925102_208218984,#Japan225,1788949480,ASIA,NK,CALL,OTHER_REQUIRED,borderline_prior_requires_fresh_review,OTHER_REQUIRED,borderline_prior_requires_fresh_review,,591813800_1788925102_208218984_1788948255_#Japan225_30367,20.416666666666668,0.0,FULL_STRUCTURED,ai_abstained,ABSTAIN,False,luna,stored,analyst_abstain_below_adjudication_floor,False,ABSTAIN,
591813800_1788925102_208218984_1788950713_#Japan225_20018,591813800,591813800_1788925102_208218984,#Japan225,1788950712,ASIA,NK,CALL,OTHER_REQUIRED,borderline_prior_requires_fresh_review,OTHER_REQUIRED,borderline_prior_requires_fresh_review,,591813800_1788925102_208218984_1788949481_#Japan225_27830,20.533333333333335,0.0,FULL_STRUCTURED,ai_rejected,REJECT,False,luna,stored,analyst_reject,False,REJECT,
591813800_1788925102_208218984_1788951947_#Japan225_29490,591813800,591813800_1788925102_208218984,#Japan225,1788951946,ASIA,NK,CALL,OTHER_REQUIRED,borderline_prior_requires_fresh_review,OTHER_REQUIRED,borderline_prior_requires_fresh_review,,591813800_1788925102_208218984_1788950713_#Japan225_20018,20.566666666666666,0.0,FULL_STRUCTURED,ai_abstained,ABSTAIN,False,luna,stored,qualitative_block_upheld,True,ABSTAIN,
591813800_1788495063_34619250_1788534458_#Spain35_13783,591813800,591813800_1788495063_34619250,#Spain35,1788534317,LON,NK,CALL,REQUIRED_NEW_DECISION,no_prior_authoritative_decision,REQUIRED_NEW_DECISION,no_prior_authoritative_decision,,,,0.0,DEGRADED_NON_TRADING,provider_transport_error,REJECT,False,other,non_full_structured_decision,,False,,
591813800_1788495063_34619250_1788531692_#UK100_9777,591813800,591813800_1788495063_34619250,#UK100,1788531692,LON,NK,CALL,REQUIRED_NEW_DECISION,no_prior_authoritative_decision,REQUIRED_NEW_DECISION,no_prior_authoritative_decision,,,,0.0,FULL_STRUCTURED,ai_abstained,ABSTAIN,False,luna,stored,qualitative_block_upheld,True,ABSTAIN,
591813800_1788837043_120154281_1788879357_#UK100_19229,591813800,591813800_1788837043_120154281,#UK100,1788879356,LON,NK,CALL,REQUIRED_NEW_DECISION,prior_decision_approved_never_reused,REQUIRED_NEW_DECISION,prior_decision_approved_never_reused,,591813800_1788495063_34619250_1788531692_#UK100_9777,5794.4,0.0,FULL_STRUCTURED,ai_rejected,REJECT,False,luna,stored,analyst_reject,False,REJECT,
591813800_1788891743_174857593_1788891765_#UK100_31397,591813800,591813800_1788891743_174857593,#UK100,1788891764,LON,NK,CALL,SCHEDULED_REVIEW_WITH_MEANINGFUL_CHANGE,meaningful_change,SCHEDULED_REVIEW_WITH_MEANINGFUL_CHANGE,meaningful_change,identity:decision_input_hash+python.family_profile_version+python.model_id+python.prompt_contract_version+python.provider_id+runtime_input_hash|request_state:po3.has_follow_through+po3.liquidity_kind+po3.t_bos+po3.t_disp+po3.t_sweep|new_candidate,591813800_1788837043_120154281_1788879357_#UK100_19229,206.8,0.0,DEGRADED_NON_TRADING,local_pipeline_error,REJECT,False,luna,non_full_structured_decision,,False,,
591813800_1786492247_377179515_1786492340_#US2000_28156,591813800,591813800_1786492247_377179515,#US2000,1786492339,NY,K,CALL,REQUIRED_NEW_DECISION,no_prior_authoritative_decision,REQUIRED_NEW_DECISION,no_prior_authoritative_decision,,,,0.0,FULL_STRUCTURED,ai_abstained,ABSTAIN,False,other,stored,qualitative_dispute_unresolved,True,ABSTAIN,
591813800_1786492247_377179515_1786499349_#US2000_27194,591813800,591813800_1786492247_377179515,#US2000,1786499347,NY,NK,CALL,SCHEDULED_REVIEW_WITH_MEANINGFUL_CHANGE,meaningful_change,SCHEDULED_REVIEW_WITH_MEANINGFUL_CHANGE,meaningful_change,killzone_transition|new_candidate,591813800_1786492247_377179515_1786492340_#US2000_28156,116.8,0.0,FULL_STRUCTURED,ai_abstained,ABSTAIN,False,other,stored,qualitative_dispute_unresolved,True,ABSTAIN,
591813800_1786575640_24334671_1786575714_#US2000_19593,591813800,591813800_1786575640_24334671,#US2000,1786575713,NY,K,CALL,SCHEDULED_REVIEW_WITH_MEANINGFUL_CHANGE,meaningful_change,SCHEDULED_REVIEW_WITH_MEANINGFUL_CHANGE,meaningful_change,identity:decision_input_hash+python.model_id+runtime_input_hash|killzone_transition|request_state:is_buy+po3.has_follow_through+po3.liquidity_kind+po3.sweep_side+po3.t_bos+po3.t_disp+po3.t_sweep|new_candidate,591813800_1786492247_377179515_1786499349_#US2000_27194,1272.7666666666667,0.0,FULL_STRUCTURED,ai_rejected,REJECT,False,luna,stored,qualitative_block_upheld,True,REJECT,
591813800_1786578562_27257093_1786579498_#US2000_7578,591813800,591813800_1786578562_27257093,#US2000,1786579312,NY,NK,CALL,SCHEDULED_REVIEW_WITH_MEANINGFUL_CHANGE,meaningful_change,SCHEDULED_REVIEW_WITH_MEANINGFUL_CHANGE,meaningful_change,identity:python.model_id+python.provider_id|killzone_transition|new_candidate,591813800_1786575640_24334671_1786575714_#US2000_19593,59.983333333333334,0.0,DEGRADED_NON_TRADING,provider_transport_error,REJECT,False,other,non_full_structured_decision,,False,,
591813800_1786578562_27257093_1786581343_#US2000_18416,591813800,591813800_1786578562_27257093,#US2000,1786581342,NY,NK,CALL,UNKNOWN,no_archived_decision,SCHEDULED_REVIEW_WITH_MEANINGFUL_CHANGE,meaningful_change,identity:python.model_id+python.provider_id|killzone_transition|new_candidate,591813800_1786575640_24334671_1786575714_#US2000_19593,93.81666666666666,0.0,,,,False,unknown,,,False,,
591813800_1786490403_375335906_1786491071_#US30_22870,591813800,591813800_1786490403_375335906,#US30,1786491070,NY,K,CALL,REQUIRED_NEW_DECISION,no_prior_authoritative_decision,REQUIRED_NEW_DECISION,no_prior_authoritative_decision,,,,0.0,DEGRADED_NON_TRADING,structured_response_invalid,REJECT,False,other,non_full_structured_decision,,False,,
591813800_1786506858_391793203_1786507197_#US30_10035,591813800,591813800_1786506858_391793203,#US30,1786507196,ASIA,NK,CALL,REQUIRED_NEW_DECISION,no_prior_authoritative_decision,REQUIRED_NEW_DECISION,no_prior_authoritative_decision,,,,0.0,FULL_STRUCTURED,ai_abstained,ABSTAIN,False,other,stored,qualitative_dispute_unresolved,True,ABSTAIN,
591813800_1786506858_391793203_1786507449_#US30_10610,591813800,591813800_1786506858_391793203,#US30,1786507449,ASIA,NK,CALL,OTHER_REQUIRED,borderline_prior_requires_fresh_review,OTHER_REQUIRED,borderline_prior_requires_fresh_review,,591813800_1786506858_391793203_1786507197_#US30_10035,4.216666666666667,0.0,FULL_STRUCTURED,ai_abstained,ABSTAIN,False,other,stored,qualitative_dispute_unresolved,True,ABSTAIN,
591813800_1786744136_102001000_1786749666_#US30_21322,591813800,591813800_1786744136_102001000,#US30,1786749666,NY,K,CALL,SCHEDULED_REVIEW_WITH_MEANINGFUL_CHANGE,meaningful_change,SCHEDULED_REVIEW_WITH_MEANINGFUL_CHANGE,meaningful_change,identity:decision_input_hash+python.model_id+runtime_input_hash|session_transition|killzone_transition|request_state:po3.context_tier+po3.has_bos+po3.has_sweep+po3.htf_bos+po3.htf_choch+po3.htf_mss+po3.liquidity_kind+po3.ltf_bos+po3.po3_state+po3.structure_type+po3.sweep_side+po3.t_bos+po3.t_disp+po3.t_sweep|new_candidate,591813800_1786506858_391793203_1786507449_#US30_10610,4036.95,0.0,FULL_STRUCTURED,ai_abstained,ABSTAIN,False,luna,stored,qualitative_block_upheld,True,ABSTAIN,
591813800_1786490403_375335906_1786490459_#USNDAQ100_12031,591813800,591813800_1786490403_375335906,#USNDAQ100,1786490457,NY,K,CALL,REQUIRED_NEW_DECISION,no_prior_authoritative_decision,REQUIRED_NEW_DECISION,no_prior_authoritative_decision,,,,0.0,FULL_STRUCTURED,ai_abstained,ABSTAIN,False,other,stored,analyst_approve_critic_pass,False,ABSTAIN,
591813800_1786509126_394060796_1786509528_#USNDAQ100_20389,591813800,591813800_1786509126_394060796,#USNDAQ100,1786509527,ASIA,NK,CALL,REQUIRED_NEW_DECISION,prior_decision_approved_never_reused,REQUIRED_NEW_DECISION,prior_decision_approved_never_reused,,591813800_1786490403_375335906_1786490459_#USNDAQ100_12031,317.8333333333333,0.0,FULL_STRUCTURED,ai_abstained,ABSTAIN,False,other,stored,qualitative_dispute_unresolved,True,ABSTAIN,
591813800_1786509126_394060796_1786511094_#USNDAQ100_10334,591813800,591813800_1786509126_394060796,#USNDAQ100,1786511094,ASIA,NK,CALL,REQUIRED_NEW_DECISION,meaningful_change,REQUIRED_NEW_DECISION,meaningful_change,request_state:po3.developing_bos+po3.has_sweep+po3.liquidity_kind+po3.ltf_bos+po3.structure_type+po3.sweep_side+po3.t_disp+po3.t_sweep|new_candidate,591813800_1786509126_394060796_1786509528_#USNDAQ100_20389,26.116666666666667,0.0,FULL_STRUCTURED,ai_abstained,ABSTAIN,False,other,stored,qualitative_dispute_unresolved,True,ABSTAIN,
591813800_1786569338_18032703_1786569757_#USNDAQ100_14475,591813800,591813800_1786569338_18032703,#USNDAQ100,1786569756,OFF,NK,CALL,SCHEDULED_REVIEW_WITH_MEANINGFUL_CHANGE,meaningful_change,SCHEDULED_REVIEW_WITH_MEANINGFUL_CHANGE,meaningful_change,identity:python.model_id|session_transition|request_state:is_buy+po3.context_tier+po3.developing_bos+po3.has_bos+po3.htf_bos+po3.htf_choch+po3.htf_mss+po3.liquidity_kind+po3.po3_state+po3.structure_type+po3.sweep_side+po3.t_bos+po3.t_disp+po3.t_sweep|new_candidate,591813800_1786509126_394060796_1786511094_#USNDAQ100_10334,977.7,0.0,FULL_STRUCTURED,ai_rejected,REJECT,False,luna,stored,qualitative_block_upheld,True,REJECT,
591813800_1788558241_97800375_1788558386_#USNDAQ100_27243,591813800,591813800_1788558241_97800375,#USNDAQ100,1788558386,OFF,NK,CALL,SCHEDULED_REVIEW_WITH_MEANINGFUL_CHANGE,meaningful_change,SCHEDULED_REVIEW_WITH_MEANINGFUL_CHANGE,meaningful_change,identity:contract_manifest_hash+decision_input_hash+python.family_profile_version+runtime_input_hash|request_state:is_buy+po3.context_tier+po3.has_bos+po3.has_sweep+po3.htf_bos+po3.htf_choch+po3.htf_mss+po3.liquidity_kind+po3.ltf_bos+po3.po3_state+po3.structure_type+po3.sweep_side+po3.t_bos+po3.t_disp+po3.t_sweep|new_candidate,591813800_1786569338_18032703_1786569757_#USNDAQ100_14475,33143.833333333336,0.0,FULL_STRUCTURED,ai_rejected,REJECT,False,luna,stored,analyst_reject,False,REJECT,
591813800_1788558241_97800375_1788559355_#USNDAQ100_13650,591813800,591813800_1788558241_97800375,#USNDAQ100,1788559355,OFF,NK,CALL,UNKNOWN,no_archived_decision,REQUIRED_NEW_DECISION,meaningful_change,new_candidate,591813800_1788558241_97800375_1788558386_#USNDAQ100_27243,16.15,0.0,,,,False,unknown,,,False,,
591813800_1788767828_50935000_1788771496_#USNDAQ100_4583,591813800,591813800_1788767828_50935000,#USNDAQ100,1788771496,ASIA,NK,CALL,SCHEDULED_REVIEW_WITH_MEANINGFUL_CHANGE,meaningful_change,SCHEDULED_REVIEW_WITH_MEANINGFUL_CHANGE,meaningful_change,identity:decision_input_hash+python.model_id+python.provider_id+runtime_input_hash|session_transition|request_state:po3.liquidity_kind+po3.structure_type+po3.sweep_side+po3.t_disp+po3.t_sweep|new_candidate,591813800_1788558241_97800375_1788558386_#USNDAQ100_27243,3551.8333333333335,0.0,DEGRADED_NON_TRADING,provider_deadline_exceeded,REJECT,False,other,non_full_structured_decision,,False,,
591813800_1788798902_82010906_1788803450_#USNDAQ100_19979,591813800,591813800_1788798902_82010906,#USNDAQ100,1788803449,LON,NK,CALL,SCHEDULED_REVIEW_WITH_MEANINGFUL_CHANGE,meaningful_change,SCHEDULED_REVIEW_WITH_MEANINGFUL_CHANGE,meaningful_change,identity:decision_input_hash+runtime_input_hash|session_transition|request_state:po3.liquidity_kind+po3.structure_type+po3.sweep_side+po3.t_disp+po3.t_sweep|new_candidate,591813800_1788558241_97800375_1788558386_#USNDAQ100_27243,4084.383333333333,0.0,FULL_STRUCTURED,ai_abstained,ABSTAIN,False,luna,stored,analyst_abstain_below_adjudication_floor,False,ABSTAIN,
591813800_1788837043_120154281_1788837050_#USNDAQ100_9911,591813800,591813800_1788837043_120154281,#USNDAQ100,1788837049,ASIA,NK,CALL,PREDETERMINED_OUTCOME,python_hard_pre_gate_already_skips_provider,SCHEDULED_REVIEW_WITH_MEANINGFUL_CHANGE,meaningful_change,identity:decision_input_hash+python.model_id+python.provider_id+runtime_input_hash|session_transition|request_state:is_buy+po3.context_tier+po3.has_bos+po3.has_follow_through+po3.has_sweep+po3.htf_bos+po3.htf_choch+po3.htf_mss+po3.liquidity_kind+po3.ltf_bos+po3.ltf_choch+po3.ltf_mss+po3.po3_state+po3.structure_type+po3.sweep_side+po3.t_bos+po3.t_disp+po3.t_sweep|new_candidate,591813800_1788798902_82010906_1788803450_#USNDAQ100_19979,560.0,0.0,DEGRADED_NON_TRADING,hard_pre_gate,REJECT,False,other,non_full_structured_decision,,False,,
591813800_1788837043_120154281_1788843695_#USNDAQ100_27953,591813800,591813800_1788837043_120154281,#USNDAQ100,1788843695,ASIA,NK,CALL,PREDETERMINED_OUTCOME,python_hard_pre_gate_already_skips_provider,SCHEDULED_REVIEW_WITH_MEANINGFUL_CHANGE,meaningful_change,identity:decision_input_hash+python.model_id+python.provider_id+runtime_input_hash|session_transition|request_state:po3.context_tier+po3.has_bos+po3.has_follow_through+po3.has_sweep+po3.htf_bos+po3.htf_choch+po3.htf_mss+po3.liquidity_kind+po3.ltf_bos+po3.ltf_choch+po3.ltf_mss+po3.po3_state+po3.structure_type+po3.sweep_side+po3.t_bos+po3.t_disp+po3.t_sweep|new_candidate,591813800_1788798902_82010906_1788803450_#USNDAQ100_19979,670.7666666666667,0.0,DEGRADED_NON_TRADING,hard_pre_gate,REJECT,False,other,non_full_structured_decision,,False,,
591813800_1788837043_120154281_1788844903_#USNDAQ100_6702,591813800,591813800_1788837043_120154281,#USNDAQ100,1788844903,ASIA,NK,CALL,SCHEDULED_REVIEW_WITH_MEANINGFUL_CHANGE,meaningful_change,SCHEDULED_REVIEW_WITH_MEANINGFUL_CHANGE,meaningful_change,identity:decision_input_hash+runtime_input_hash|session_transition|request_state:po3.context_tier+po3.has_bos+po3.has_follow_through+po3.has_sweep+po3.htf_bos+po3.htf_choch+po3.htf_mss+po3.liquidity_kind+po3.ltf_bos+po3.ltf_choch+po3.ltf_mss+po3.po3_state+po3.structure_type+po3.sweep_side+po3.t_bos+po3.t_disp+po3.t_sweep|new_candidate,591813800_1788798902_82010906_1788803450_#USNDAQ100_19979,690.9,0.0,FULL_STRUCTURED,ai_abstained,ABSTAIN,False,luna,stored,qualitative_block_upheld,True,ABSTAIN,
591813800_1788837043_120154281_1788855175_#USNDAQ100_1577,591813800,591813800_1788837043_120154281,#USNDAQ100,1788855174,ASIA,NK,CALL,SCHEDULED_REVIEW_WITH_MEANINGFUL_CHANGE,meaningful_change,SCHEDULED_REVIEW_WITH_MEANINGFUL_CHANGE,meaningful_change,new_candidate|candidate_state:target_source+tp_model|price_drift,591813800_1788837043_120154281_1788844903_#USNDAQ100_6702,171.18333333333334,0.0,FULL_STRUCTURED,ai_rejected,REJECT,False,luna,stored,analyst_reject,False,REJECT,
591813800_1788837043_120154281_1788858198_#USNDAQ100_8442,591813800,591813800_1788837043_120154281,#USNDAQ100,1788858197,ASIA,NK,CALL,OTHER_REQUIRED,borderline_prior_requires_fresh_review,OTHER_REQUIRED,borderline_prior_requires_fresh_review,,591813800_1788837043_120154281_1788855175_#USNDAQ100_1577,50.38333333333333,0.0,FULL_STRUCTURED,ai_rejected,REJECT,False,luna,stored,analyst_reject,False,REJECT,
591813800_1788837043_120154281_1788858803_#USNDAQ100_16418,591813800,591813800_1788837043_120154281,#USNDAQ100,1788858802,ASIA,NK,CALL,REQUIRED_NEW_DECISION,meaningful_change,REQUIRED_NEW_DECISION,meaningful_change,new_candidate,591813800_1788837043_120154281_1788858198_#USNDAQ100_8442,10.083333333333334,0.0,FULL_STRUCTURED,ai_abstained,ABSTAIN,False,luna,stored,qualitative_block_upheld,True,ABSTAIN,
591813800_1788837043_120154281_1788859407_#USNDAQ100_25292,591813800,591813800_1788837043_120154281,#USNDAQ100,1788859406,ASIA,NK,CALL,REQUIRED_NEW_DECISION,meaningful_change,REQUIRED_NEW_DECISION,meaningful_change,new_candidate,591813800_1788837043_120154281_1788858803_#USNDAQ100_16418,10.066666666666666,0.0,FULL_STRUCTURED,ai_abstained,ABSTAIN,False,luna,stored,qualitative_block_upheld,True,ABSTAIN,
591813800_1788837043_120154281_1788869078_#USNDAQ100_745,591813800,591813800_1788837043_120154281,#USNDAQ100,1788869077,ASIA,K,CALL,SCHEDULED_REVIEW_WITH_MEANINGFUL_CHANGE,meaningful_change,SCHEDULED_REVIEW_WITH_MEANINGFUL_CHANGE,meaningful_change,killzone_transition|request_state:is_buy+po3.has_follow_through+po3.liquidity_kind+po3.sweep_side+po3.t_bos+po3.t_disp+po3.t_sweep|new_candidate,591813800_1788837043_120154281_1788859407_#USNDAQ100_25292,161.18333333333334,0.0,FULL_STRUCTURED,ai_abstained,ABSTAIN,False,luna,stored,qualitative_block_upheld,True,ABSTAIN,
591813800_1788837043_120154281_1788870287_#USNDAQ100_31711,591813800,591813800_1788837043_120154281,#USNDAQ100,1788870286,ASIA,K,CALL,REQUIRED_NEW_DECISION,meaningful_change,REQUIRED_NEW_DECISION,meaningful_change,new_candidate,591813800_1788837043_120154281_1788869078_#USNDAQ100_745,20.15,0.0,FULL_STRUCTURED,ai_abstained,ABSTAIN,False,luna,stored,qualitative_block_upheld,True,ABSTAIN,
591813800_1788837043_120154281_1788876336_#USNDAQ100_29828,591813800,591813800_1788837043_120154281,#USNDAQ100,1788876336,LON,NK,CALL,SCHEDULED_REVIEW_WITH_MEANINGFUL_CHANGE,meaningful_change,SCHEDULED_REVIEW_WITH_MEANINGFUL_CHANGE,meaningful_change,session_transition|killzone_transition|candidate_state:fvg_execution_class+fvg_mitigation_state+fvg_touched,591813800_1788837043_120154281_1788870287_#USNDAQ100_31711,100.83333333333333,0.0,FULL_STRUCTURED,ai_abstained,ABSTAIN,False,luna,stored,qualitative_block_upheld,True,ABSTAIN,
591813800_1788837043_120154281_1788877545_#USNDAQ100_12227,591813800,591813800_1788837043_120154281,#USNDAQ100,1788877544,LON,NK,CALL,OTHER_REQUIRED,borderline_prior_requires_fresh_review,OTHER_REQUIRED,borderline_prior_requires_fresh_review,,591813800_1788837043_120154281_1788876336_#USNDAQ100_29828,20.133333333333333,0.0,FULL_STRUCTURED,ai_abstained,ABSTAIN,False,luna,stored,qualitative_block_upheld,True,ABSTAIN,
591813800_1788837043_120154281_1788878753_#USNDAQ100_1469,591813800,591813800_1788837043_120154281,#USNDAQ100,1788878752,LON,NK,CALL,OTHER_REQUIRED,borderline_prior_requires_fresh_review,OTHER_REQUIRED,borderline_prior_requires_fresh_review,,591813800_1788837043_120154281_1788877545_#USNDAQ100_12227,20.133333333333333,0.0,FULL_STRUCTURED,ai_abstained,ABSTAIN,False,luna,stored,analyst_abstain_below_adjudication_floor,False,ABSTAIN,
591813800_1788837043_120154281_1788879961_#USNDAQ100_3028,591813800,591813800_1788837043_120154281,#USNDAQ100,1788879960,LON,NK,CALL,OTHER_REQUIRED,decisive_prior_ttl_expired,OTHER_REQUIRED,decisive_prior_ttl_expired,,591813800_1788837043_120154281_1788878753_#USNDAQ100_1469,20.133333333333333,15.0,FULL_STRUCTURED,ai_abstained,ABSTAIN,False,luna,stored,qualitative_block_upheld,True,ABSTAIN,
591813800_1788837043_120154281_1788881169_#USNDAQ100_28281,591813800,591813800_1788837043_120154281,#USNDAQ100,1788881168,LON,NK,CALL,OTHER_REQUIRED,borderline_prior_requires_fresh_review,OTHER_REQUIRED,borderline_prior_requires_fresh_review,,591813800_1788837043_120154281_1788879961_#USNDAQ100_3028,20.133333333333333,0.0,FULL_STRUCTURED,ai_abstained,ABSTAIN,False,luna,stored,qualitative_block_upheld,True,ABSTAIN,
591813800_1788837043_120154281_1788882377_#USNDAQ100_2540,591813800,591813800_1788837043_120154281,#USNDAQ100,1788882377,LON,NK,CALL,UNKNOWN,no_archived_decision,SCHEDULED_REVIEW_WITH_MEANINGFUL_CHANGE,meaningful_change,new_candidate,591813800_1788837043_120154281_1788881169_#USNDAQ100_28281,20.15,0.0,,,,False,unknown,,,False,,
591813800_1788891952_175066921_1788891963_#USNDAQ100_6714,591813800,591813800_1788891952_175066921,#USNDAQ100,1788891962,LON,NK,CALL,SCHEDULED_REVIEW_WITH_MEANINGFUL_CHANGE,meaningful_change,SCHEDULED_REVIEW_WITH_MEANINGFUL_CHANGE,meaningful_change,identity:decision_input_hash+python.family_profile_version+python.prompt_contract_version+runtime_input_hash|new_candidate,591813800_1788837043_120154281_1788881169_#USNDAQ100_28281,179.9,0.0,DEGRADED_NON_TRADING,local_pipeline_error,REJECT,False,luna,non_full_structured_decision,,False,,
591813800_1788925102_208218984_1788945194_#USNDAQ100_31930,591813800,591813800_1788925102_208218984,#USNDAQ100,1788945194,ASIA,NK,CALL,SCHEDULED_REVIEW_WITH_MEANINGFUL_CHANGE,meaningful_change,SCHEDULED_REVIEW_WITH_MEANINGFUL_CHANGE,meaningful_change,identity:contract_manifest_hash+decision_input_hash+python.family_profile_version+python.model_id+python.provider_id+runtime_input_hash|session_transition|request_state:is_buy+po3.context_tier+po3.developing_bos+po3.has_bos+po3.htf_bos+po3.htf_choch+po3.htf_mss+po3.liquidity_kind+po3.ltf_bos+po3.ltf_choch+po3.ltf_mss+po3.po3_state+po3.structure_type+po3.sweep_side+po3.t_bos+po3.t_disp+po3.t_sweep|new_candidate,591813800_1788837043_120154281_1788881169_#USNDAQ100_28281,1067.1,0.0,FULL_STRUCTURED,ai_rejected,REJECT,False,luna,stored,analyst_reject,False,REJECT,
591813800_1788925102_208218984_1788945803_#USNDAQ100_2023,591813800,591813800_1788925102_208218984,#USNDAQ100,1788945802,ASIA,NK,CALL,REQUIRED_NEW_DECISION,meaningful_change,REQUIRED_NEW_DECISION,meaningful_change,request_state:po3.developing_bos+po3.has_sweep+po3.liquidity_kind+po3.structure_type+po3.sweep_side+po3.t_disp+po3.t_sweep|new_candidate,591813800_1788925102_208218984_1788945194_#USNDAQ100_31930,10.133333333333333,0.0,FULL_STRUCTURED,ai_abstained,ABSTAIN,False,luna,stored,analyst_abstain_below_adjudication_floor,False,ABSTAIN,
591813800_1788925102_208218984_1788946415_#USNDAQ100_8923,591813800,591813800_1788925102_208218984,#USNDAQ100,1788946415,ASIA,NK,CALL,REQUIRED_NEW_DECISION,meaningful_change,REQUIRED_NEW_DECISION,meaningful_change,request_state:po3.developing_bos+po3.has_sweep+po3.liquidity_kind+po3.structure_type+po3.sweep_side+po3.t_disp+po3.t_sweep|new_candidate,591813800_1788925102_208218984_1788945803_#USNDAQ100_2023,10.216666666666667,0.0,FULL_STRUCTURED,ai_rejected,REJECT,False,luna,stored,analyst_reject,False,REJECT,
591813800_1788925102_208218984_1788948865_#USNDAQ100_28817,591813800,591813800_1788925102_208218984,#USNDAQ100,1788948865,ASIA,NK,CALL,OTHER_REQUIRED,decisive_prior_ttl_expired,OTHER_REQUIRED,decisive_prior_ttl_expired,,591813800_1788925102_208218984_1788946415_#USNDAQ100_8923,40.833333333333336,30.0,FULL_STRUCTURED,ai_rejected,REJECT,False,luna,stored,analyst_reject,False,REJECT,
591813800_1788540249_79807218_1788545800_#USOil_V26_5051,591813800,591813800_1788540249_79807218,#USOil_V26,1788545800,LON,NK,CALL,REQUIRED_NEW_DECISION,no_prior_authoritative_decision,REQUIRED_NEW_DECISION,no_prior_authoritative_decision,,,,0.0,FULL_STRUCTURED,ai_rejected,REJECT,False,luna,stored,analyst_reject,False,REJECT,
591813800_1788540249_79807218_1788547633_#USOil_V26_5438,591813800,591813800_1788540249_79807218,#USOil_V26,1788547632,LON,NK,CALL,OTHER_REQUIRED,decisive_prior_ttl_expired,OTHER_REQUIRED,decisive_prior_ttl_expired,,591813800_1788540249_79807218_1788545800_#USOil_V26_5051,30.533333333333335,15.0,FULL_STRUCTURED,ai_rejected,REJECT,False,luna,stored,analyst_reject,False,REJECT,
591813800_1786492247_377179515_1786497318_#USSPX500_4749,591813800,591813800_1786492247_377179515,#USSPX500,1786497316,NY,NK,CALL,REQUIRED_NEW_DECISION,no_prior_authoritative_decision,REQUIRED_NEW_DECISION,no_prior_authoritative_decision,,,,0.0,FULL_STRUCTURED,ai_abstained,ABSTAIN,False,other,stored,qualitative_dispute_unresolved,True,ABSTAIN,
591813800_1786561284_9977718_1786564217_#USSPX500_31828,591813800,591813800_1786561284_9977718,#USSPX500,1786564216,OFF,NK,CALL,SCHEDULED_REVIEW_WITH_MEANINGFUL_CHANGE,meaningful_change,SCHEDULED_REVIEW_WITH_MEANINGFUL_CHANGE,meaningful_change,session_transition|request_state:po3.context_tier+po3.developing_bos+po3.has_bos+po3.htf_bos+po3.htf_choch+po3.htf_mss+po3.liquidity_kind+po3.ltf_choch+po3.ltf_mss+po3.po3_state+po3.structure_type+po3.t_bos+po3.t_disp+po3.t_sweep|new_candidate,591813800_1786492247_377179515_1786497318_#USSPX500_4749,1115.0,0.0,FULL_STRUCTURED,ai_abstained,ABSTAIN,False,other,stored,qualitative_dispute_unresolved,True,ABSTAIN,
591813800_1788798902_82010906_1788800729_#USSPX500_3491,591813800,591813800_1788798902_82010906,#USSPX500,1788800729,LON,NK,CALL,SCHEDULED_REVIEW_WITH_MEANINGFUL_CHANGE,meaningful_change,SCHEDULED_REVIEW_WITH_MEANINGFUL_CHANGE,meaningful_change,identity:contract_manifest_hash+decision_input_hash+python.family_profile_version+python.model_id+runtime_input_hash|session_transition|request_state:po3.context_tier+po3.has_bos+po3.has_sweep+po3.htf_bos+po3.htf_choch+po3.htf_mss+po3.liquidity_kind+po3.ltf_bos+po3.po3_state+po3.structure_type+po3.sweep_side+po3.t_bos+po3.t_disp+po3.t_sweep|new_candidate,591813800_1786561284_9977718_1786564217_#USSPX500_31828,37275.21666666667,0.0,FULL_STRUCTURED,ai_rejected,REJECT,False,luna,stored,analyst_reject,False,REJECT,
591813800_1788798902_82010906_1788801637_#USSPX500_5479,591813800,591813800_1788798902_82010906,#USSPX500,1788801637,LON,NK,CALL,SCHEDULED_REVIEW_WITH_MEANINGFUL_CHANGE,meaningful_change,SCHEDULED_REVIEW_WITH_MEANINGFUL_CHANGE,meaningful_change,request_state:po3.t_disp+po3.t_sweep|new_candidate,591813800_1788798902_82010906_1788800729_#USSPX500_3491,15.133333333333333,0.0,FULL_STRUCTURED,ai_rejected,REJECT,False,luna,stored,analyst_reject,False,REJECT,
591813800_1788837043_120154281_1788854571_#USSPX500_14620,591813800,591813800_1788837043_120154281,#USSPX500,1788854570,ASIA,NK,CALL,PREDETERMINED_OUTCOME,python_hard_pre_gate_already_skips_provider,SCHEDULED_REVIEW_WITH_MEANINGFUL_CHANGE,meaningful_change,identity:decision_input_hash+python.model_id+python.provider_id+runtime_input_hash|session_transition|request_state:po3.context_tier+po3.has_bos+po3.has_sweep+po3.htf_bos+po3.htf_choch+po3.htf_mss+po3.liquidity_kind+po3.ltf_bos+po3.ltf_choch+po3.ltf_mss+po3.po3_state+po3.structure_type+po3.sweep_side+po3.t_bos+po3.t_disp+po3.t_sweep|new_candidate,591813800_1788798902_82010906_1788801637_#USSPX500_5479,882.2166666666667,0.0,DEGRADED_NON_TRADING,hard_pre_gate,REJECT,False,other,non_full_structured_decision,,False,,
591813800_1788837043_120154281_1788870892_#USSPX500_27430,591813800,591813800_1788837043_120154281,#USSPX500,1788870891,ASIA,K,CALL,SCHEDULED_REVIEW_WITH_MEANINGFUL_CHANGE,meaningful_change,SCHEDULED_REVIEW_WITH_MEANINGFUL_CHANGE,meaningful_change,identity:decision_input_hash+runtime_input_hash|session_transition|killzone_transition|request_state:po3.t_disp+po3.t_sweep|new_candidate,591813800_1788798902_82010906_1788801637_#USSPX500_5479,1154.2333333333333,0.0,FULL_STRUCTURED,ai_rejected,REJECT,False,luna,stored,analyst_reject,False,REJECT,
591813800_1788837043_120154281_1788872101_#USSPX500_1614,591813800,591813800_1788837043_120154281,#USSPX500,1788872100,ASIA,K,REUSE,UNCHANGED_STATE,unchanged_decisive_non_approval_within_ttl,UNCHANGED_STATE,unchanged_decisive_non_approval_within_ttl,,591813800_1788837043_120154281_1788870892_#USSPX500_27430,20.15,30.0,FULL_STRUCTURED,ai_rejected,REJECT,False,luna,,analyst_reject,False,REJECT,
591813800_1788837043_120154281_1788872706_#USSPX500_16854,591813800,591813800_1788837043_120154281,#USSPX500,1788872705,LON,NK,CALL,SCHEDULED_REVIEW_WITH_MEANINGFUL_CHANGE,meaningful_change,SCHEDULED_REVIEW_WITH_MEANINGFUL_CHANGE,meaningful_change,session_transition|killzone_transition|request_state:po3.context_tier+po3.has_bos+po3.has_sweep+po3.htf_bos+po3.htf_choch+po3.htf_mss+po3.liquidity_kind+po3.ltf_bos+po3.ltf_choch+po3.ltf_mss+po3.po3_state+po3.structure_type+po3.sweep_side+po3.t_bos+po3.t_disp+po3.t_sweep|new_candidate,591813800_1788837043_120154281_1788870892_#USSPX500_27430,30.233333333333334,0.0,FULL_STRUCTURED,ai_rejected,REJECT,False,luna,stored,analyst_reject,False,REJECT,
591813800_1788837043_120154281_1788873312_#USSPX500_20742,591813800,591813800_1788837043_120154281,#USSPX500,1788873311,LON,NK,REUSE,UNCHANGED_STATE,unchanged_decisive_non_approval_within_ttl,UNCHANGED_STATE,unchanged_decisive_non_approval_within_ttl,,591813800_1788837043_120154281_1788872706_#USSPX500_16854,10.1,15.0,FULL_STRUCTURED,ai_abstained,ABSTAIN,False,luna,,qualitative_block_upheld,True,ABSTAIN,
591813800_1788837043_120154281_1788874522_#USSPX500_23920,591813800,591813800_1788837043_120154281,#USSPX500,1788874522,LON,NK,CALL,OTHER_REQUIRED,decisive_prior_ttl_expired,OTHER_REQUIRED,decisive_prior_ttl_expired,,591813800_1788837043_120154281_1788872706_#USSPX500_16854,30.283333333333335,15.0,FULL_STRUCTURED,ai_abstained,ABSTAIN,False,luna,stored,qualitative_block_upheld,True,ABSTAIN,
591813800_1788837043_120154281_1788875127_#USSPX500_21381,591813800,591813800_1788837043_120154281,#USSPX500,1788875126,LON,NK,CALL,REQUIRED_NEW_DECISION,meaningful_change,REQUIRED_NEW_DECISION,meaningful_change,candidate_state:fvg_execution_class+fvg_mid_mitigated+fvg_mitigation_state+fvg_touched|new_candidate,591813800_1788837043_120154281_1788874522_#USSPX500_23920,10.066666666666666,0.0,FULL_STRUCTURED,ai_abstained,ABSTAIN,False,luna,stored,qualitative_block_upheld,True,ABSTAIN,
591813800_1788837043_120154281_1788875732_#USSPX500_10,591813800,591813800_1788837043_120154281,#USSPX500,1788875731,LON,NK,CALL,REQUIRED_NEW_DECISION,meaningful_change,REQUIRED_NEW_DECISION,meaningful_change,request_state:po3.context_tier+po3.has_bos+po3.has_sweep+po3.htf_bos+po3.htf_choch+po3.htf_mss+po3.liquidity_kind+po3.ltf_bos+po3.ltf_choch+po3.ltf_mss+po3.po3_state+po3.structure_type+po3.sweep_side+po3.t_bos+po3.t_disp+po3.t_sweep|new_candidate,591813800_1788837043_120154281_1788875127_#USSPX500_21381,10.083333333333334,0.0,FULL_STRUCTURED,ai_rejected,REJECT,False,luna,stored,analyst_reject,False,REJECT,
591813800_1788891743_174857593_1788891764_#USSPX500_32519,591813800,591813800_1788891743_174857593,#USSPX500,1788891764,LON,NK,CALL,SCHEDULED_REVIEW_WITH_MEANINGFUL_CHANGE,meaningful_change,SCHEDULED_REVIEW_WITH_MEANINGFUL_CHANGE,meaningful_change,identity:decision_input_hash+python.family_profile_version+python.model_id+python.prompt_contract_version+python.provider_id+runtime_input_hash|request_state:po3.context_tier+po3.has_bos+po3.has_sweep+po3.htf_bos+po3.htf_choch+po3.htf_mss+po3.liquidity_kind+po3.ltf_bos+po3.ltf_choch+po3.ltf_mss+po3.po3_state+po3.structure_type+po3.sweep_side+po3.t_bos+po3.t_disp+po3.t_sweep|new_candidate,591813800_1788837043_120154281_1788875732_#USSPX500_10,267.21666666666664,0.0,DEGRADED_NON_TRADING,local_pipeline_error,REJECT,False,luna,non_full_structured_decision,,False,,
591813800_1788891952_175066921_1788891963_#USSPX500_10294,591813800,591813800_1788891952_175066921,#USSPX500,1788891962,LON,NK,CALL,SCHEDULED_REVIEW_WITH_MEANINGFUL_CHANGE,meaningful_change,SCHEDULED_REVIEW_WITH_MEANINGFUL_CHANGE,meaningful_change,identity:decision_input_hash+python.family_profile_version+python.prompt_contract_version+runtime_input_hash|request_state:po3.context_tier+po3.has_bos+po3.has_sweep+po3.htf_bos+po3.htf_choch+po3.htf_mss+po3.liquidity_kind+po3.ltf_bos+po3.ltf_choch+po3.ltf_mss+po3.po3_state+po3.structure_type+po3.sweep_side+po3.t_bos+po3.t_disp+po3.t_sweep|new_candidate,591813800_1788837043_120154281_1788875732_#USSPX500_10,270.51666666666665,0.0,DEGRADED_NON_TRADING,local_pipeline_error,REJECT,False,luna,non_full_structured_decision,,False,,
591813800_1788925102_208218984_1788933039_#USSPX500_30763,591813800,591813800_1788925102_208218984,#USSPX500,1788933039,ASIA,NK,CALL,SCHEDULED_REVIEW_WITH_MEANINGFUL_CHANGE,meaningful_change,SCHEDULED_REVIEW_WITH_MEANINGFUL_CHANGE,meaningful_change,identity:contract_manifest_hash+decision_input_hash+python.family_profile_version+python.model_id+python.provider_id+runtime_input_hash|session_transition|request_state:po3.liquidity_kind+po3.structure_type+po3.sweep_side+po3.t_disp+po3.t_sweep|new_candidate,591813800_1788837043_120154281_1788875732_#USSPX500_10,955.1333333333333,0.0,FULL_STRUCTURED,ai_abstained,ABSTAIN,False,luna,stored,analyst_abstain_below_adjudication_floor,False,ABSTAIN,
591813800_1788925102_208218984_1788936070_#USSPX500_22413,591813800,591813800_1788925102_208218984,#USSPX500,1788936069,ASIA,NK,CALL,OTHER_REQUIRED,borderline_prior_requires_fresh_review,OTHER_REQUIRED,borderline_prior_requires_fresh_review,,591813800_1788925102_208218984_1788933039_#USSPX500_30763,50.5,0.0,FULL_STRUCTURED,ai_abstained,ABSTAIN,False,luna,stored,analyst_abstain_below_adjudication_floor,False,ABSTAIN,
591813800_1786578562_27257093_1786579498_#Wheat_U26_15024,591813800,591813800_1786578562_27257093,#Wheat_U26,1786579312,NY,NK,CALL,REQUIRED_NEW_DECISION,no_prior_authoritative_decision,REQUIRED_NEW_DECISION,no_prior_authoritative_decision,,,,0.0,DEGRADED_NON_TRADING,provider_transport_error,REJECT,False,other,non_full_structured_decision,,False,,
591813800_1786578562_27257093_1786581343_#Wheat_U26_5219,591813800,591813800_1786578562_27257093,#Wheat_U26,1786581342,NY,NK,CALL,UNKNOWN,no_archived_decision,REQUIRED_NEW_DECISION,no_prior_authoritative_decision,,,,0.0,,,,False,unknown,,,False,,
591813800_1786561284_9977718_1786565794_AUDCAD_517,591813800,591813800_1786561284_9977718,AUDCAD,1786565793,OFF,NK,CALL,REQUIRED_NEW_DECISION,no_prior_authoritative_decision,REQUIRED_NEW_DECISION,no_prior_authoritative_decision,,,,0.0,DEGRADED_NON_TRADING,decision_evidence_reference_reject,REJECT,False,other,non_full_structured_decision,,False,,
591813800_1786561284_9977718_1786566110_AUDCAD_30806,591813800,591813800_1786561284_9977718,AUDCAD,1786566110,OFF,NK,CALL,REQUIRED_NEW_DECISION,no_prior_authoritative_decision,REQUIRED_NEW_DECISION,no_prior_authoritative_decision,,,,0.0,FULL_STRUCTURED,ai_abstained,ABSTAIN,False,other,stored,qualitative_dispute_unresolved,True,ABSTAIN,
591813800_1786569338_18032703_1786570698_AUDCAD_15663,591813800,591813800_1786569338_18032703,AUDCAD,1786570697,OFF,NK,CALL,SCHEDULED_REVIEW_WITH_MEANINGFUL_CHANGE,meaningful_change,SCHEDULED_REVIEW_WITH_MEANINGFUL_CHANGE,meaningful_change,identity:python.model_id|new_candidate,591813800_1786561284_9977718_1786566110_AUDCAD_30806,76.45,0.0,FULL_STRUCTURED,ai_abstained,ABSTAIN,False,luna,stored,qualitative_block_upheld,True,ABSTAIN,
591813800_1786575640_24334671_1786575714_AUDCAD_2676,591813800,591813800_1786575640_24334671,AUDCAD,1786575713,NY,K,CALL,SCHEDULED_REVIEW_WITH_MEANINGFUL_CHANGE,meaningful_change,SCHEDULED_REVIEW_WITH_MEANINGFUL_CHANGE,meaningful_change,identity:decision_input_hash+runtime_input_hash|session_transition|killzone_transition|request_state:po3.has_follow_through+po3.liquidity_kind+po3.ltf_choch+po3.ltf_mss+po3.t_bos+po3.t_disp+po3.t_sweep|new_candidate,591813800_1786569338_18032703_1786570698_AUDCAD_15663,83.6,0.0,FULL_STRUCTURED,ai_rejected,REJECT,False,luna,stored,qualitative_block_upheld,True,REJECT,
591813800_1786576585_25279421_1786576625_AUDCAD_10010,591813800,591813800_1786576585_25279421,AUDCAD,1786576625,NY,K,CALL,SCHEDULED_REVIEW_WITH_MEANINGFUL_CHANGE,meaningful_change,SCHEDULED_REVIEW_WITH_MEANINGFUL_CHANGE,meaningful_change,identity:runtime_input_hash,591813800_1786575640_24334671_1786575714_AUDCAD_2676,15.2,0.0,FULL_STRUCTURED,ai_rejected,REJECT,False,luna,stored,qualitative_block_upheld,True,REJECT,
591813800_1786653910_11770718_1786653954_AUDCAD_8687,591813800,591813800_1786653910_11770718,AUDCAD,1786653954,OFF,NK,CALL,SCHEDULED_REVIEW_WITH_MEANINGFUL_CHANGE,meaningful_change,SCHEDULED_REVIEW_WITH_MEANINGFUL_CHANGE,meaningful_change,identity:decision_input_hash+runtime_input_hash|session_transition|killzone_transition|new_candidate,591813800_1786576585_25279421_1786576625_AUDCAD_10010,1288.8166666666666,0.0,FULL_STRUCTURED,ai_rejected,REJECT,False,luna,stored,qualitative_block_upheld,True,REJECT,
591813800_1786653910_11770718_1786655795_AUDCAD_29661,591813800,591813800_1786653910_11770718,AUDCAD,1786655795,OFF,NK,CALL,OTHER_REQUIRED,decisive_prior_ttl_expired,OTHER_REQUIRED,decisive_prior_ttl_expired,,591813800_1786653910_11770718_1786653954_AUDCAD_8687,30.683333333333334,30.0,FULL_STRUCTURED,ai_rejected,REJECT,False,luna,stored,qualitative_block_upheld,True,REJECT,
591813800_1786661610_19471531_1786661653_AUDCAD_18042,591813800,591813800_1786661610_19471531,AUDCAD,1786661652,OFF,NK,CALL,SCHEDULED_REVIEW_WITH_MEANINGFUL_CHANGE,meaningful_change,SCHEDULED_REVIEW_WITH_MEANINGFUL_CHANGE,meaningful_change,new_candidate,591813800_1786653910_11770718_1786655795_AUDCAD_29661,97.61666666666666,0.0,FULL_STRUCTURED,ai_rejected,REJECT,False,luna,stored,qualitative_block_upheld,True,REJECT,
591813800_1786671926_29787281_1786671975_AUDCAD_6893,591813800,591813800_1786671926_29787281,AUDCAD,1786671975,NY,NK,CALL,SCHEDULED_REVIEW_WITH_MEANINGFUL_CHANGE,meaningful_change,SCHEDULED_REVIEW_WITH_MEANINGFUL_CHANGE,meaningful_change,session_transition|new_candidate,591813800_1786661610_19471531_1786661653_AUDCAD_18042,172.05,0.0,FULL_STRUCTURED,ai_abstained,ABSTAIN,False,luna,stored,qualitative_block_upheld,True,ABSTAIN,
591813800_1786676046_33908046_1786677015_AUDCAD_19545,591813800,591813800_1786676046_33908046,AUDCAD,1786677014,ASIA,NK,CALL,SCHEDULED_REVIEW_WITH_MEANINGFUL_CHANGE,meaningful_change,SCHEDULED_REVIEW_WITH_MEANINGFUL_CHANGE,meaningful_change,session_transition,591813800_1786671926_29787281_1786671975_AUDCAD_6893,83.98333333333333,0.0,FULL_STRUCTURED,ai_rejected,REJECT,False,luna,stored,qualitative_block_upheld,True,REJECT,
591813800_1786744136_102001000_1786745992_AUDCAD_31789,591813800,591813800_1786744136_102001000,AUDCAD,1786745992,OFF,NK,CALL,SCHEDULED_REVIEW_WITH_MEANINGFUL_CHANGE,meaningful_change,SCHEDULED_REVIEW_WITH_MEANINGFUL_CHANGE,meaningful_change,session_transition|new_candidate,591813800_1786676046_33908046_1786677015_AUDCAD_19545,1149.6333333333334,0.0,FULL_STRUCTURED,ai_abstained,ABSTAIN,False,luna,stored,qualitative_block_upheld,True,ABSTAIN,
591813800_1786744136_102001000_1786747829_AUDCAD_6730,591813800,591813800_1786744136_102001000,AUDCAD,1786747828,OFF,NK,CALL,SCHEDULED_REVIEW_WITH_MEANINGFUL_CHANGE,meaningful_change,SCHEDULED_REVIEW_WITH_MEANINGFUL_CHANGE,meaningful_change,candidate_state:fvg_execution_class+fvg_mid_mitigated+fvg_mitigation_state+fvg_touched,591813800_1786744136_102001000_1786745992_AUDCAD_31789,30.6,0.0,FULL_STRUCTURED,ai_abstained,ABSTAIN,False,luna,stored,qualitative_block_upheld,True,ABSTAIN,
591813800_1786561284_9977718_1786561389_AUDJPY_16612,591813800,591813800_1786561284_9977718,AUDJPY,1786561388,OFF,NK,CALL,REQUIRED_NEW_DECISION,no_prior_authoritative_decision,REQUIRED_NEW_DECISION,no_prior_authoritative_decision,,,,0.0,FULL_STRUCTURED,ai_abstained,ABSTAIN,False,other,stored,qualitative_dispute_unresolved,True,ABSTAIN,
591813800_1786561284_9977718_1786561706_AUDJPY_9941,591813800,591813800_1786561284_9977718,AUDJPY,1786561706,OFF,NK,CALL,REQUIRED_NEW_DECISION,meaningful_change,REQUIRED_NEW_DECISION,meaningful_change,identity:python.model_id+python.provider_id|request_state:po3.has_follow_through+po3.liquidity_kind+po3.ltf_bos+po3.ltf_choch+po3.ltf_mss+po3.t_bos+po3.t_disp+po3.t_sweep|new_candidate,591813800_1786561284_9977718_1786561389_AUDJPY_16612,5.3,0.0,DEGRADED_NON_TRADING,decision_evidence_reference_reject,REJECT,False,other,non_full_structured_decision,,False,,
591813800_1786738700_96564671_1786739667_AUDJPY_2917,591813800,591813800_1786738700_96564671,AUDJPY,1786739667,OFF,NK,CALL,SCHEDULED_REVIEW_WITH_MEANINGFUL_CHANGE,meaningful_change,SCHEDULED_REVIEW_WITH_MEANINGFUL_CHANGE,meaningful_change,identity:decision_input_hash+python.model_id+runtime_input_hash|request_state:po3.has_follow_through+po3.ltf_bos+po3.ltf_choch+po3.ltf_mss+po3.t_bos+po3.t_disp+po3.t_sweep|new_candidate,591813800_1786561284_9977718_1786561389_AUDJPY_16612,2971.3166666666666,0.0,FULL_STRUCTURED,ai_abstained,ABSTAIN,False,luna,stored,qualitative_block_upheld,True,ABSTAIN,
591813800_1788540249_79807218_1788541206_AUDJPY_31436,591813800,591813800_1788540249_79807218,AUDJPY,1788541205,LON,NK,CALL,SCHEDULED_REVIEW_WITH_MEANINGFUL_CHANGE,meaningful_change,SCHEDULED_REVIEW_WITH_MEANINGFUL_CHANGE,meaningful_change,identity:contract_manifest_hash+decision_input_hash+python.family_profile_version+runtime_input_hash|session_transition|request_state:is_buy+po3.context_tier+po3.has_bos+po3.has_follow_through+po3.has_sweep+po3.htf_bos+po3.liquidity_kind+po3.ltf_bos+po3.ltf_choch+po3.ltf_mss+po3.po3_state+po3.structure_type+po3.sweep_side+po3.t_bos+po3.t_disp+po3.t_sweep|new_candidate,591813800_1786738700_96564671_1786739667_AUDJPY_2917,30025.633333333335,0.0,FULL_STRUCTURED,ai_abstained,ABSTAIN,False,luna,stored,qualitative_block_upheld,True,ABSTAIN,
591813800_1788540249_79807218_1788543040_AUDJPY_10664,591813800,591813800_1788540249_79807218,AUDJPY,1788542773,LON,NK,CALL,SCHEDULED_REVIEW_WITH_MEANINGFUL_CHANGE,meaningful_change,SCHEDULED_REVIEW_WITH_MEANINGFUL_CHANGE,meaningful_change,identity:python.model_id+python.provider_id|candidate_state:fvg_execution_class+fvg_mitigation_state+fvg_touched,591813800_1788540249_79807218_1788541206_AUDJPY_31436,26.133333333333333,0.0,DEGRADED_NON_TRADING,provider_transport_error,REJECT,False,other,non_full_structured_decision,,False,,
591813800_1788837043_120154281_1788837654_AUDJPY_27269,591813800,591813800_1788837043_120154281,AUDJPY,1788837653,ASIA,NK,CALL,SCHEDULED_REVIEW_WITH_MEANINGFUL_CHANGE,meaningful_change,SCHEDULED_REVIEW_WITH_MEANINGFUL_CHANGE,meaningful_change,identity:decision_input_hash+runtime_input_hash|session_transition|request_state:po3.t_disp|new_candidate,591813800_1788540249_79807218_1788541206_AUDJPY_31436,4940.8,0.0,FULL_STRUCTURED,ai_abstained,ABSTAIN,False,luna,stored,qualitative_block_upheld,True,ABSTAIN,
591813800_1788925102_208218984_1788925149_AUDJPY_9619,591813800,591813800_1788925102_208218984,AUDJPY,1788925148,ASIA,NK,CALL,PREDETERMINED_OUTCOME,python_hard_pre_gate_already_skips_provider,SCHEDULED_REVIEW_WITH_MEANINGFUL_CHANGE,meaningful_change,identity:contract_manifest_hash+decision_input_hash+python.family_profile_version+python.model_id+python.provider_id+runtime_input_hash|request_state:po3.developing_bos+po3.has_sweep+po3.liquidity_kind+po3.ltf_bos+po3.ltf_choch+po3.ltf_mss+po3.structure_type+po3.sweep_side+po3.t_disp+po3.t_sweep|new_candidate,591813800_1788837043_120154281_1788837654_AUDJPY_27269,1458.25,0.0,DEGRADED_NON_TRADING,hard_pre_gate,REJECT,False,other,non_full_structured_decision,,False,,
591813800_1788925102_208218984_1788925757_AUDJPY_31251,591813800,591813800_1788925102_208218984,AUDJPY,1788925757,ASIA,NK,CALL,SCHEDULED_REVIEW_WITH_MEANINGFUL_CHANGE,meaningful_change,SCHEDULED_REVIEW_WITH_MEANINGFUL_CHANGE,meaningful_change,identity:contract_manifest_hash+decision_input_hash+python.family_profile_version+python.model_id+python.provider_id+runtime_input_hash|request_state:po3.context_tier+po3.has_bos+po3.has_sweep+po3.htf_bos+po3.htf_choch+po3.htf_mss+po3.liquidity_kind+po3.ltf_bos+po3.ltf_choch+po3.ltf_mss+po3.po3_state+po3.structure_type+po3.sweep_side+po3.t_bos+po3.t_disp+po3.t_sweep|new_candidate,591813800_1788837043_120154281_1788837654_AUDJPY_27269,1468.4,0.0,FULL_STRUCTURED,ai_abstained,ABSTAIN,False,luna,stored,qualitative_dispute_unresolved,True,ABSTAIN,
591813800_1788925102_208218984_1788926968_AUDJPY_25974,591813800,591813800_1788925102_208218984,AUDJPY,1788926968,ASIA,NK,CALL,OTHER_REQUIRED,borderline_prior_requires_fresh_review,OTHER_REQUIRED,borderline_prior_requires_fresh_review,,591813800_1788925102_208218984_1788925757_AUDJPY_31251,20.183333333333334,0.0,FULL_STRUCTURED,ai_abstained,ABSTAIN,False,luna,stored,qualitative_dispute_unresolved,True,ABSTAIN,
591813800_1788925102_208218984_1788928180_AUDJPY_4684,591813800,591813800_1788925102_208218984,AUDJPY,1788928180,ASIA,NK,CALL,REQUIRED_NEW_DECISION,meaningful_change,REQUIRED_NEW_DECISION,meaningful_change,identity:python.model_id+python.provider_id|new_candidate,591813800_1788925102_208218984_1788926968_AUDJPY_25974,20.2,0.0,DEGRADED_NON_TRADING,provider_transport_error,REJECT,False,other,non_full_structured_decision,,False,,
591813800_1788925102_208218984_1788929401_AUDJPY_30123,591813800,591813800_1788925102_208218984,AUDJPY,1788929401,ASIA,NK,CALL,OTHER_REQUIRED,borderline_prior_requires_fresh_review,OTHER_REQUIRED,borderline_prior_requires_fresh_review,,591813800_1788925102_208218984_1788926968_AUDJPY_25974,40.55,0.0,FULL_STRUCTURED,ai_abstained,ABSTAIN,False,luna,stored,qualitative_dispute_unresolved,True,ABSTAIN,
591813800_1788925102_208218984_1788930010_AUDJPY_22611,591813800,591813800_1788925102_208218984,AUDJPY,1788930009,ASIA,NK,CALL,OTHER_REQUIRED,borderline_prior_requires_fresh_review,OTHER_REQUIRED,borderline_prior_requires_fresh_review,,591813800_1788925102_208218984_1788929401_AUDJPY_30123,10.133333333333333,0.0,FULL_STRUCTURED,ai_abstained,ABSTAIN,False,luna,stored,qualitative_dispute_unresolved,True,ABSTAIN,
591813800_1788925102_208218984_1788931222_AUDJPY_14568,591813800,591813800_1788925102_208218984,AUDJPY,1788931221,ASIA,NK,CALL,OTHER_REQUIRED,borderline_prior_requires_fresh_review,OTHER_REQUIRED,borderline_prior_requires_fresh_review,,591813800_1788925102_208218984_1788930010_AUDJPY_22611,20.2,0.0,FULL_STRUCTURED,ai_abstained,ABSTAIN,False,luna,stored,qualitative_dispute_unresolved,True,ABSTAIN,
591813800_1788925102_208218984_1788931827_AUDJPY_8772,591813800,591813800_1788925102_208218984,AUDJPY,1788931827,ASIA,NK,CALL,OTHER_REQUIRED,borderline_prior_requires_fresh_review,OTHER_REQUIRED,borderline_prior_requires_fresh_review,,591813800_1788925102_208218984_1788931222_AUDJPY_14568,10.1,0.0,FULL_STRUCTURED,ai_approved,APPROVE,True,luna,stored,analyst_approve_critic_pass,False,APPROVE,
591813800_1788925102_208218984_1788932433_AUDJPY_21446,591813800,591813800_1788925102_208218984,AUDJPY,1788932433,ASIA,NK,CALL,REQUIRED_NEW_DECISION,prior_decision_approved_never_reused,REQUIRED_NEW_DECISION,prior_decision_approved_never_reused,,591813800_1788925102_208218984_1788931827_AUDJPY_8772,10.1,0.0,FULL_STRUCTURED,ai_approved,APPROVE,True,luna,stored,analyst_approve_critic_pass,False,APPROVE,
591813800_1788925102_208218984_1788933039_AUDJPY_12810,591813800,591813800_1788925102_208218984,AUDJPY,1788933039,ASIA,NK,CALL,REQUIRED_NEW_DECISION,prior_decision_approved_never_reused,REQUIRED_NEW_DECISION,prior_decision_approved_never_reused,,591813800_1788925102_208218984_1788932433_AUDJPY_21446,10.1,0.0,FULL_STRUCTURED,ai_approved,APPROVE,True,luna,stored,analyst_approve_critic_pass,False,APPROVE,
591813800_1788925102_208218984_1788933644_AUDJPY_11881,591813800,591813800_1788925102_208218984,AUDJPY,1788933644,ASIA,NK,CALL,REQUIRED_NEW_DECISION,prior_decision_approved_never_reused,REQUIRED_NEW_DECISION,prior_decision_approved_never_reused,,591813800_1788925102_208218984_1788933039_AUDJPY_12810,10.083333333333334,0.0,FULL_STRUCTURED,ai_abstained,ABSTAIN,False,luna,stored,qualitative_dispute_unresolved,True,ABSTAIN,
591813800_1788925102_208218984_1788934856_AUDJPY_17596,591813800,591813800_1788925102_208218984,AUDJPY,1788934856,ASIA,NK,CALL,OTHER_REQUIRED,borderline_prior_requires_fresh_review,OTHER_REQUIRED,borderline_prior_requires_fresh_review,,591813800_1788925102_208218984_1788933644_AUDJPY_11881,20.2,0.0,FULL_STRUCTURED,ai_approved,APPROVE,True,luna,stored,analyst_approve_critic_pass,False,APPROVE,
591813800_1788925102_208218984_1788935465_AUDJPY_14824,591813800,591813800_1788925102_208218984,AUDJPY,1788935464,ASIA,NK,CALL,REQUIRED_NEW_DECISION,prior_decision_approved_never_reused,REQUIRED_NEW_DECISION,prior_decision_approved_never_reused,,591813800_1788925102_208218984_1788934856_AUDJPY_17596,10.133333333333333,0.0,FULL_STRUCTURED,ai_abstained,ABSTAIN,False,luna,stored,qualitative_dispute_unresolved,True,ABSTAIN,
591813800_1788925102_208218984_1788936674_AUDJPY_3276,591813800,591813800_1788925102_208218984,AUDJPY,1788936674,ASIA,NK,CALL,OTHER_REQUIRED,borderline_prior_requires_fresh_review,OTHER_REQUIRED,borderline_prior_requires_fresh_review,,591813800_1788925102_208218984_1788935465_AUDJPY_14824,20.166666666666668,0.0,FULL_STRUCTURED,ai_approved,APPROVE,True,luna,stored,analyst_approve_critic_pass,False,APPROVE,
591813800_1788925102_208218984_1788937283_AUDJPY_4684,591813800,591813800_1788925102_208218984,AUDJPY,1788937283,ASIA,NK,CALL,REQUIRED_NEW_DECISION,prior_decision_approved_never_reused,REQUIRED_NEW_DECISION,prior_decision_approved_never_reused,,591813800_1788925102_208218984_1788936674_AUDJPY_3276,10.15,0.0,FULL_STRUCTURED,ai_approved,APPROVE,True,luna,stored,analyst_approve_critic_pass,False,APPROVE,
591813800_1788925102_208218984_1788937889_AUDJPY_24005,591813800,591813800_1788925102_208218984,AUDJPY,1788937889,ASIA,NK,CALL,REQUIRED_NEW_DECISION,prior_decision_approved_never_reused,REQUIRED_NEW_DECISION,prior_decision_approved_never_reused,,591813800_1788925102_208218984_1788937283_AUDJPY_4684,10.1,0.0,FULL_STRUCTURED,ai_abstained,ABSTAIN,False,luna,stored,qualitative_block_upheld,True,ABSTAIN,
591813800_1788925102_208218984_1788939105_AUDJPY_3607,591813800,591813800_1788925102_208218984,AUDJPY,1788939105,ASIA,NK,CALL,OTHER_REQUIRED,borderline_prior_requires_fresh_review,OTHER_REQUIRED,borderline_prior_requires_fresh_review,,591813800_1788925102_208218984_1788937889_AUDJPY_24005,20.266666666666666,0.0,FULL_STRUCTURED,ai_abstained,ABSTAIN,False,luna,stored,qualitative_dispute_unresolved,True,ABSTAIN,
591813800_1788925102_208218984_1788940313_AUDJPY_25550,591813800,591813800_1788925102_208218984,AUDJPY,1788940312,ASIA,NK,CALL,OTHER_REQUIRED,borderline_prior_requires_fresh_review,OTHER_REQUIRED,borderline_prior_requires_fresh_review,,591813800_1788925102_208218984_1788939105_AUDJPY_3607,20.116666666666667,0.0,FULL_STRUCTURED,ai_approved,APPROVE,True,luna,stored,analyst_approve_critic_pass,False,APPROVE,
591813800_1788925102_208218984_1788941533_AUDJPY_8200,591813800,591813800_1788925102_208218984,AUDJPY,1788941533,ASIA,NK,CALL,REQUIRED_NEW_DECISION,prior_decision_approved_never_reused,REQUIRED_NEW_DECISION,prior_decision_approved_never_reused,,591813800_1788925102_208218984_1788940313_AUDJPY_25550,20.35,0.0,FULL_STRUCTURED,ai_approved,APPROVE,True,luna,stored,analyst_approve_critic_pass,False,APPROVE,
591813800_1788925102_208218984_1788942143_AUDJPY_1354,591813800,591813800_1788925102_208218984,AUDJPY,1788942143,ASIA,NK,CALL,REQUIRED_NEW_DECISION,prior_decision_approved_never_reused,REQUIRED_NEW_DECISION,prior_decision_approved_never_reused,,591813800_1788925102_208218984_1788941533_AUDJPY_8200,10.166666666666666,0.0,FULL_STRUCTURED,ai_approved,APPROVE,True,luna,stored,analyst_approve_critic_pass,False,APPROVE,
591813800_1788925102_208218984_1788942756_AUDJPY_13213,591813800,591813800_1788925102_208218984,AUDJPY,1788942756,ASIA,NK,CALL,REQUIRED_NEW_DECISION,prior_decision_approved_never_reused,REQUIRED_NEW_DECISION,prior_decision_approved_never_reused,,591813800_1788925102_208218984_1788942143_AUDJPY_1354,10.216666666666667,0.0,FULL_STRUCTURED,ai_approved,APPROVE,True,luna,stored,analyst_approve_critic_pass,False,APPROVE,
591813800_1788925102_208218984_1788943364_AUDJPY_15606,591813800,591813800_1788925102_208218984,AUDJPY,1788943364,ASIA,NK,CALL,REQUIRED_NEW_DECISION,prior_decision_approved_never_reused,REQUIRED_NEW_DECISION,prior_decision_approved_never_reused,,591813800_1788925102_208218984_1788942756_AUDJPY_13213,10.133333333333333,0.0,FULL_STRUCTURED,ai_abstained,ABSTAIN,False,luna,stored,qualitative_dispute_unresolved,True,ABSTAIN,
591813800_1788925102_208218984_1788944584_AUDJPY_13113,591813800,591813800_1788925102_208218984,AUDJPY,1788944583,ASIA,NK,CALL,OTHER_REQUIRED,borderline_prior_requires_fresh_review,OTHER_REQUIRED,borderline_prior_requires_fresh_review,,591813800_1788925102_208218984_1788943364_AUDJPY_15606,20.316666666666666,0.0,FULL_STRUCTURED,ai_abstained,ABSTAIN,False,luna,stored,qualitative_dispute_unresolved,True,ABSTAIN,
591813800_1788925102_208218984_1788946415_AUDJPY_19805,591813800,591813800_1788925102_208218984,AUDJPY,1788946415,ASIA,NK,CALL,OTHER_REQUIRED,borderline_prior_requires_fresh_review,OTHER_REQUIRED,borderline_prior_requires_fresh_review,,591813800_1788925102_208218984_1788944584_AUDJPY_13113,30.533333333333335,0.0,FULL_STRUCTURED,ai_approved,APPROVE,True,luna,stored,analyst_approve_critic_pass,False,APPROVE,
591813800_1788925102_208218984_1788948255_AUDJPY_3498,591813800,591813800_1788925102_208218984,AUDJPY,1788948255,ASIA,NK,CALL,REQUIRED_NEW_DECISION,prior_decision_approved_never_reused,REQUIRED_NEW_DECISION,prior_decision_approved_never_reused,,591813800_1788925102_208218984_1788946415_AUDJPY_19805,30.666666666666668,0.0,FULL_STRUCTURED,ai_abstained,ABSTAIN,False,luna,stored,qualitative_dispute_unresolved,True,ABSTAIN,
591813800_1788925102_208218984_1788949481_AUDJPY_26449,591813800,591813800_1788925102_208218984,AUDJPY,1788949480,ASIA,NK,CALL,OTHER_REQUIRED,borderline_prior_requires_fresh_review,OTHER_REQUIRED,borderline_prior_requires_fresh_review,,591813800_1788925102_208218984_1788948255_AUDJPY_3498,20.416666666666668,0.0,FULL_STRUCTURED,ai_approved,APPROVE,True,luna,stored,analyst_approve_critic_pass,False,APPROVE,
591813800_1788925102_208218984_1788950097_AUDJPY_12044,591813800,591813800_1788925102_208218984,AUDJPY,1788950097,ASIA,NK,CALL,REQUIRED_NEW_DECISION,prior_decision_approved_never_reused,REQUIRED_NEW_DECISION,prior_decision_approved_never_reused,,591813800_1788925102_208218984_1788949481_AUDJPY_26449,10.283333333333333,0.0,FULL_STRUCTURED,ai_approved,APPROVE,True,luna,stored,analyst_approve_critic_pass,False,APPROVE,
591813800_1788925102_208218984_1788950713_AUDJPY_19727,591813800,591813800_1788925102_208218984,AUDJPY,1788950713,ASIA,NK,CALL,REQUIRED_NEW_DECISION,prior_decision_approved_never_reused,REQUIRED_NEW_DECISION,prior_decision_approved_never_reused,,591813800_1788925102_208218984_1788950097_AUDJPY_12044,10.266666666666667,0.0,FULL_STRUCTURED,ai_abstained,ABSTAIN,False,luna,stored,qualitative_block_upheld,True,ABSTAIN,
591813800_1788925102_208218984_1788951947_AUDJPY_32618,591813800,591813800_1788925102_208218984,AUDJPY,1788951947,ASIA,NK,CALL,OTHER_REQUIRED,borderline_prior_requires_fresh_review,OTHER_REQUIRED,borderline_prior_requires_fresh_review,,591813800_1788925102_208218984_1788950713_AUDJPY_19727,20.566666666666666,0.0,FULL_STRUCTURED,ai_approved,APPROVE,True,luna,stored,analyst_approve_critic_pass,False,APPROVE,
591813800_1786492247_377179515_1786496813_AUDNZD_31794,591813800,591813800_1786492247_377179515,AUDNZD,1786496811,NY,NK,CALL,REQUIRED_NEW_DECISION,no_prior_authoritative_decision,REQUIRED_NEW_DECISION,no_prior_authoritative_decision,,,,0.0,FULL_STRUCTURED,ai_abstained,ABSTAIN,False,other,stored,qualitative_dispute_unresolved,True,ABSTAIN,
591813800_1786492247_377179515_1786497066_AUDNZD_12879,591813800,591813800_1786492247_377179515,AUDNZD,1786497064,NY,NK,CALL,REQUIRED_NEW_DECISION,meaningful_change,REQUIRED_NEW_DECISION,meaningful_change,identity:python.model_id+python.provider_id|new_candidate,591813800_1786492247_377179515_1786496813_AUDNZD_31794,4.216666666666667,0.0,DEGRADED_NON_TRADING,structured_response_invalid,REJECT,False,other,non_full_structured_decision,,False,,
591813800_1786492247_377179515_1786497318_AUDNZD_31445,591813800,591813800_1786492247_377179515,AUDNZD,1786497316,NY,NK,CALL,SCHEDULED_REVIEW_WITH_MEANINGFUL_CHANGE,meaningful_change,SCHEDULED_REVIEW_WITH_MEANINGFUL_CHANGE,meaningful_change,identity:python.model_id+python.provider_id|new_candidate,591813800_1786492247_377179515_1786496813_AUDNZD_31794,8.416666666666666,0.0,DEGRADED_NON_TRADING,structured_response_invalid,REJECT,False,other,non_full_structured_decision,,False,,
591813800_1786561284_9977718_1786561706_AUDNZD_20836,591813800,591813800_1786561284_9977718,AUDNZD,1786561706,OFF,NK,CALL,SCHEDULED_REVIEW_WITH_MEANINGFUL_CHANGE,meaningful_change,SCHEDULED_REVIEW_WITH_MEANINGFUL_CHANGE,meaningful_change,session_transition|request_state:po3.context_tier+po3.has_bos+po3.has_follow_through+po3.has_sweep+po3.htf_bos+po3.htf_choch+po3.htf_mss+po3.liquidity_kind+po3.ltf_bos+po3.ltf_choch+po3.ltf_mss+po3.po3_state+po3.structure_type+po3.sweep_side+po3.t_bos+po3.t_disp+po3.t_sweep|new_candidate,591813800_1786492247_377179515_1786496813_AUDNZD_31794,1081.5833333333333,0.0,FULL_STRUCTURED,ai_abstained,ABSTAIN,False,other,stored,qualitative_dispute_unresolved,True,ABSTAIN,
591813800_1786561284_9977718_1786563274_AUDNZD_16088,591813800,591813800_1786561284_9977718,AUDNZD,1786563274,OFF,NK,CALL,REQUIRED_NEW_DECISION,meaningful_change,REQUIRED_NEW_DECISION,meaningful_change,identity:python.model_id+python.provider_id|new_candidate,591813800_1786561284_9977718_1786561706_AUDNZD_20836,26.133333333333333,0.0,DEGRADED_NON_TRADING,decision_evidence_reference_reject,REJECT,False,other,non_full_structured_decision,,False,,
591813800_1786561284_9977718_1786563588_AUDNZD_19069,591813800,591813800_1786561284_9977718,AUDNZD,1786563587,OFF,NK,CALL,SCHEDULED_REVIEW_WITH_MEANINGFUL_CHANGE,meaningful_change,SCHEDULED_REVIEW_WITH_MEANINGFUL_CHANGE,meaningful_change,new_candidate,591813800_1786561284_9977718_1786561706_AUDNZD_20836,31.35,0.0,FULL_STRUCTURED,ai_abstained,ABSTAIN,False,other,stored,qualitative_dispute_unresolved,True,ABSTAIN,
591813800_1786561284_9977718_1786566110_AUDNZD_22943,591813800,591813800_1786561284_9977718,AUDNZD,1786566110,OFF,NK,CALL,SCHEDULED_REVIEW_WITH_MEANINGFUL_CHANGE,meaningful_change,SCHEDULED_REVIEW_WITH_MEANINGFUL_CHANGE,meaningful_change,new_candidate,591813800_1786561284_9977718_1786563588_AUDNZD_19069,42.05,0.0,FULL_STRUCTURED,ai_abstained,ABSTAIN,False,other,stored,qualitative_dispute_unresolved,True,ABSTAIN,
591813800_1786578562_27257093_1786578579_AUDNZD_2341,591813800,591813800_1786578562_27257093,AUDNZD,1786578579,NY,K,CALL,SCHEDULED_REVIEW_WITH_MEANINGFUL_CHANGE,meaningful_change,SCHEDULED_REVIEW_WITH_MEANINGFUL_CHANGE,meaningful_change,identity:decision_input_hash+python.model_id+runtime_input_hash|session_transition|killzone_transition|request_state:po3.has_follow_through+po3.liquidity_kind+po3.t_bos+po3.t_disp+po3.t_sweep|new_candidate,591813800_1786561284_9977718_1786566110_AUDNZD_22943,207.81666666666666,0.0,FULL_STRUCTURED,ai_rejected,REJECT,False,luna,stored,qualitative_block_upheld,True,REJECT,
591813800_1786509126_394060796_1786509210_AUDUSD_10522,591813800,591813800_1786509126_394060796,AUDUSD,1786509210,ASIA,NK,CALL,REQUIRED_NEW_DECISION,no_prior_authoritative_decision,REQUIRED_NEW_DECISION,no_prior_authoritative_decision,,,,0.0,FULL_STRUCTURED,ai_abstained,ABSTAIN,False,other,stored,qualitative_dispute_unresolved,True,ABSTAIN,
591813800_1786576585_25279421_1786576625_AUDUSD_29618,591813800,591813800_1786576585_25279421,AUDUSD,1786576625,NY,K,CALL,SCHEDULED_REVIEW_WITH_MEANINGFUL_CHANGE,meaningful_change,SCHEDULED_REVIEW_WITH_MEANINGFUL_CHANGE,meaningful_change,identity:decision_input_hash+python.model_id+runtime_input_hash|session_transition|killzone_transition|request_state:is_buy+po3.has_follow_through+po3.htf_choch+po3.htf_mss+po3.liquidity_kind+po3.structure_type+po3.sweep_side+po3.t_bos+po3.t_disp+po3.t_sweep|new_candidate,591813800_1786509126_394060796_1786509210_AUDUSD_10522,1123.5833333333333,0.0,FULL_STRUCTURED,ai_rejected,REJECT,False,luna,stored,qualitative_block_upheld,True,REJECT,
591813800_1786653910_11770718_1786653954_AUDUSD_10421,591813800,591813800_1786653910_11770718,AUDUSD,1786653954,OFF,NK,CALL,SCHEDULED_REVIEW_WITH_MEANINGFUL_CHANGE,meaningful_change,SCHEDULED_REVIEW_WITH_MEANINGFUL_CHANGE,meaningful_change,identity:decision_input_hash+runtime_input_hash|session_transition|killzone_transition|new_candidate,591813800_1786576585_25279421_1786576625_AUDUSD_29618,1288.8166666666666,0.0,FULL_STRUCTURED,ai_rejected,REJECT,False,luna,stored,qualitative_block_upheld,True,REJECT,
591813800_1786738700_96564671_1786738750_AUDUSD_27446,591813800,591813800_1786738700_96564671,AUDUSD,1786738750,OFF,NK,CALL,SCHEDULED_REVIEW_WITH_MEANINGFUL_CHANGE,meaningful_change,SCHEDULED_REVIEW_WITH_MEANINGFUL_CHANGE,meaningful_change,new_candidate,591813800_1786653910_11770718_1786653954_AUDUSD_10421,1413.2666666666667,0.0,FULL_STRUCTURED,ai_rejected,REJECT,False,luna,stored,qualitative_block_upheld,True,REJECT,
591813800_1788767828_50935000_1788774223_AUDUSD_16115,591813800,591813800_1788767828_50935000,AUDUSD,1788774223,ASIA,NK,CALL,SCHEDULED_REVIEW_WITH_MEANINGFUL_CHANGE,meaningful_change,SCHEDULED_REVIEW_WITH_MEANINGFUL_CHANGE,meaningful_change,identity:contract_manifest_hash+decision_input_hash+python.family_profile_version+python.model_id+python.provider_id+runtime_input_hash|session_transition|request_state:po3.context_tier+po3.has_bos+po3.has_sweep+po3.htf_bos+po3.liquidity_kind+po3.ltf_bos+po3.ltf_choch+po3.ltf_mss+po3.po3_state+po3.structure_type+po3.sweep_side+po3.t_bos+po3.t_disp+po3.t_sweep|new_candidate,591813800_1786738700_96564671_1786738750_AUDUSD_27446,33924.55,0.0,DEGRADED_NON_TRADING,local_pipeline_error,REJECT,False,other,non_full_structured_decision,,False,,
591813800_1788767828_50935000_1788776950_AUDUSD_20539,591813800,591813800_1788767828_50935000,AUDUSD,1788776950,ASIA,NK,CALL,SCHEDULED_REVIEW_WITH_MEANINGFUL_CHANGE,meaningful_change,SCHEDULED_REVIEW_WITH_MEANINGFUL_CHANGE,meaningful_change,identity:contract_manifest_hash+decision_input_hash+python.family_profile_version+python.model_id+python.provider_id+runtime_input_hash|session_transition|request_state:po3.context_tier+po3.has_bos+po3.has_sweep+po3.htf_bos+po3.liquidity_kind+po3.ltf_bos+po3.ltf_choch+po3.ltf_mss+po3.po3_state+po3.structure_type+po3.sweep_side+po3.t_bos+po3.t_disp+po3.t_sweep|new_candidate,591813800_1786738700_96564671_1786738750_AUDUSD_27446,33970.0,0.0,DEGRADED_NON_TRADING,provider_deadline_exceeded,REJECT,False,other,non_full_structured_decision,,False,,
591813800_1788891743_174857593_1788891765_AUDUSD_11672,591813800,591813800_1788891743_174857593,AUDUSD,1788891764,LON,NK,CALL,SCHEDULED_REVIEW_WITH_MEANINGFUL_CHANGE,meaningful_change,SCHEDULED_REVIEW_WITH_MEANINGFUL_CHANGE,meaningful_change,identity:contract_manifest_hash+decision_input_hash+python.family_profile_version+python.model_id+python.prompt_contract_version+python.provider_id+runtime_input_hash|session_transition|request_state:po3.context_tier+po3.has_bos+po3.has_sweep+po3.htf_bos+po3.liquidity_kind+po3.ltf_bos+po3.ltf_choch+po3.ltf_mss+po3.po3_state+po3.structure_type+po3.sweep_side+po3.t_bos+po3.t_disp+po3.t_sweep|new_candidate,591813800_1786738700_96564671_1786738750_AUDUSD_27446,35883.566666666666,0.0,DEGRADED_NON_TRADING,local_pipeline_error,REJECT,False,luna,non_full_structured_decision,,False,,
591813800_1788891952_175066921_1788891963_AUDUSD_1301,591813800,591813800_1788891952_175066921,AUDUSD,1788891962,LON,NK,CALL,SCHEDULED_REVIEW_WITH_MEANINGFUL_CHANGE,meaningful_change,SCHEDULED_REVIEW_WITH_MEANINGFUL_CHANGE,meaningful_change,identity:contract_manifest_hash+decision_input_hash+python.family_profile_version+python.prompt_contract_version+runtime_input_hash|session_transition|request_state:is_buy+po3.context_tier+po3.has_bos+po3.has_sweep+po3.htf_bos+po3.liquidity_kind+po3.ltf_bos+po3.ltf_choch+po3.ltf_mss+po3.po3_state+po3.structure_type+po3.sweep_side+po3.t_bos+po3.t_disp+po3.t_sweep|new_candidate,591813800_1786738700_96564671_1786738750_AUDUSD_27446,35886.86666666667,0.0,DEGRADED_NON_TRADING,local_pipeline_error,REJECT,False,luna,non_full_structured_decision,,False,,
591813800_1786492247_377179515_1786500373_BITCOIN_4043,591813800,591813800_1786492247_377179515,BITCOIN,1786500372,NY,NK,CALL,REQUIRED_NEW_DECISION,no_prior_authoritative_decision,REQUIRED_NEW_DECISION,no_prior_authoritative_decision,,,,0.0,FULL_STRUCTURED,ai_abstained,ABSTAIN,False,other,stored,qualitative_dispute_unresolved,True,ABSTAIN,
591813800_1786492247_377179515_1786500876_BITCOIN_15151,591813800,591813800_1786492247_377179515,BITCOIN,1786500876,NY,NK,CALL,UNKNOWN,no_archived_decision,SCHEDULED_REVIEW_WITH_MEANINGFUL_CHANGE,meaningful_change,new_candidate|candidate_state:fvg_execution_class+fvg_mid_mitigated+fvg_touched,591813800_1786492247_377179515_1786500373_BITCOIN_4043,8.4,0.0,,,,False,unknown,,,False,,
591813800_1786501923_386857828_1786503050_BITCOIN_27780,591813800,591813800_1786501923_386857828,BITCOIN,1786503050,NY,NK,CALL,UNKNOWN,no_archived_decision,SCHEDULED_REVIEW_WITH_MEANINGFUL_CHANGE,meaningful_change,new_candidate,591813800_1786492247_377179515_1786500373_BITCOIN_4043,44.63333333333333,0.0,,,,False,unknown,,,False,,
591813800_1786506858_391793203_1786507703_BITCOIN_22326,591813800,591813800_1786506858_391793203,BITCOIN,1786507702,ASIA,NK,CALL,SCHEDULED_REVIEW_WITH_MEANINGFUL_CHANGE,meaningful_change,SCHEDULED_REVIEW_WITH_MEANINGFUL_CHANGE,meaningful_change,session_transition|request_state:is_buy+po3.liquidity_kind+po3.ltf_choch+po3.ltf_mss+po3.sweep_side+po3.t_bos+po3.t_disp+po3.t_sweep|new_candidate,591813800_1786492247_377179515_1786500373_BITCOIN_4043,122.16666666666667,0.0,FULL_STRUCTURED,ai_abstained,ABSTAIN,False,other,stored,qualitative_dispute_unresolved,True,ABSTAIN,
591813800_1786506858_391793203_1786507956_BITCOIN_3974,591813800,591813800_1786506858_391793203,BITCOIN,1786507956,ASIA,NK,CALL,REQUIRED_NEW_DECISION,meaningful_change,REQUIRED_NEW_DECISION,meaningful_change,new_candidate,591813800_1786506858_391793203_1786507703_BITCOIN_22326,4.233333333333333,0.0,FULL_STRUCTURED,ai_abstained,ABSTAIN,False,other,stored,qualitative_dispute_unresolved,True,ABSTAIN,
591813800_1786569338_18032703_1786571012_BITCOIN_163,591813800,591813800_1786569338_18032703,BITCOIN,1786571012,OFF,NK,CALL,SCHEDULED_REVIEW_WITH_MEANINGFUL_CHANGE,meaningful_change,SCHEDULED_REVIEW_WITH_MEANINGFUL_CHANGE,meaningful_change,identity:python.model_id+python.provider_id|session_transition|request_state:is_buy+po3.has_follow_through+po3.liquidity_kind+po3.sweep_side+po3.t_bos+po3.t_disp+po3.t_sweep|new_candidate,591813800_1786506858_391793203_1786507956_BITCOIN_3974,1050.9333333333334,0.0,DEGRADED_NON_TRADING,decision_evidence_reference_reject,REJECT,False,other,non_full_structured_decision,,False,,
591813800_1788614076_331468_1788614091_BITCOIN_21986,591813800,591813800_1788614076_331468,BITCOIN,1788614091,LON,NK,CALL,SCHEDULED_REVIEW_WITH_MEANINGFUL_CHANGE,meaningful_change,SCHEDULED_REVIEW_WITH_MEANINGFUL_CHANGE,meaningful_change,identity:contract_manifest_hash+decision_input_hash+python.family_profile_version+python.model_id+python.provider_id+runtime_input_hash|session_transition|request_state:po3.has_follow_through+po3.t_bos+po3.t_disp+po3.t_sweep|new_candidate,591813800_1786506858_391793203_1786507956_BITCOIN_3974,35102.25,0.0,FULL_STRUCTURED,ai_approved,APPROVE,True,other,stored,adjudicator_resolved_qualitative_dispute,True,APPROVE,
591813800_1788614076_331468_1788615908_BITCOIN_31656,591813800,591813800_1788614076_331468,BITCOIN,1788615907,LON,NK,CALL,REQUIRED_NEW_DECISION,prior_decision_approved_never_reused,REQUIRED_NEW_DECISION,prior_decision_approved_never_reused,,591813800_1788614076_331468_1788614091_BITCOIN_21986,30.266666666666666,0.0,FULL_STRUCTURED,ai_approved,APPROVE,True,other,stored,adjudicator_resolved_qualitative_dispute,True,APPROVE,
591813800_1788614076_331468_1788616814_BITCOIN_21411,591813800,591813800_1788614076_331468,BITCOIN,1788616814,LON,NK,CALL,REQUIRED_NEW_DECISION,prior_decision_approved_never_reused,REQUIRED_NEW_DECISION,prior_decision_approved_never_reused,,591813800_1788614076_331468_1788615908_BITCOIN_31656,15.116666666666667,0.0,DEGRADED_NON_TRADING,provider_transport_error,REJECT,False,other,non_full_structured_decision,,False,,
591813800_1788614076_331468_1788619535_BITCOIN_21472,591813800,591813800_1788614076_331468,BITCOIN,1788619535,LON,NK,CALL,REQUIRED_NEW_DECISION,prior_decision_approved_never_reused,REQUIRED_NEW_DECISION,prior_decision_approved_never_reused,,591813800_1788614076_331468_1788615908_BITCOIN_31656,60.46666666666667,0.0,DEGRADED_NON_TRADING,provider_health_no_trade,ABSTAIN,False,other,non_full_structured_decision,,False,,
591813800_1788622679_8934843_1788622691_BITCOIN_26716,591813800,591813800_1788622679_8934843,BITCOIN,1788622691,LON,NK,CALL,REQUIRED_NEW_DECISION,prior_decision_approved_never_reused,REQUIRED_NEW_DECISION,prior_decision_approved_never_reused,,591813800_1788614076_331468_1788615908_BITCOIN_31656,113.06666666666666,0.0,FULL_STRUCTURED,ai_abstained,ABSTAIN,False,luna,stored,qualitative_block_upheld,True,ABSTAIN,
591813800_1788622679_8934843_1788624512_BITCOIN_15816,591813800,591813800_1788622679_8934843,BITCOIN,1788624512,LON,NK,CALL,PREDETERMINED_OUTCOME,python_hard_pre_gate_already_skips_provider,SCHEDULED_REVIEW_WITH_MEANINGFUL_CHANGE,meaningful_change,identity:python.model_id+python.provider_id|new_candidate,591813800_1788622679_8934843_1788622691_BITCOIN_26716,30.35,0.0,DEGRADED_NON_TRADING,hard_pre_gate,REJECT,False,other,non_full_structured_decision,,False,,
591813800_1788622679_8934843_1788625419_BITCOIN_10222,591813800,591813800_1788622679_8934843,BITCOIN,1788625419,LON,NK,CALL,SCHEDULED_REVIEW_WITH_MEANINGFUL_CHANGE,meaningful_change,SCHEDULED_REVIEW_WITH_MEANINGFUL_CHANGE,meaningful_change,identity:python.model_id+python.provider_id|new_candidate,591813800_1788622679_8934843_1788622691_BITCOIN_26716,45.46666666666667,0.0,DEGRADED_NON_TRADING,provider_transport_error,REJECT,False,other,non_full_structured_decision,,False,,
591813800_1788798902_82010906_1788811600_BITCOIN_19468,591813800,591813800_1788798902_82010906,BITCOIN,1788811600,OFF,NK,CALL,SCHEDULED_REVIEW_WITH_MEANINGFUL_CHANGE,meaningful_change,SCHEDULED_REVIEW_WITH_MEANINGFUL_CHANGE,meaningful_change,identity:decision_input_hash+python.model_id+python.provider_id+runtime_input_hash|session_transition|request_state:po3.context_tier+po3.has_bos+po3.has_sweep+po3.htf_bos+po3.htf_choch+po3.htf_mss+po3.liquidity_kind+po3.ltf_bos+po3.po3_state+po3.structure_type+po3.sweep_side+po3.t_bos+po3.t_disp+po3.t_sweep|new_candidate,591813800_1788622679_8934843_1788622691_BITCOIN_26716,3148.483333333333,0.0,DEGRADED_NON_TRADING,provider_transport_error,REJECT,False,other,non_full_structured_decision,,False,,
591813800_1788798902_82010906_1788813411_BITCOIN_24269,591813800,591813800_1788798902_82010906,BITCOIN,1788813410,OFF,NK,CALL,SCHEDULED_REVIEW_WITH_MEANINGFUL_CHANGE,meaningful_change,SCHEDULED_REVIEW_WITH_MEANINGFUL_CHANGE,meaningful_change,identity:decision_input_hash+runtime_input_hash|session_transition|request_state:po3.context_tier+po3.has_bos+po3.has_sweep+po3.htf_bos+po3.htf_choch+po3.htf_mss+po3.liquidity_kind+po3.ltf_bos+po3.po3_state+po3.structure_type+po3.sweep_side+po3.t_bos+po3.t_disp+po3.t_sweep|new_candidate,591813800_1788622679_8934843_1788622691_BITCOIN_26716,3178.65,0.0,FULL_STRUCTURED,ai_rejected,REJECT,False,luna,stored,analyst_reject,False,REJECT,
591813800_1788798902_82010906_1788814317_BITCOIN_13999,591813800,591813800_1788798902_82010906,BITCOIN,1788814316,OFF,NK,CALL,REQUIRED_NEW_DECISION,meaningful_change,REQUIRED_NEW_DECISION,meaningful_change,candidate_state:fvg_execution_class+fvg_mitigation_state+fvg_touched,591813800_1788798902_82010906_1788813411_BITCOIN_24269,15.1,0.0,FULL_STRUCTURED,ai_rejected,REJECT,False,luna,stored,analyst_reject,False,REJECT,
591813800_1788798902_82010906_1788816127_BITCOIN_19310,591813800,591813800_1788798902_82010906,BITCOIN,1788816127,OFF,NK,CALL,SCHEDULED_REVIEW_WITH_MEANINGFUL_CHANGE,meaningful_change,SCHEDULED_REVIEW_WITH_MEANINGFUL_CHANGE,meaningful_change,identity:python.model_id+python.provider_id|request_state:po3.t_disp+po3.t_sweep|new_candidate,591813800_1788798902_82010906_1788814317_BITCOIN_13999,30.183333333333334,0.0,DEGRADED_NON_TRADING,provider_transport_error,REJECT,False,other,non_full_structured_decision,,False,,
591813800_1786561284_9977718_1786565477_BRENT_27603,591813800,591813800_1786561284_9977718,BRENT,1786565476,OFF,NK,CALL,REQUIRED_NEW_DECISION,no_prior_authoritative_decision,REQUIRED_NEW_DECISION,no_prior_authoritative_decision,,,,0.0,FULL_STRUCTURED,ai_abstained,ABSTAIN,False,other,stored,qualitative_dispute_unresolved,True,ABSTAIN,
591813800_1786561284_9977718_1786566742_BRENT_29400,591813800,591813800_1786561284_9977718,BRENT,1786566742,OFF,NK,CALL,REQUIRED_NEW_DECISION,meaningful_change,REQUIRED_NEW_DECISION,meaningful_change,new_candidate,591813800_1786561284_9977718_1786565477_BRENT_27603,21.1,0.0,FULL_STRUCTURED,ai_abstained,ABSTAIN,False,other,stored,qualitative_dispute_unresolved,True,ABSTAIN,
591813800_1786569338_18032703_1786569441_BRENT_21490,591813800,591813800_1786569338_18032703,BRENT,1786569441,OFF,NK,CALL,SCHEDULED_REVIEW_WITH_MEANINGFUL_CHANGE,meaningful_change,SCHEDULED_REVIEW_WITH_MEANINGFUL_CHANGE,meaningful_change,identity:python.model_id|new_candidate,591813800_1786561284_9977718_1786566742_BRENT_29400,44.983333333333334,0.0,FULL_STRUCTURED,ai_abstained,ABSTAIN,False,luna,stored,qualitative_block_upheld,True,ABSTAIN,
591813800_1786569338_18032703_1786570384_BRENT_20683,591813800,591813800_1786569338_18032703,BRENT,1786570384,OFF,NK,CALL,REQUIRED_NEW_DECISION,meaningful_change,REQUIRED_NEW_DECISION,meaningful_change,new_candidate,591813800_1786569338_18032703_1786569441_BRENT_21490,15.716666666666667,0.0,FULL_STRUCTURED,ai_rejected,REJECT,False,luna,stored,qualitative_block_upheld,True,REJECT,
591813800_1786744136_102001000_1786748747_BRENT_3170,591813800,591813800_1786744136_102001000,BRENT,1786748746,NY,K,CALL,SCHEDULED_REVIEW_WITH_MEANINGFUL_CHANGE,meaningful_change,SCHEDULED_REVIEW_WITH_MEANINGFUL_CHANGE,meaningful_change,identity:decision_input_hash+runtime_input_hash|session_transition|killzone_transition|request_state:po3.context_tier+po3.developing_bos+po3.has_bos+po3.has_follow_through+po3.htf_bos+po3.htf_choch+po3.htf_mss+po3.po3_state+po3.structure_type+po3.t_bos+po3.t_disp+po3.t_sweep|new_candidate,591813800_1786569338_18032703_1786570384_BRENT_20683,2972.7,0.0,FULL_STRUCTURED,ai_rejected,REJECT,False,luna,stored,qualitative_block_upheld,True,REJECT,
591813800_1786744136_102001000_1786750584_BRENT_27420,591813800,591813800_1786744136_102001000,BRENT,1786750584,NY,K,CALL,OTHER_REQUIRED,decisive_prior_ttl_expired,OTHER_REQUIRED,decisive_prior_ttl_expired,,591813800_1786744136_102001000_1786748747_BRENT_3170,30.633333333333333,7.0,FULL_STRUCTURED,ai_rejected,REJECT,False,luna,stored,qualitative_block_upheld,True,REJECT,
591813800_1786932611_30404328_1786939159_BRENT_855,591813800,591813800_1786932611_30404328,BRENT,1786939159,ASIA,NK,CALL,SCHEDULED_REVIEW_WITH_MEANINGFUL_CHANGE,meaningful_change,SCHEDULED_REVIEW_WITH_MEANINGFUL_CHANGE,meaningful_change,session_transition|killzone_transition|request_state:po3.liquidity_kind|new_candidate|candidate_state:target_source+tp_model|price_drift,591813800_1786744136_102001000_1786750584_BRENT_27420,3142.9166666666665,0.0,FULL_STRUCTURED,ai_rejected,REJECT,False,luna,stored,qualitative_block_upheld,True,REJECT,
591813800_1788540249_79807218_1788544883_BRENT_17950,591813800,591813800_1788540249_79807218,BRENT,1788544882,LON,NK,CALL,SCHEDULED_REVIEW_WITH_MEANINGFUL_CHANGE,meaningful_change,SCHEDULED_REVIEW_WITH_MEANINGFUL_CHANGE,meaningful_change,identity:contract_manifest_hash+decision_input_hash+python.family_profile_version+runtime_input_hash|session_transition|request_state:is_buy+po3.context_tier+po3.developing_bos+po3.has_bos+po3.has_follow_through+po3.htf_bos+po3.htf_choch+po3.htf_mss+po3.liquidity_kind+po3.ltf_choch+po3.ltf_mss+po3.po3_state+po3.structure_type+po3.sweep_side+po3.t_bos+po3.t_disp+po3.t_sweep|new_candidate,591813800_1786932611_30404328_1786939159_BRENT_855,26762.05,0.0,FULL_STRUCTURED,ai_abstained,ABSTAIN,False,luna,stored,qualitative_block_upheld,True,ABSTAIN,
591813800_1786561284_9977718_1786563588_CADCHF_32368,591813800,591813800_1786561284_9977718,CADCHF,1786563588,OFF,NK,CALL,REQUIRED_NEW_DECISION,no_prior_authoritative_decision,REQUIRED_NEW_DECISION,no_prior_authoritative_decision,,,,0.0,DEGRADED_NON_TRADING,structured_response_invalid,REJECT,False,other,non_full_structured_decision,,False,,
591813800_1786561284_9977718_1786564217_CADCHF_1897,591813800,591813800_1786561284_9977718,CADCHF,1786564216,OFF,NK,CALL,REQUIRED_NEW_DECISION,no_prior_authoritative_decision,REQUIRED_NEW_DECISION,no_prior_authoritative_decision,,,,0.0,DEGRADED_NON_TRADING,structured_response_invalid,REJECT,False,other,non_full_structured_decision,,False,,
591813800_1788767828_50935000_1788773314_CADJPY_16289,591813800,591813800_1788767828_50935000,CADJPY,1788773314,ASIA,NK,CALL,REQUIRED_NEW_DECISION,no_prior_authoritative_decision,REQUIRED_NEW_DECISION,no_prior_authoritative_decision,,,,0.0,DEGRADED_NON_TRADING,provider_deadline_exceeded,REJECT,False,other,non_full_structured_decision,,False,,
591813800_1788767828_50935000_1788782405_CADJPY_2536,591813800,591813800_1788767828_50935000,CADJPY,1788782404,ASIA,K,CALL,REQUIRED_NEW_DECISION,no_prior_authoritative_decision,REQUIRED_NEW_DECISION,no_prior_authoritative_decision,,,,0.0,DEGRADED_NON_TRADING,provider_deadline_exceeded,REJECT,False,other,non_full_structured_decision,,False,,
591813800_1788925102_208218984_1788945803_CADJPY_14877,591813800,591813800_1788925102_208218984,CADJPY,1788945802,ASIA,NK,CALL,PREDETERMINED_OUTCOME,python_hard_pre_gate_already_skips_provider,REQUIRED_NEW_DECISION,no_prior_authoritative_decision,,,,0.0,DEGRADED_NON_TRADING,hard_pre_gate,REJECT,False,other,non_full_structured_decision,,False,,
591813800_1786492247_377179515_1786492339_CHFJPY_4899,591813800,591813800_1786492247_377179515,CHFJPY,1786492338,NY,K,CALL,REQUIRED_NEW_DECISION,no_prior_authoritative_decision,REQUIRED_NEW_DECISION,no_prior_authoritative_decision,,,,0.0,FULL_STRUCTURED,ai_abstained,ABSTAIN,False,other,stored,qualitative_block_upheld,True,ABSTAIN,
591813800_1786492247_377179515_1786496813_CHFJPY_8656,591813800,591813800_1786492247_377179515,CHFJPY,1786496811,NY,NK,CALL,SCHEDULED_REVIEW_WITH_MEANINGFUL_CHANGE,meaningful_change,SCHEDULED_REVIEW_WITH_MEANINGFUL_CHANGE,meaningful_change,killzone_transition|new_candidate,591813800_1786492247_377179515_1786492339_CHFJPY_4899,74.55,0.0,FULL_STRUCTURED,ai_abstained,ABSTAIN,False,other,stored,qualitative_dispute_unresolved,True,ABSTAIN,
591813800_1786492247_377179515_1786498344_CHFJPY_17302,591813800,591813800_1786492247_377179515,CHFJPY,1786498342,NY,NK,CALL,SCHEDULED_REVIEW_WITH_MEANINGFUL_CHANGE,meaningful_change,SCHEDULED_REVIEW_WITH_MEANINGFUL_CHANGE,meaningful_change,new_candidate,591813800_1786492247_377179515_1786496813_CHFJPY_8656,25.516666666666666,0.0,FULL_STRUCTURED,ai_abstained,ABSTAIN,False,other,stored,qualitative_dispute_unresolved,True,ABSTAIN,
591813800_1786506858_391793203_1786507956_CHFJPY_13175,591813800,591813800_1786506858_391793203,CHFJPY,1786507956,ASIA,NK,CALL,SCHEDULED_REVIEW_WITH_MEANINGFUL_CHANGE,meaningful_change,SCHEDULED_REVIEW_WITH_MEANINGFUL_CHANGE,meaningful_change,session_transition|request_state:is_buy+po3.has_follow_through+po3.liquidity_kind+po3.ltf_choch+po3.ltf_mss+po3.sweep_side+po3.t_bos+po3.t_disp+po3.t_sweep|new_candidate,591813800_1786492247_377179515_1786498344_CHFJPY_17302,160.23333333333332,0.0,FULL_STRUCTURED,ai_abstained,ABSTAIN,False,other,stored,qualitative_dispute_unresolved,True,ABSTAIN,
591813800_1786561284_9977718_1786561389_CHFJPY_29645,591813800,591813800_1786561284_9977718,CHFJPY,1786561388,OFF,NK,CALL,SCHEDULED_REVIEW_WITH_MEANINGFUL_CHANGE,meaningful_change,SCHEDULED_REVIEW_WITH_MEANINGFUL_CHANGE,meaningful_change,session_transition|request_state:is_buy+po3.liquidity_kind+po3.ltf_choch+po3.ltf_mss+po3.sweep_side+po3.t_bos+po3.t_disp+po3.t_sweep|new_candidate,591813800_1786506858_391793203_1786507956_CHFJPY_13175,890.5333333333333,0.0,FULL_STRUCTURED,ai_abstained,ABSTAIN,False,other,stored,qualitative_block_upheld,True,ABSTAIN,
591813800_1786561284_9977718_1786562648_CHFJPY_29919,591813800,591813800_1786561284_9977718,CHFJPY,1786562648,OFF,NK,CALL,REQUIRED_NEW_DECISION,meaningful_change,REQUIRED_NEW_DECISION,meaningful_change,new_candidate,591813800_1786561284_9977718_1786561389_CHFJPY_29645,21.0,0.0,FULL_STRUCTURED,ai_abstained,ABSTAIN,False,other,stored,qualitative_dispute_unresolved,True,ABSTAIN,
591813800_1786561284_9977718_1786564847_CHFJPY_28899,591813800,591813800_1786561284_9977718,CHFJPY,1786564847,OFF,NK,CALL,SCHEDULED_REVIEW_WITH_MEANINGFUL_CHANGE,meaningful_change,SCHEDULED_REVIEW_WITH_MEANINGFUL_CHANGE,meaningful_change,new_candidate,591813800_1786561284_9977718_1786562648_CHFJPY_29919,36.65,0.0,FULL_STRUCTURED,ai_abstained,ABSTAIN,False,other,stored,qualitative_dispute_unresolved,True,ABSTAIN,
591813800_1786569338_18032703_1786569441_CHFJPY_20053,591813800,591813800_1786569338_18032703,CHFJPY,1786569441,OFF,NK,CALL,SCHEDULED_REVIEW_WITH_MEANINGFUL_CHANGE,meaningful_change,SCHEDULED_REVIEW_WITH_MEANINGFUL_CHANGE,meaningful_change,identity:python.model_id|new_candidate,591813800_1786561284_9977718_1786564847_CHFJPY_28899,76.56666666666666,0.0,FULL_STRUCTURED,ai_abstained,ABSTAIN,False,luna,stored,qualitative_block_upheld,True,ABSTAIN,
591813800_1786569338_18032703_1786570384_CHFJPY_14353,591813800,591813800_1786569338_18032703,CHFJPY,1786570384,OFF,NK,REUSE,UNCHANGED_STATE,unchanged_decisive_non_approval_within_ttl,UNCHANGED_STATE,unchanged_decisive_non_approval_within_ttl,,591813800_1786569338_18032703_1786569441_CHFJPY_20053,15.716666666666667,30.0,FULL_STRUCTURED,ai_abstained,ABSTAIN,False,luna,,qualitative_block_upheld,True,ABSTAIN,
591813800_1786932611_30404328_1786932664_CHFJPY_12865,591813800,591813800_1786932611_30404328,CHFJPY,1786932664,NY,NK,CALL,SCHEDULED_REVIEW_WITH_MEANINGFUL_CHANGE,meaningful_change,SCHEDULED_REVIEW_WITH_MEANINGFUL_CHANGE,meaningful_change,identity:decision_input_hash+runtime_input_hash|session_transition|request_state:is_buy+po3.context_tier+po3.has_bos+po3.has_sweep+po3.htf_bos+po3.htf_choch+po3.htf_mss+po3.liquidity_kind+po3.ltf_bos+po3.ltf_choch+po3.ltf_mss+po3.po3_state+po3.structure_type+po3.sweep_side+po3.t_bos+po3.t_disp+po3.t_sweep|new_candidate,591813800_1786569338_18032703_1786569441_CHFJPY_20053,6053.716666666666,0.0,FULL_STRUCTURED,ai_abstained,ABSTAIN,False,luna,stored,qualitative_block_upheld,True,ABSTAIN,
591813800_1788837043_120154281_1788838258_CHFJPY_28291,591813800,591813800_1788837043_120154281,CHFJPY,1788838257,ASIA,NK,CALL,SCHEDULED_REVIEW_WITH_MEANINGFUL_CHANGE,meaningful_change,SCHEDULED_REVIEW_WITH_MEANINGFUL_CHANGE,meaningful_change,identity:contract_manifest_hash+decision_input_hash+python.family_profile_version+runtime_input_hash|session_transition|request_state:po3.t_disp|new_candidate,591813800_1786932611_30404328_1786932664_CHFJPY_12865,31759.883333333335,0.0,FULL_STRUCTURED,ai_abstained,ABSTAIN,False,luna,stored,analyst_abstain_below_adjudication_floor,False,ABSTAIN,
591813800_1788837043_120154281_1788842488_CHFJPY_9141,591813800,591813800_1788837043_120154281,CHFJPY,1788842488,ASIA,NK,CALL,SCHEDULED_REVIEW_WITH_MEANINGFUL_CHANGE,meaningful_change,SCHEDULED_REVIEW_WITH_MEANINGFUL_CHANGE,meaningful_change,request_state:po3.t_disp|new_candidate,591813800_1788837043_120154281_1788838258_CHFJPY_28291,70.51666666666667,0.0,FULL_STRUCTURED,ai_abstained,ABSTAIN,False,luna,stored,analyst_abstain_below_adjudication_floor,False,ABSTAIN,
591813800_1788837043_120154281_1788843091_CHFJPY_15192,591813800,591813800_1788837043_120154281,CHFJPY,1788843091,ASIA,NK,REUSE,UNCHANGED_STATE,unchanged_decisive_non_approval_within_ttl,UNCHANGED_STATE,unchanged_decisive_non_approval_within_ttl,,591813800_1788837043_120154281_1788842488_CHFJPY_9141,10.05,30.0,FULL_STRUCTURED,ai_abstained,ABSTAIN,False,luna,,analyst_abstain_below_adjudication_floor,False,ABSTAIN,
591813800_1788837043_120154281_1788845507_CHFJPY_23548,591813800,591813800_1788837043_120154281,CHFJPY,1788845506,ASIA,NK,CALL,SCHEDULED_REVIEW_WITH_MEANINGFUL_CHANGE,meaningful_change,SCHEDULED_REVIEW_WITH_MEANINGFUL_CHANGE,meaningful_change,request_state:po3.t_disp|new_candidate,591813800_1788837043_120154281_1788842488_CHFJPY_9141,50.3,0.0,FULL_STRUCTURED,ai_abstained,ABSTAIN,False,luna,stored,analyst_abstain_below_adjudication_floor,False,ABSTAIN,
591813800_1788837043_120154281_1788847319_CHFJPY_3555,591813800,591813800_1788837043_120154281,CHFJPY,1788847318,ASIA,NK,CALL,UNKNOWN,no_archived_decision,OTHER_REQUIRED,borderline_prior_requires_fresh_review,,591813800_1788837043_120154281_1788845507_CHFJPY_23548,30.2,0.0,,,,False,unknown,,,False,,
591813800_1788837043_120154281_1788848530_CHFJPY_18570,591813800,591813800_1788837043_120154281,CHFJPY,1788848529,ASIA,NK,CALL,OTHER_REQUIRED,borderline_prior_requires_fresh_review,OTHER_REQUIRED,borderline_prior_requires_fresh_review,,591813800_1788837043_120154281_1788845507_CHFJPY_23548,50.38333333333333,0.0,FULL_STRUCTURED,ai_abstained,ABSTAIN,False,luna,stored,analyst_abstain_below_adjudication_floor,False,ABSTAIN,
591813800_1788837043_120154281_1788849739_CHFJPY_31360,591813800,591813800_1788837043_120154281,CHFJPY,1788849738,ASIA,NK,CALL,OTHER_REQUIRED,borderline_prior_requires_fresh_review,OTHER_REQUIRED,borderline_prior_requires_fresh_review,,591813800_1788837043_120154281_1788848530_CHFJPY_18570,20.15,0.0,FULL_STRUCTURED,ai_abstained,ABSTAIN,False,luna,stored,analyst_abstain_below_adjudication_floor,False,ABSTAIN,
591813800_1788837043_120154281_1788850946_CHFJPY_1491,591813800,591813800_1788837043_120154281,CHFJPY,1788850946,ASIA,NK,REUSE,UNCHANGED_STATE,unchanged_decisive_non_approval_within_ttl,UNCHANGED_STATE,unchanged_decisive_non_approval_within_ttl,,591813800_1788837043_120154281_1788849739_CHFJPY_31360,20.133333333333333,30.0,FULL_STRUCTURED,ai_abstained,ABSTAIN,False,luna,,analyst_abstain_below_adjudication_floor,False,ABSTAIN,
591813800_1788837043_120154281_1788852155_CHFJPY_26671,591813800,591813800_1788837043_120154281,CHFJPY,1788852154,ASIA,NK,CALL,SCHEDULED_REVIEW_WITH_MEANINGFUL_CHANGE,meaningful_change,SCHEDULED_REVIEW_WITH_MEANINGFUL_CHANGE,meaningful_change,candidate_state:fvg_execution_class+fvg_mitigation_state+fvg_touched,591813800_1788837043_120154281_1788849739_CHFJPY_31360,40.266666666666666,0.0,FULL_STRUCTURED,ai_abstained,ABSTAIN,False,luna,stored,analyst_abstain_below_adjudication_floor,False,ABSTAIN,
591813800_1788837043_120154281_1788852760_CHFJPY_7725,591813800,591813800_1788837043_120154281,CHFJPY,1788852759,ASIA,NK,CALL,REQUIRED_NEW_DECISION,meaningful_change,REQUIRED_NEW_DECISION,meaningful_change,candidate_state:fvg_execution_class+fvg_mid_mitigated+fvg_mitigation_state|price_drift,591813800_1788837043_120154281_1788852155_CHFJPY_26671,10.083333333333334,0.0,FULL_STRUCTURED,ai_abstained,ABSTAIN,False,luna,stored,analyst_abstain_below_adjudication_floor,False,ABSTAIN,
591813800_1788925102_208218984_1788930616_CHFJPY_8829,591813800,591813800_1788925102_208218984,CHFJPY,1788930616,ASIA,NK,CALL,SCHEDULED_REVIEW_WITH_MEANINGFUL_CHANGE,meaningful_change,SCHEDULED_REVIEW_WITH_MEANINGFUL_CHANGE,meaningful_change,identity:contract_manifest_hash+decision_input_hash+python.family_profile_version+python.model_id+python.provider_id+runtime_input_hash|request_state:po3.t_disp|new_candidate,591813800_1788837043_120154281_1788852760_CHFJPY_7725,1297.6166666666666,0.0,FULL_STRUCTURED,ai_abstained,ABSTAIN,False,luna,stored,analyst_abstain_below_adjudication_floor,False,ABSTAIN,
591813800_1788925102_208218984_1788931222_CHFJPY_16704,591813800,591813800_1788925102_208218984,CHFJPY,1788931221,ASIA,NK,REUSE,UNCHANGED_STATE,unchanged_decisive_non_approval_within_ttl,UNCHANGED_STATE,unchanged_decisive_non_approval_within_ttl,,591813800_1788925102_208218984_1788930616_CHFJPY_8829,10.083333333333334,30.0,FULL_STRUCTURED,ai_abstained,ABSTAIN,False,luna,,analyst_abstain_below_adjudication_floor,False,ABSTAIN,
591813800_1788925102_208218984_1788931827_CHFJPY_7375,591813800,591813800_1788925102_208218984,CHFJPY,1788931827,ASIA,NK,REUSE,UNCHANGED_STATE,unchanged_decisive_non_approval_within_ttl,UNCHANGED_STATE,unchanged_decisive_non_approval_within_ttl,,591813800_1788925102_208218984_1788930616_CHFJPY_8829,20.183333333333334,30.0,FULL_STRUCTURED,ai_abstained,ABSTAIN,False,luna,,analyst_abstain_below_adjudication_floor,False,ABSTAIN,
591813800_1788925102_208218984_1788932433_CHFJPY_24219,591813800,591813800_1788925102_208218984,CHFJPY,1788932433,ASIA,NK,CALL,OTHER_REQUIRED,decisive_prior_ttl_expired,OTHER_REQUIRED,decisive_prior_ttl_expired,,591813800_1788925102_208218984_1788930616_CHFJPY_8829,30.283333333333335,30.0,FULL_STRUCTURED,ai_abstained,ABSTAIN,False,luna,stored,analyst_abstain_below_adjudication_floor,False,ABSTAIN,
591813800_1788614076_331468_1788615001_ETHEREUM_31097,591813800,591813800_1788614076_331468,ETHEREUM,1788615001,LON,NK,CALL,REQUIRED_NEW_DECISION,no_prior_authoritative_decision,REQUIRED_NEW_DECISION,no_prior_authoritative_decision,,,,0.0,DEGRADED_NON_TRADING,provider_health_no_trade,ABSTAIN,False,other,non_full_structured_decision,,False,,
591813800_1788614076_331468_1788616814_ETHEREUM_25530,591813800,591813800_1788614076_331468,ETHEREUM,1788616814,LON,NK,CALL,REQUIRED_NEW_DECISION,no_prior_authoritative_decision,REQUIRED_NEW_DECISION,no_prior_authoritative_decision,,,,0.0,FULL_STRUCTURED,ai_abstained,ABSTAIN,False,other,stored,analyst_abstain_below_adjudication_floor,False,ABSTAIN,
591813800_1788614076_331468_1788619535_ETHEREUM_26414,591813800,591813800_1788614076_331468,ETHEREUM,1788619535,LON,NK,CALL,SCHEDULED_REVIEW_WITH_MEANINGFUL_CHANGE,meaningful_change,SCHEDULED_REVIEW_WITH_MEANINGFUL_CHANGE,meaningful_change,identity:python.model_id+python.provider_id|new_candidate,591813800_1788614076_331468_1788616814_ETHEREUM_25530,45.35,0.0,DEGRADED_NON_TRADING,provider_health_no_trade,ABSTAIN,False,other,non_full_structured_decision,,False,,
591813800_1788622679_8934843_1788622691_ETHEREUM_32019,591813800,591813800_1788622679_8934843,ETHEREUM,1788622691,LON,NK,CALL,SCHEDULED_REVIEW_WITH_MEANINGFUL_CHANGE,meaningful_change,SCHEDULED_REVIEW_WITH_MEANINGFUL_CHANGE,meaningful_change,identity:python.model_id+python.provider_id,591813800_1788614076_331468_1788616814_ETHEREUM_25530,97.95,0.0,FULL_STRUCTURED,ai_abstained,ABSTAIN,False,luna,stored,qualitative_block_upheld,True,ABSTAIN,
591813800_1788622679_8934843_1788624512_ETHEREUM_6041,591813800,591813800_1788622679_8934843,ETHEREUM,1788624511,LON,NK,CALL,SCHEDULED_REVIEW_WITH_MEANINGFUL_CHANGE,meaningful_change,SCHEDULED_REVIEW_WITH_MEANINGFUL_CHANGE,meaningful_change,new_candidate,591813800_1788622679_8934843_1788622691_ETHEREUM_32019,30.333333333333332,0.0,FULL_STRUCTURED,ai_abstained,ABSTAIN,False,luna,stored,qualitative_block_upheld,True,ABSTAIN,
591813800_1788622679_8934843_1788625419_ETHEREUM_18514,591813800,591813800_1788622679_8934843,ETHEREUM,1788625419,LON,NK,CALL,SCHEDULED_REVIEW_WITH_MEANINGFUL_CHANGE,meaningful_change,SCHEDULED_REVIEW_WITH_MEANINGFUL_CHANGE,meaningful_change,identity:python.model_id+python.provider_id|new_candidate,591813800_1788622679_8934843_1788624512_ETHEREUM_6041,15.133333333333333,0.0,DEGRADED_NON_TRADING,provider_transport_error,REJECT,False,other,non_full_structured_decision,,False,,
591813800_1786561284_9977718_1786563275_EURAUD_19153,591813800,591813800_1786561284_9977718,EURAUD,1786563274,OFF,NK,CALL,REQUIRED_NEW_DECISION,no_prior_authoritative_decision,REQUIRED_NEW_DECISION,no_prior_authoritative_decision,,,,0.0,DEGRADED_NON_TRADING,structured_response_invalid,REJECT,False,other,non_full_structured_decision,,False,,
591813800_1786561284_9977718_1786565793_EURAUD_30469,591813800,591813800_1786561284_9977718,EURAUD,1786565793,OFF,NK,CALL,REQUIRED_NEW_DECISION,no_prior_authoritative_decision,REQUIRED_NEW_DECISION,no_prior_authoritative_decision,,,,0.0,FULL_STRUCTURED,ai_abstained,ABSTAIN,False,other,stored,qualitative_dispute_unresolved,True,ABSTAIN,
591813800_1786561284_9977718_1786566110_EURAUD_17650,591813800,591813800_1786561284_9977718,EURAUD,1786566110,OFF,NK,REUSE,UNCHANGED_STATE,unchanged_decisive_non_approval_within_ttl,UNCHANGED_STATE,unchanged_decisive_non_approval_within_ttl,,591813800_1786561284_9977718_1786565793_EURAUD_30469,5.283333333333333,30.0,FULL_STRUCTURED,ai_abstained,ABSTAIN,False,other,,qualitative_dispute_unresolved,True,ABSTAIN,
591813800_1786561284_9977718_1786566426_EURAUD_19106,591813800,591813800_1786561284_9977718,EURAUD,1786566426,OFF,NK,CALL,REQUIRED_NEW_DECISION,meaningful_change,REQUIRED_NEW_DECISION,meaningful_change,new_candidate,591813800_1786561284_9977718_1786565793_EURAUD_30469,10.55,0.0,FULL_STRUCTURED,ai_abstained,ABSTAIN,False,other,stored,qualitative_dispute_unresolved,True,ABSTAIN,
591813800_1788495063_34619250_1788530771_EURAUD_15951,591813800,591813800_1788495063_34619250,EURAUD,1788530770,LON,NK,CALL,SCHEDULED_REVIEW_WITH_MEANINGFUL_CHANGE,meaningful_change,SCHEDULED_REVIEW_WITH_MEANINGFUL_CHANGE,meaningful_change,identity:contract_manifest_hash+decision_input_hash+python.family_profile_version+python.model_id+python.provider_id+runtime_input_hash|session_transition|request_state:is_buy+po3.context_tier+po3.has_bos+po3.has_follow_through+po3.has_sweep+po3.htf_bos+po3.htf_choch+po3.htf_mss+po3.liquidity_kind+po3.ltf_bos+po3.po3_state+po3.structure_type+po3.sweep_side+po3.t_bos+po3.t_disp+po3.t_sweep|new_candidate,591813800_1786561284_9977718_1786566426_EURAUD_19106,32739.066666666666,0.0,DEGRADED_NON_TRADING,provider_transport_error,REJECT,False,other,non_full_structured_decision,,False,,
591813800_1788495063_34619250_1788533536_EURAUD_7837,591813800,591813800_1788495063_34619250,EURAUD,1788533417,LON,NK,CALL,SCHEDULED_REVIEW_WITH_MEANINGFUL_CHANGE,meaningful_change,SCHEDULED_REVIEW_WITH_MEANINGFUL_CHANGE,meaningful_change,identity:contract_manifest_hash+decision_input_hash+python.family_profile_version+python.model_id+python.provider_id+runtime_input_hash|session_transition|request_state:is_buy+po3.context_tier+po3.has_bos+po3.has_follow_through+po3.has_sweep+po3.htf_bos+po3.htf_choch+po3.htf_mss+po3.liquidity_kind+po3.ltf_bos+po3.po3_state+po3.structure_type+po3.sweep_side+po3.t_bos+po3.t_disp+po3.t_sweep|new_candidate,591813800_1786561284_9977718_1786566426_EURAUD_19106,32783.183333333334,0.0,DEGRADED_NON_TRADING,provider_transport_error,REJECT,False,other,non_full_structured_decision,,False,,
591813800_1788495063_34619250_1788535381_EURAUD_31371,591813800,591813800_1788495063_34619250,EURAUD,1788535381,LON,NK,CALL,SCHEDULED_REVIEW_WITH_MEANINGFUL_CHANGE,meaningful_change,SCHEDULED_REVIEW_WITH_MEANINGFUL_CHANGE,meaningful_change,identity:contract_manifest_hash+decision_input_hash+python.family_profile_version+python.model_id+runtime_input_hash|session_transition|request_state:is_buy+po3.context_tier+po3.has_bos+po3.has_follow_through+po3.has_sweep+po3.htf_bos+po3.htf_choch+po3.htf_mss+po3.liquidity_kind+po3.ltf_bos+po3.po3_state+po3.structure_type+po3.sweep_side+po3.t_bos+po3.t_disp+po3.t_sweep|new_candidate,591813800_1786561284_9977718_1786566426_EURAUD_19106,32815.916666666664,0.0,FULL_STRUCTURED,ai_abstained,ABSTAIN,False,luna,stored,qualitative_block_upheld,True,ABSTAIN,
591813800_1786653910_11770718_1786654880_EURCAD_25623,591813800,591813800_1786653910_11770718,EURCAD,1786654880,OFF,NK,CALL,REQUIRED_NEW_DECISION,no_prior_authoritative_decision,REQUIRED_NEW_DECISION,no_prior_authoritative_decision,,,,0.0,FULL_STRUCTURED,ai_rejected,REJECT,False,luna,stored,qualitative_block_upheld,True,REJECT,
591813800_1786653910_11770718_1786655796_EURCAD_22590,591813800,591813800_1786653910_11770718,EURCAD,1786655795,OFF,NK,CALL,REQUIRED_NEW_DECISION,meaningful_change,REQUIRED_NEW_DECISION,meaningful_change,new_candidate,591813800_1786653910_11770718_1786654880_EURCAD_25623,15.25,0.0,FULL_STRUCTURED,ai_rejected,REJECT,False,luna,stored,qualitative_block_upheld,True,REJECT,
591813800_1786661610_19471531_1786661653_EURCAD_29022,591813800,591813800_1786661610_19471531,EURCAD,1786661653,OFF,NK,CALL,SCHEDULED_REVIEW_WITH_MEANINGFUL_CHANGE,meaningful_change,SCHEDULED_REVIEW_WITH_MEANINGFUL_CHANGE,meaningful_change,new_candidate,591813800_1786653910_11770718_1786655796_EURCAD_22590,97.63333333333334,0.0,FULL_STRUCTURED,ai_rejected,REJECT,False,luna,stored,qualitative_block_upheld,True,REJECT,
591813800_1786661610_19471531_1786662571_EURCAD_6902,591813800,591813800_1786661610_19471531,EURCAD,1786662571,NY,K,CALL,SCHEDULED_REVIEW_WITH_MEANINGFUL_CHANGE,meaningful_change,SCHEDULED_REVIEW_WITH_MEANINGFUL_CHANGE,meaningful_change,session_transition|killzone_transition|price_drift,591813800_1786661610_19471531_1786661653_EURCAD_29022,15.3,0.0,FULL_STRUCTURED,ai_rejected,REJECT,False,luna,stored,qualitative_block_upheld,True,REJECT,
591813800_1786661610_19471531_1786663489_EURCAD_18062,591813800,591813800_1786661610_19471531,EURCAD,1786663489,NY,K,CALL,OTHER_REQUIRED,decisive_prior_ttl_expired,OTHER_REQUIRED,decisive_prior_ttl_expired,,591813800_1786661610_19471531_1786662571_EURCAD_6902,15.3,7.0,FULL_STRUCTURED,ai_rejected,REJECT,False,luna,stored,qualitative_block_upheld,True,REJECT,
591813800_1786661610_19471531_1786664408_EURCAD_10329,591813800,591813800_1786661610_19471531,EURCAD,1786664407,NY,K,CALL,OTHER_REQUIRED,decisive_prior_ttl_expired,OTHER_REQUIRED,decisive_prior_ttl_expired,,591813800_1786661610_19471531_1786663489_EURCAD_18062,15.3,7.0,FULL_STRUCTURED,ai_rejected,REJECT,False,luna,stored,qualitative_block_upheld,True,REJECT,
591813800_1786671926_29787281_1786671975_EURCAD_7515,591813800,591813800_1786671926_29787281,EURCAD,1786671975,NY,NK,CALL,SCHEDULED_REVIEW_WITH_MEANINGFUL_CHANGE,meaningful_change,SCHEDULED_REVIEW_WITH_MEANINGFUL_CHANGE,meaningful_change,killzone_transition|request_state:po3.context_tier+po3.developing_bos+po3.has_bos+po3.htf_bos+po3.po3_state+po3.structure_type+po3.t_bos|new_candidate,591813800_1786661610_19471531_1786664408_EURCAD_10329,126.13333333333334,0.0,FULL_STRUCTURED,ai_abstained,ABSTAIN,False,luna,stored,qualitative_block_upheld,True,ABSTAIN,
591813800_1786671926_29787281_1786672896_EURCAD_7587,591813800,591813800_1786671926_29787281,EURCAD,1786672895,NY,NK,CALL,OTHER_REQUIRED,borderline_prior_requires_fresh_review,OTHER_REQUIRED,borderline_prior_requires_fresh_review,,591813800_1786671926_29787281_1786671975_EURCAD_7515,15.333333333333334,0.0,FULL_STRUCTURED,ai_abstained,ABSTAIN,False,luna,stored,qualitative_block_upheld,True,ABSTAIN,
591813800_1786671926_29787281_1786673812_EURCAD_5886,591813800,591813800_1786671926_29787281,EURCAD,1786673811,NY,NK,CALL,OTHER_REQUIRED,borderline_prior_requires_fresh_review,OTHER_REQUIRED,borderline_prior_requires_fresh_review,,591813800_1786671926_29787281_1786672896_EURCAD_7587,15.266666666666667,0.0,FULL_STRUCTURED,ai_rejected,REJECT,False,luna,stored,qualitative_block_upheld,True,REJECT,
591813800_1786676046_33908046_1786676096_EURCAD_24072,591813800,591813800_1786676046_33908046,EURCAD,1786676096,NY,NK,CALL,OTHER_REQUIRED,decisive_prior_ttl_expired,OTHER_REQUIRED,decisive_prior_ttl_expired,,591813800_1786671926_29787281_1786673812_EURCAD_5886,38.083333333333336,7.0,FULL_STRUCTURED,ai_abstained,ABSTAIN,False,luna,stored,qualitative_block_upheld,True,ABSTAIN,
591813800_1786676046_33908046_1786677015_EURCAD_14368,591813800,591813800_1786676046_33908046,EURCAD,1786677014,ASIA,NK,CALL,REQUIRED_NEW_DECISION,meaningful_change,REQUIRED_NEW_DECISION,meaningful_change,session_transition,591813800_1786676046_33908046_1786676096_EURCAD_24072,15.3,0.0,FULL_STRUCTURED,ai_abstained,ABSTAIN,False,luna,stored,qualitative_block_upheld,True,ABSTAIN,
591813800_1786676046_33908046_1786677932_EURCAD_8677,591813800,591813800_1786676046_33908046,EURCAD,1786677931,ASIA,NK,CALL,OTHER_REQUIRED,borderline_prior_requires_fresh_review,OTHER_REQUIRED,borderline_prior_requires_fresh_review,,591813800_1786676046_33908046_1786677015_EURCAD_14368,15.283333333333333,0.0,FULL_STRUCTURED,ai_abstained,ABSTAIN,False,luna,stored,qualitative_block_upheld,True,ABSTAIN,
591813800_1786676046_33908046_1786678848_EURCAD_18198,591813800,591813800_1786676046_33908046,EURCAD,1786678847,ASIA,NK,CALL,OTHER_REQUIRED,borderline_prior_requires_fresh_review,OTHER_REQUIRED,borderline_prior_requires_fresh_review,,591813800_1786676046_33908046_1786677932_EURCAD_8677,15.266666666666667,0.0,FULL_STRUCTURED,ai_abstained,ABSTAIN,False,luna,stored,qualitative_block_upheld,True,ABSTAIN,
591813800_1786681844_39706125_1786681988_EURCAD_25614,591813800,591813800_1786681844_39706125,EURCAD,1786681987,ASIA,NK,CALL,OTHER_REQUIRED,borderline_prior_requires_fresh_review,OTHER_REQUIRED,borderline_prior_requires_fresh_review,,591813800_1786676046_33908046_1786678848_EURCAD_18198,52.333333333333336,0.0,FULL_STRUCTURED,ai_abstained,ABSTAIN,False,luna,stored,qualitative_block_upheld,True,ABSTAIN,
591813800_1786681844_39706125_1786683829_EURCAD_28054,591813800,591813800_1786681844_39706125,EURCAD,1786683829,ASIA,NK,CALL,OTHER_REQUIRED,borderline_prior_requires_fresh_review,OTHER_REQUIRED,borderline_prior_requires_fresh_review,,591813800_1786681844_39706125_1786681988_EURCAD_25614,30.7,0.0,FULL_STRUCTURED,ai_abstained,ABSTAIN,False,luna,stored,qualitative_block_upheld,True,ABSTAIN,
591813800_1786681844_39706125_1786685668_EURCAD_18795,591813800,591813800_1786681844_39706125,EURCAD,1786685668,ASIA,NK,CALL,OTHER_REQUIRED,borderline_prior_requires_fresh_review,OTHER_REQUIRED,borderline_prior_requires_fresh_review,,591813800_1786681844_39706125_1786683829_EURCAD_28054,30.65,0.0,FULL_STRUCTURED,ai_abstained,ABSTAIN,False,luna,stored,qualitative_block_upheld,True,ABSTAIN,
591813800_1786691416_49279437_1786691526_EURCAD_9128,591813800,591813800_1786691416_49279437,EURCAD,1786691526,ASIA,NK,CALL,UNKNOWN,no_archived_decision,SCHEDULED_REVIEW_WITH_MEANINGFUL_CHANGE,meaningful_change,new_candidate,591813800_1786681844_39706125_1786685668_EURCAD_18795,97.63333333333334,0.0,,,,False,unknown,,,False,,
591813800_1786999708_97504390_1786999757_EURCAD_23114,591813800,591813800_1786999708_97504390,EURCAD,1786999756,OFF,NK,CALL,SCHEDULED_REVIEW_WITH_MEANINGFUL_CHANGE,meaningful_change,SCHEDULED_REVIEW_WITH_MEANINGFUL_CHANGE,meaningful_change,session_transition|request_state:po3.liquidity_kind|new_candidate,591813800_1786681844_39706125_1786685668_EURCAD_18795,5234.8,0.0,FULL_STRUCTURED,ai_abstained,ABSTAIN,False,luna,stored,qualitative_block_upheld,True,ABSTAIN,
591813800_1786999708_97504390_1787001594_EURCAD_28455,591813800,591813800_1786999708_97504390,EURCAD,1787001593,OFF,NK,CALL,OTHER_REQUIRED,borderline_prior_requires_fresh_review,OTHER_REQUIRED,borderline_prior_requires_fresh_review,,591813800_1786999708_97504390_1786999757_EURCAD_23114,30.616666666666667,0.0,FULL_STRUCTURED,ai_rejected,REJECT,False,luna,stored,qualitative_block_upheld,True,REJECT,
591813800_1786999708_97504390_1787002512_EURCAD_26195,591813800,591813800_1786999708_97504390,EURCAD,1787002512,OFF,NK,CALL,REQUIRED_NEW_DECISION,meaningful_change,REQUIRED_NEW_DECISION,meaningful_change,new_candidate,591813800_1786999708_97504390_1787001594_EURCAD_28455,15.316666666666666,0.0,FULL_STRUCTURED,ai_abstained,ABSTAIN,False,luna,stored,qualitative_block_upheld,True,ABSTAIN,
591813800_1786999708_97504390_1787003430_EURCAD_18032,591813800,591813800_1786999708_97504390,EURCAD,1787003429,OFF,NK,CALL,REQUIRED_NEW_DECISION,meaningful_change,REQUIRED_NEW_DECISION,meaningful_change,new_candidate,591813800_1786999708_97504390_1787002512_EURCAD_26195,15.283333333333333,0.0,FULL_STRUCTURED,ai_rejected,REJECT,False,luna,stored,qualitative_block_upheld,True,REJECT,
591813800_1786999708_97504390_1787004356_EURCAD_6111,591813800,591813800_1786999708_97504390,EURCAD,1787004356,OFF,NK,CALL,REQUIRED_NEW_DECISION,meaningful_change,REQUIRED_NEW_DECISION,meaningful_change,new_candidate,591813800_1786999708_97504390_1787003430_EURCAD_18032,15.45,0.0,FULL_STRUCTURED,ai_rejected,REJECT,False,luna,stored,qualitative_block_upheld,True,REJECT,
591813800_1786999708_97504390_1787006200_EURCAD_29980,591813800,591813800_1786999708_97504390,EURCAD,1787006200,OFF,NK,CALL,OTHER_REQUIRED,decisive_prior_ttl_expired,OTHER_REQUIRED,decisive_prior_ttl_expired,,591813800_1786999708_97504390_1787004356_EURCAD_6111,30.733333333333334,30.0,FULL_STRUCTURED,ai_rejected,REJECT,False,luna,stored,qualitative_block_upheld,True,REJECT,
591813800_1788495063_34619250_1788495119_EURCAD_8934,591813800,591813800_1788495063_34619250,EURCAD,1788495118,ASIA,NK,CALL,SCHEDULED_REVIEW_WITH_MEANINGFUL_CHANGE,meaningful_change,SCHEDULED_REVIEW_WITH_MEANINGFUL_CHANGE,meaningful_change,identity:contract_manifest_hash+decision_input_hash+python.family_profile_version+runtime_input_hash|session_transition|price_drift|new_candidate,591813800_1786999708_97504390_1787006200_EURCAD_29980,24815.3,0.0,FULL_STRUCTURED,ai_abstained,ABSTAIN,False,luna,stored,qualitative_block_upheld,True,ABSTAIN,
591813800_1788767771_50878171_1788767799_EURCAD_26354,591813800,591813800_1788767771_50878171,EURCAD,1788767799,ASIA,NK,CALL,UNKNOWN,no_archived_decision,SCHEDULED_REVIEW_WITH_MEANINGFUL_CHANGE,meaningful_change,identity:decision_input_hash+runtime_input_hash|request_state:is_buy+po3.has_follow_through+po3.htf_choch+po3.htf_mss+po3.liquidity_kind+po3.ltf_choch+po3.ltf_mss+po3.structure_type+po3.sweep_side+po3.t_bos+po3.t_disp+po3.t_sweep|new_candidate,591813800_1788495063_34619250_1788495119_EURCAD_8934,4544.683333333333,0.0,,,,False,unknown,,,False,,
591813800_1788767828_50935000_1788772406_EURCAD_14715,591813800,591813800_1788767828_50935000,EURCAD,1788772405,ASIA,NK,CALL,SCHEDULED_REVIEW_WITH_MEANINGFUL_CHANGE,meaningful_change,SCHEDULED_REVIEW_WITH_MEANINGFUL_CHANGE,meaningful_change,identity:decision_input_hash+python.model_id+python.provider_id+runtime_input_hash|request_state:is_buy+po3.has_follow_through+po3.htf_choch+po3.htf_mss+po3.liquidity_kind+po3.ltf_choch+po3.ltf_mss+po3.structure_type+po3.sweep_side+po3.t_bos+po3.t_disp+po3.t_sweep|new_candidate,591813800_1788495063_34619250_1788495119_EURCAD_8934,4621.45,0.0,FULL_STRUCTURED,ai_abstained,ABSTAIN,False,other,stored,qualitative_dispute_unresolved,True,ABSTAIN,
591813800_1788767828_50935000_1788776041_EURCAD_18209,591813800,591813800_1788767828_50935000,EURCAD,1788776041,ASIA,NK,CALL,SCHEDULED_REVIEW_WITH_MEANINGFUL_CHANGE,meaningful_change,SCHEDULED_REVIEW_WITH_MEANINGFUL_CHANGE,meaningful_change,identity:python.model_id+python.provider_id|new_candidate,591813800_1788767828_50935000_1788772406_EURCAD_14715,60.6,0.0,DEGRADED_NON_TRADING,provider_deadline_exceeded,REJECT,False,other,non_full_structured_decision,,False,,
591813800_1788767828_50935000_1788778767_EURCAD_19602,591813800,591813800_1788767828_50935000,EURCAD,1788778766,ASIA,NK,CALL,SCHEDULED_REVIEW_WITH_MEANINGFUL_CHANGE,meaningful_change,SCHEDULED_REVIEW_WITH_MEANINGFUL_CHANGE,meaningful_change,new_candidate,591813800_1788767828_50935000_1788772406_EURCAD_14715,106.01666666666667,0.0,FULL_STRUCTURED,ai_abstained,ABSTAIN,False,other,stored,analyst_abstain_below_adjudication_floor,False,ABSTAIN,
591813800_1788767828_50935000_1788781495_EURCAD_4156,591813800,591813800_1788767828_50935000,EURCAD,1788781495,ASIA,NK,CALL,SCHEDULED_REVIEW_WITH_MEANINGFUL_CHANGE,meaningful_change,SCHEDULED_REVIEW_WITH_MEANINGFUL_CHANGE,meaningful_change,identity:python.model_id+python.provider_id|new_candidate,591813800_1788767828_50935000_1788778767_EURCAD_19602,45.483333333333334,0.0,DEGRADED_NON_TRADING,structured_response_invalid,REJECT,False,other,non_full_structured_decision,,False,,
591813800_1788796160_79268421_1788796170_EURCAD_23044,591813800,591813800_1788796160_79268421,EURCAD,1788796169,LON,NK,CALL,SCHEDULED_REVIEW_WITH_MEANINGFUL_CHANGE,meaningful_change,SCHEDULED_REVIEW_WITH_MEANINGFUL_CHANGE,meaningful_change,session_transition|new_candidate,591813800_1788767828_50935000_1788778767_EURCAD_19602,290.05,0.0,FULL_STRUCTURED,ai_abstained,ABSTAIN,False,other,stored,analyst_abstain_below_adjudication_floor,False,ABSTAIN,
591813800_1788798902_82010906_1788798915_EURCAD_11096,591813800,591813800_1788798902_82010906,EURCAD,1788798915,LON,NK,CALL,SCHEDULED_REVIEW_WITH_MEANINGFUL_CHANGE,meaningful_change,SCHEDULED_REVIEW_WITH_MEANINGFUL_CHANGE,meaningful_change,identity:python.model_id+python.provider_id|new_candidate,591813800_1788796160_79268421_1788796170_EURCAD_23044,45.766666666666666,0.0,FULL_STRUCTURED,ai_approved,APPROVE,True,luna,stored,adjudicator_resolved_qualitative_dispute,True,APPROVE,
591813800_1788837043_120154281_1788861824_EURCAD_30892,591813800,591813800_1788837043_120154281,EURCAD,1788861823,ASIA,NK,CALL,REQUIRED_NEW_DECISION,prior_decision_approved_never_reused,REQUIRED_NEW_DECISION,prior_decision_approved_never_reused,,591813800_1788798902_82010906_1788798915_EURCAD_11096,1048.4666666666667,0.0,FULL_STRUCTURED,ai_abstained,ABSTAIN,False,luna,stored,analyst_abstain_below_adjudication_floor,False,ABSTAIN,
591813800_1788905116_188231343_1788905132_EURCAD_15704,591813800,591813800_1788905116_188231343,EURCAD,1788905131,OFF,NK,CALL,SCHEDULED_REVIEW_WITH_MEANINGFUL_CHANGE,meaningful_change,SCHEDULED_REVIEW_WITH_MEANINGFUL_CHANGE,meaningful_change,identity:contract_manifest_hash+decision_input_hash+python.family_profile_version+python.model_id+python.provider_id+runtime_input_hash|session_transition|request_state:is_buy+po3.developing_bos+po3.has_sweep+po3.liquidity_kind+po3.structure_type+po3.sweep_side+po3.t_disp+po3.t_sweep|new_candidate,591813800_1788837043_120154281_1788861824_EURCAD_30892,721.8,0.0,FULL_STRUCTURED,ai_rejected,REJECT,False,luna,stored,analyst_reject,False,REJECT,
591813800_1788925102_208218984_1788926362_EURCAD_24520,591813800,591813800_1788925102_208218984,EURCAD,1788926362,ASIA,NK,CALL,SCHEDULED_REVIEW_WITH_MEANINGFUL_CHANGE,meaningful_change,SCHEDULED_REVIEW_WITH_MEANINGFUL_CHANGE,meaningful_change,identity:runtime_input_hash|session_transition|new_candidate,591813800_1788905116_188231343_1788905132_EURCAD_15704,353.85,0.0,FULL_STRUCTURED,ai_abstained,ABSTAIN,False,luna,stored,qualitative_dispute_unresolved,True,ABSTAIN,
591813800_1788925102_208218984_1788929402_EURCAD_10879,591813800,591813800_1788925102_208218984,EURCAD,1788929402,ASIA,NK,CALL,SCHEDULED_REVIEW_WITH_MEANINGFUL_CHANGE,meaningful_change,SCHEDULED_REVIEW_WITH_MEANINGFUL_CHANGE,meaningful_change,new_candidate,591813800_1788925102_208218984_1788926362_EURCAD_24520,50.666666666666664,0.0,FULL_STRUCTURED,ai_abstained,ABSTAIN,False,luna,stored,analyst_abstain_below_adjudication_floor,False,ABSTAIN,
591813800_1788540249_79807218_1788540289_EURCHF_14094,591813800,591813800_1788540249_79807218,EURCHF,1788540288,LON,NK,CALL,REQUIRED_NEW_DECISION,no_prior_authoritative_decision,REQUIRED_NEW_DECISION,no_prior_authoritative_decision,,,,0.0,FULL_STRUCTURED,ai_abstained,ABSTAIN,False,luna,stored,qualitative_dispute_unresolved,True,ABSTAIN,
591813800_1788540249_79807218_1788542123_EURCHF_28310,591813800,591813800_1788540249_79807218,EURCHF,1788542123,LON,NK,CALL,SCHEDULED_REVIEW_WITH_MEANINGFUL_CHANGE,meaningful_change,SCHEDULED_REVIEW_WITH_MEANINGFUL_CHANGE,meaningful_change,new_candidate,591813800_1788540249_79807218_1788540289_EURCHF_14094,30.583333333333332,0.0,FULL_STRUCTURED,ai_approved,APPROVE,True,luna,stored,adjudicator_resolved_qualitative_dispute,True,APPROVE,
591813800_1788540249_79807218_1788543040_EURCHF_31822,591813800,591813800_1788540249_79807218,EURCHF,1788542773,LON,NK,CALL,REQUIRED_NEW_DECISION,prior_decision_approved_never_reused,REQUIRED_NEW_DECISION,prior_decision_approved_never_reused,,591813800_1788540249_79807218_1788542123_EURCHF_28310,10.833333333333334,0.0,DEGRADED_NON_TRADING,provider_transport_error,REJECT,False,other,non_full_structured_decision,,False,,
591813800_1788540249_79807218_1788544883_EURCHF_31609,591813800,591813800_1788540249_79807218,EURCHF,1788544882,LON,NK,CALL,REQUIRED_NEW_DECISION,prior_decision_approved_never_reused,REQUIRED_NEW_DECISION,prior_decision_approved_never_reused,,591813800_1788540249_79807218_1788542123_EURCHF_28310,45.983333333333334,0.0,FULL_STRUCTURED,ai_abstained,ABSTAIN,False,luna,stored,qualitative_block_upheld,True,ABSTAIN,
591813800_1788540249_79807218_1788546717_EURCHF_13396,591813800,591813800_1788540249_79807218,EURCHF,1788546716,LON,NK,CALL,OTHER_REQUIRED,borderline_prior_requires_fresh_review,OTHER_REQUIRED,borderline_prior_requires_fresh_review,,591813800_1788540249_79807218_1788544883_EURCHF_31609,30.566666666666666,0.0,FULL_STRUCTURED,ai_abstained,ABSTAIN,False,luna,stored,qualitative_block_upheld,True,ABSTAIN,
591813800_1788558241_97800375_1788558287_EURCHF_11698,591813800,591813800_1788558241_97800375,EURCHF,1788558287,OFF,NK,CALL,SCHEDULED_REVIEW_WITH_MEANINGFUL_CHANGE,meaningful_change,SCHEDULED_REVIEW_WITH_MEANINGFUL_CHANGE,meaningful_change,session_transition|new_candidate,591813800_1788540249_79807218_1788546717_EURCHF_13396,192.85,0.0,FULL_STRUCTURED,ai_abstained,ABSTAIN,False,luna,stored,qualitative_dispute_unresolved,True,ABSTAIN,
591813800_1788558241_97800375_1788558386_EURCHF_31557,591813800,591813800_1788558241_97800375,EURCHF,1788558386,OFF,NK,CALL,OTHER_REQUIRED,borderline_prior_requires_fresh_review,OTHER_REQUIRED,borderline_prior_requires_fresh_review,,591813800_1788558241_97800375_1788558287_EURCHF_11698,1.65,0.0,FULL_STRUCTURED,ai_abstained,ABSTAIN,False,luna,stored,qualitative_block_upheld,True,ABSTAIN,
591813800_1788767771_50878171_1788767799_EURCHF_196,591813800,591813800_1788767771_50878171,EURCHF,1788767799,ASIA,NK,CALL,UNKNOWN,no_archived_decision,SCHEDULED_REVIEW_WITH_MEANINGFUL_CHANGE,meaningful_change,identity:decision_input_hash+runtime_input_hash|session_transition|request_state:po3.htf_choch+po3.htf_mss+po3.liquidity_kind+po3.ltf_choch+po3.ltf_mss+po3.structure_type+po3.t_bos+po3.t_disp+po3.t_sweep|new_candidate,591813800_1788558241_97800375_1788558386_EURCHF_31557,3490.2166666666667,0.0,,,,False,unknown,,,False,,
591813800_1788767828_50935000_1788771496_EURCHF_5637,591813800,591813800_1788767828_50935000,EURCHF,1788771496,ASIA,NK,CALL,SCHEDULED_REVIEW_WITH_MEANINGFUL_CHANGE,meaningful_change,SCHEDULED_REVIEW_WITH_MEANINGFUL_CHANGE,meaningful_change,identity:decision_input_hash+python.model_id+python.provider_id+runtime_input_hash|session_transition|new_candidate,591813800_1788558241_97800375_1788558386_EURCHF_31557,3551.8333333333335,0.0,FULL_STRUCTURED,ai_abstained,ABSTAIN,False,other,stored,qualitative_dispute_unresolved,True,ABSTAIN,
591813800_1788767828_50935000_1788774223_EURCHF_2000,591813800,591813800_1788767828_50935000,EURCHF,1788774223,ASIA,NK,CALL,SCHEDULED_REVIEW_WITH_MEANINGFUL_CHANGE,meaningful_change,SCHEDULED_REVIEW_WITH_MEANINGFUL_CHANGE,meaningful_change,identity:python.model_id+python.provider_id|new_candidate,591813800_1788767828_50935000_1788771496_EURCHF_5637,45.45,0.0,DEGRADED_NON_TRADING,provider_deadline_exceeded,REJECT,False,other,non_full_structured_decision,,False,,
591813800_1788767828_50935000_1788776950_EURCHF_6137,591813800,591813800_1788767828_50935000,EURCHF,1788776950,ASIA,NK,CALL,SCHEDULED_REVIEW_WITH_MEANINGFUL_CHANGE,meaningful_change,SCHEDULED_REVIEW_WITH_MEANINGFUL_CHANGE,meaningful_change,identity:python.model_id+python.provider_id|new_candidate,591813800_1788767828_50935000_1788771496_EURCHF_5637,90.9,0.0,DEGRADED_NON_TRADING,local_pipeline_error,REJECT,False,other,non_full_structured_decision,,False,,
591813800_1788767828_50935000_1788779677_EURCHF_24751,591813800,591813800_1788767828_50935000,EURCHF,1788779677,ASIA,NK,CALL,SCHEDULED_REVIEW_WITH_MEANINGFUL_CHANGE,meaningful_change,SCHEDULED_REVIEW_WITH_MEANINGFUL_CHANGE,meaningful_change,new_candidate,591813800_1788767828_50935000_1788771496_EURCHF_5637,136.35,0.0,FULL_STRUCTURED,ai_abstained,ABSTAIN,False,other,stored,qualitative_block_upheld,True,ABSTAIN,
591813800_1788767828_50935000_1788782404_EURCHF_32275,591813800,591813800_1788767828_50935000,EURCHF,1788782404,ASIA,K,CALL,SCHEDULED_REVIEW_WITH_MEANINGFUL_CHANGE,meaningful_change,SCHEDULED_REVIEW_WITH_MEANINGFUL_CHANGE,meaningful_change,identity:python.model_id+python.provider_id|killzone_transition|new_candidate,591813800_1788767828_50935000_1788779677_EURCHF_24751,45.45,0.0,DEGRADED_NON_TRADING,provider_deadline_exceeded,REJECT,False,other,non_full_structured_decision,,False,,
591813800_1788833236_116347031_1788834161_EURCHF_26881,591813800,591813800_1788833236_116347031,EURCHF,1788834160,NY,NK,CALL,PREDETERMINED_OUTCOME,python_hard_pre_gate_already_skips_provider,SCHEDULED_REVIEW_WITH_MEANINGFUL_CHANGE,meaningful_change,identity:python.model_id+python.provider_id|session_transition|request_state:po3.htf_choch+po3.htf_mss+po3.liquidity_kind+po3.ltf_choch+po3.ltf_mss+po3.structure_type+po3.t_bos+po3.t_disp+po3.t_sweep|new_candidate,591813800_1788767828_50935000_1788779677_EURCHF_24751,908.05,0.0,DEGRADED_NON_TRADING,hard_pre_gate,REJECT,False,other,non_full_structured_decision,,False,,
591813800_1788495063_34619250_1788529849_EURGBP_32278,591813800,591813800_1788495063_34619250,EURGBP,1788529653,LON,NK,CALL,REQUIRED_NEW_DECISION,no_prior_authoritative_decision,REQUIRED_NEW_DECISION,no_prior_authoritative_decision,,,,0.0,DEGRADED_NON_TRADING,provider_transport_error,REJECT,False,other,non_full_structured_decision,,False,,
591813800_1788495063_34619250_1788530771_EURGBP_10078,591813800,591813800_1788495063_34619250,EURGBP,1788530770,LON,NK,CALL,REQUIRED_NEW_DECISION,no_prior_authoritative_decision,REQUIRED_NEW_DECISION,no_prior_authoritative_decision,,,,0.0,DEGRADED_NON_TRADING,final_response_contract_invalid,REJECT,False,luna,non_full_structured_decision,panel_shortcircuit_analyst_cannot_approve_and_expectancy_below_gate_margin,False,ABSTAIN,
591813800_1788767828_50935000_1788778767_EURGBP_4150,591813800,591813800_1788767828_50935000,EURGBP,1788778766,ASIA,NK,CALL,PREDETERMINED_OUTCOME,python_hard_pre_gate_already_skips_provider,REQUIRED_NEW_DECISION,no_prior_authoritative_decision,,,,0.0,DEGRADED_NON_TRADING,hard_pre_gate,REJECT,False,other,non_full_structured_decision,,False,,
591813800_1788798902_82010906_1788799823_EURGBP_12842,591813800,591813800_1788798902_82010906,EURGBP,1788799823,LON,NK,CALL,REQUIRED_NEW_DECISION,no_prior_authoritative_decision,REQUIRED_NEW_DECISION,no_prior_authoritative_decision,,,,0.0,FULL_STRUCTURED,ai_abstained,ABSTAIN,False,luna,stored,analyst_abstain_below_adjudication_floor,False,ABSTAIN,
591813800_1788798902_82010906_1788804354_EURGBP_18675,591813800,591813800_1788798902_82010906,EURGBP,1788804354,LON,NK,CALL,OTHER_REQUIRED,decisive_prior_ttl_expired,OTHER_REQUIRED,decisive_prior_ttl_expired,,591813800_1788798902_82010906_1788799823_EURGBP_12842,75.51666666666667,15.0,FULL_STRUCTURED,ai_rejected,REJECT,False,luna,stored,analyst_reject,False,REJECT,
591813800_1788798902_82010906_1788805261_EURGBP_14449,591813800,591813800_1788798902_82010906,EURGBP,1788805260,LON,NK,CALL,OTHER_REQUIRED,decisive_prior_ttl_expired,OTHER_REQUIRED,decisive_prior_ttl_expired,,591813800_1788798902_82010906_1788804354_EURGBP_18675,15.1,15.0,FULL_STRUCTURED,ai_abstained,ABSTAIN,False,luna,stored,analyst_abstain_below_adjudication_floor,False,ABSTAIN,
591813800_1788798902_82010906_1788808882_EURGBP_964,591813800,591813800_1788798902_82010906,EURGBP,1788808882,OFF,NK,CALL,SCHEDULED_REVIEW_WITH_MEANINGFUL_CHANGE,meaningful_change,SCHEDULED_REVIEW_WITH_MEANINGFUL_CHANGE,meaningful_change,identity:python.model_id+python.provider_id|session_transition|new_candidate,591813800_1788798902_82010906_1788805261_EURGBP_14449,60.36666666666667,0.0,DEGRADED_NON_TRADING,provider_transport_error,REJECT,False,other,non_full_structured_decision,,False,,
591813800_1788798902_82010906_1788809788_EURGBP_3856,591813800,591813800_1788798902_82010906,EURGBP,1788809788,OFF,NK,CALL,SCHEDULED_REVIEW_WITH_MEANINGFUL_CHANGE,meaningful_change,SCHEDULED_REVIEW_WITH_MEANINGFUL_CHANGE,meaningful_change,session_transition,591813800_1788798902_82010906_1788805261_EURGBP_14449,75.46666666666667,0.0,FULL_STRUCTURED,ai_rejected,REJECT,False,luna,stored,analyst_reject,False,REJECT,
591813800_1788798902_82010906_1788810694_EURGBP_29641,591813800,591813800_1788798902_82010906,EURGBP,1788810694,OFF,NK,REUSE,UNCHANGED_STATE,unchanged_decisive_non_approval_within_ttl,UNCHANGED_STATE,unchanged_decisive_non_approval_within_ttl,,591813800_1788798902_82010906_1788809788_EURGBP_3856,15.1,30.0,FULL_STRUCTURED,ai_rejected,REJECT,False,luna,,analyst_reject,False,REJECT,
591813800_1788798902_82010906_1788811600_EURGBP_18477,591813800,591813800_1788798902_82010906,EURGBP,1788811600,OFF,NK,CALL,SCHEDULED_REVIEW_WITH_MEANINGFUL_CHANGE,meaningful_change,SCHEDULED_REVIEW_WITH_MEANINGFUL_CHANGE,meaningful_change,identity:python.model_id+python.provider_id|new_candidate,591813800_1788798902_82010906_1788809788_EURGBP_3856,30.2,0.0,DEGRADED_NON_TRADING,provider_transport_error,REJECT,False,other,non_full_structured_decision,,False,,
591813800_1788798902_82010906_1788812506_EURGBP_15564,591813800,591813800_1788798902_82010906,EURGBP,1788812505,OFF,NK,CALL,OTHER_REQUIRED,decisive_prior_ttl_expired,OTHER_REQUIRED,decisive_prior_ttl_expired,,591813800_1788798902_82010906_1788809788_EURGBP_3856,45.28333333333333,30.0,FULL_STRUCTURED,ai_rejected,REJECT,False,luna,stored,analyst_reject,False,REJECT,
591813800_1788798902_82010906_1788817034_EURGBP_27470,591813800,591813800_1788798902_82010906,EURGBP,1788817033,OFF,NK,CALL,OTHER_REQUIRED,decisive_prior_ttl_expired,OTHER_REQUIRED,decisive_prior_ttl_expired,,591813800_1788798902_82010906_1788812506_EURGBP_15564,75.46666666666667,30.0,FULL_STRUCTURED,ai_rejected,REJECT,False,luna,stored,analyst_reject,False,REJECT,
591813800_1788817575_100685484_1788823028_EURGBP_17849,591813800,591813800_1788817575_100685484,EURGBP,1788823028,NY,K,CALL,SCHEDULED_REVIEW_WITH_MEANINGFUL_CHANGE,meaningful_change,SCHEDULED_REVIEW_WITH_MEANINGFUL_CHANGE,meaningful_change,session_transition|killzone_transition|price_drift,591813800_1788798902_82010906_1788817034_EURGBP_27470,99.91666666666667,0.0,FULL_STRUCTURED,ai_rejected,REJECT,False,luna,stored,analyst_reject,False,REJECT,
591813800_1788817590_100700078_1788823032_EURGBP_26729,591813800,591813800_1788817590_100700078,EURGBP,1788823031,NY,K,REUSE,UNCHANGED_STATE,unchanged_decisive_non_approval_within_ttl,UNCHANGED_STATE,unchanged_decisive_non_approval_within_ttl,,591813800_1788817575_100685484_1788823028_EURGBP_17849,0.05,7.0,FULL_STRUCTURED,ai_rejected,REJECT,False,luna,,analyst_reject,False,REJECT,
591813800_1788817575_100685484_1788824840_EURGBP_2065,591813800,591813800_1788817575_100685484,EURGBP,1788824839,NY,K,CALL,OTHER_REQUIRED,decisive_prior_ttl_expired,OTHER_REQUIRED,decisive_prior_ttl_expired,,591813800_1788817575_100685484_1788823028_EURGBP_17849,30.183333333333334,7.0,FULL_STRUCTURED,ai_rejected,REJECT,False,luna,stored,analyst_reject,False,REJECT,
591813800_1788817590_100700078_1788824842_EURGBP_25867,591813800,591813800_1788817590_100700078,EURGBP,1788824841,NY,K,REUSE,UNCHANGED_STATE,unchanged_decisive_non_approval_within_ttl,UNCHANGED_STATE,unchanged_decisive_non_approval_within_ttl,,591813800_1788817575_100685484_1788824840_EURGBP_2065,0.03333333333333333,7.0,FULL_STRUCTURED,ai_rejected,REJECT,False,luna,,analyst_reject,False,REJECT,
591813800_1788837043_120154281_1788839465_EURGBP_13035,591813800,591813800_1788837043_120154281,EURGBP,1788839465,ASIA,NK,CALL,SCHEDULED_REVIEW_WITH_MEANINGFUL_CHANGE,meaningful_change,SCHEDULED_REVIEW_WITH_MEANINGFUL_CHANGE,meaningful_change,identity:decision_input_hash+runtime_input_hash|session_transition|killzone_transition|request_state:is_buy+po3.developing_bos+po3.has_sweep+po3.liquidity_kind+po3.ltf_bos+po3.ltf_choch+po3.ltf_mss+po3.structure_type+po3.sweep_side+po3.t_disp+po3.t_sweep|new_candidate,591813800_1788817575_100685484_1788824840_EURGBP_2065,243.76666666666668,0.0,FULL_STRUCTURED,ai_abstained,ABSTAIN,False,luna,stored,analyst_abstain_below_adjudication_floor,False,ABSTAIN,
591813800_1788837043_120154281_1788843695_EURGBP_21646,591813800,591813800_1788837043_120154281,EURGBP,1788843695,ASIA,NK,CALL,SCHEDULED_REVIEW_WITH_MEANINGFUL_CHANGE,meaningful_change,SCHEDULED_REVIEW_WITH_MEANINGFUL_CHANGE,meaningful_change,request_state:po3.developing_bos+po3.has_sweep+po3.liquidity_kind+po3.ltf_bos+po3.ltf_choch+po3.ltf_mss+po3.structure_type+po3.sweep_side+po3.t_disp+po3.t_sweep|new_candidate,591813800_1788837043_120154281_1788839465_EURGBP_13035,70.5,0.0,FULL_STRUCTURED,ai_abstained,ABSTAIN,False,luna,stored,qualitative_block_upheld,True,ABSTAIN,
591813800_1788837043_120154281_1788844903_EURGBP_20242,591813800,591813800_1788837043_120154281,EURGBP,1788844903,ASIA,NK,CALL,REQUIRED_NEW_DECISION,meaningful_change,REQUIRED_NEW_DECISION,meaningful_change,new_candidate,591813800_1788837043_120154281_1788843695_EURGBP_21646,20.133333333333333,0.0,FULL_STRUCTURED,ai_abstained,ABSTAIN,False,luna,stored,qualitative_block_upheld,True,ABSTAIN,
591813800_1788837043_120154281_1788845507_EURGBP_8273,591813800,591813800_1788837043_120154281,EURGBP,1788845507,ASIA,NK,CALL,OTHER_REQUIRED,borderline_prior_requires_fresh_review,OTHER_REQUIRED,borderline_prior_requires_fresh_review,,591813800_1788837043_120154281_1788844903_EURGBP_20242,10.066666666666666,0.0,FULL_STRUCTURED,ai_abstained,ABSTAIN,False,luna,stored,qualitative_block_upheld,True,ABSTAIN,
591813800_1788837043_120154281_1788847319_EURGBP_4223,591813800,591813800_1788837043_120154281,EURGBP,1788847318,ASIA,NK,CALL,UNKNOWN,no_archived_decision,REQUIRED_NEW_DECISION,prior_decision_approved_never_reused,,591813800_1788837043_120154281_1788845507_EURGBP_8273,30.183333333333334,0.0,,,,False,unknown,,,False,,
591813800_1788837043_120154281_1788851551_EURGBP_8693,591813800,591813800_1788837043_120154281,EURGBP,1788851550,ASIA,NK,CALL,REQUIRED_NEW_DECISION,prior_decision_approved_never_reused,REQUIRED_NEW_DECISION,prior_decision_approved_never_reused,,591813800_1788837043_120154281_1788845507_EURGBP_8273,100.71666666666667,0.0,FULL_STRUCTURED,ai_abstained,ABSTAIN,False,luna,stored,qualitative_block_upheld,True,ABSTAIN,
591813800_1788837043_120154281_1788852760_EURGBP_311,591813800,591813800_1788837043_120154281,EURGBP,1788852759,ASIA,NK,CALL,REQUIRED_NEW_DECISION,meaningful_change,REQUIRED_NEW_DECISION,meaningful_change,candidate_state:fvg_execution_class+fvg_mitigation_state+fvg_touched,591813800_1788837043_120154281_1788851551_EURGBP_8693,20.15,0.0,FULL_STRUCTURED,ai_abstained,ABSTAIN,False,luna,stored,qualitative_block_upheld,True,ABSTAIN,
591813800_1786561284_9977718_1786562648_EURJPY_27043,591813800,591813800_1786561284_9977718,EURJPY,1786562648,OFF,NK,CALL,REQUIRED_NEW_DECISION,no_prior_authoritative_decision,REQUIRED_NEW_DECISION,no_prior_authoritative_decision,,,,0.0,FULL_STRUCTURED,ai_abstained,ABSTAIN,False,other,stored,qualitative_dispute_unresolved,True,ABSTAIN,
591813800_1786561284_9977718_1786562961_EURJPY_28350,591813800,591813800_1786561284_9977718,EURJPY,1786562961,OFF,NK,CALL,REQUIRED_NEW_DECISION,meaningful_change,REQUIRED_NEW_DECISION,meaningful_change,new_candidate,591813800_1786561284_9977718_1786562648_EURJPY_27043,5.216666666666667,0.0,FULL_STRUCTURED,ai_abstained,ABSTAIN,False,other,stored,qualitative_dispute_unresolved,True,ABSTAIN,
591813800_1786561284_9977718_1786564531_EURJPY_15258,591813800,591813800_1786561284_9977718,EURJPY,1786564530,OFF,NK,CALL,REQUIRED_NEW_DECISION,meaningful_change,REQUIRED_NEW_DECISION,meaningful_change,new_candidate,591813800_1786561284_9977718_1786562961_EURJPY_28350,26.15,0.0,FULL_STRUCTURED,ai_abstained,ABSTAIN,False,other,stored,qualitative_dispute_unresolved,True,ABSTAIN,
591813800_1786561284_9977718_1786565161_EURJPY_26158,591813800,591813800_1786561284_9977718,EURJPY,1786565160,OFF,NK,CALL,REQUIRED_NEW_DECISION,meaningful_change,REQUIRED_NEW_DECISION,meaningful_change,identity:python.model_id+python.provider_id|new_candidate,591813800_1786561284_9977718_1786564531_EURJPY_15258,10.5,0.0,DEGRADED_NON_TRADING,decision_evidence_reference_reject,REJECT,False,other,non_full_structured_decision,,False,,
591813800_1786738700_96564671_1786738750_EURJPY_2332,591813800,591813800_1786738700_96564671,EURJPY,1786738750,OFF,NK,CALL,SCHEDULED_REVIEW_WITH_MEANINGFUL_CHANGE,meaningful_change,SCHEDULED_REVIEW_WITH_MEANINGFUL_CHANGE,meaningful_change,identity:decision_input_hash+python.model_id+runtime_input_hash|request_state:po3.has_follow_through+po3.liquidity_kind+po3.ltf_choch+po3.ltf_mss+po3.t_bos+po3.t_disp+po3.t_sweep|new_candidate,591813800_1786561284_9977718_1786564531_EURJPY_15258,2903.6666666666665,0.0,FULL_STRUCTURED,ai_abstained,ABSTAIN,False,luna,stored,qualitative_block_upheld,True,ABSTAIN,
591813800_1786738700_96564671_1786741502_EURJPY_23052,591813800,591813800_1786738700_96564671,EURJPY,1786741501,OFF,NK,CALL,SCHEDULED_REVIEW_WITH_MEANINGFUL_CHANGE,meaningful_change,SCHEDULED_REVIEW_WITH_MEANINGFUL_CHANGE,meaningful_change,request_state:po3.liquidity_kind|new_candidate,591813800_1786738700_96564671_1786738750_EURJPY_2332,45.85,0.0,FULL_STRUCTURED,ai_rejected,REJECT,False,luna,stored,qualitative_block_upheld,True,REJECT,
591813800_1788767828_50935000_1788769677_EURJPY_9961,591813800,591813800_1788767828_50935000,EURJPY,1788769676,ASIA,NK,CALL,SCHEDULED_REVIEW_WITH_MEANINGFUL_CHANGE,meaningful_change,SCHEDULED_REVIEW_WITH_MEANINGFUL_CHANGE,meaningful_change,identity:contract_manifest_hash+decision_input_hash+python.family_profile_version+python.model_id+python.provider_id+runtime_input_hash|session_transition|request_state:is_buy+po3.context_tier+po3.has_bos+po3.has_sweep+po3.htf_bos+po3.liquidity_kind+po3.ltf_bos+po3.ltf_choch+po3.ltf_mss+po3.po3_state+po3.structure_type+po3.sweep_side+po3.t_bos+po3.t_disp+po3.t_sweep|new_candidate,591813800_1786738700_96564671_1786741502_EURJPY_23052,33802.916666666664,0.0,FULL_STRUCTURED,ai_abstained,ABSTAIN,False,other,stored,qualitative_dispute_unresolved,True,ABSTAIN,
591813800_1788767828_50935000_1788770586_EURJPY_23209,591813800,591813800_1788767828_50935000,EURJPY,1788770586,ASIA,NK,CALL,REQUIRED_NEW_DECISION,meaningful_change,REQUIRED_NEW_DECISION,meaningful_change,identity:python.model_id+python.provider_id,591813800_1788767828_50935000_1788769677_EURJPY_9961,15.166666666666666,0.0,DEGRADED_NON_TRADING,provider_deadline_exceeded,REJECT,False,other,non_full_structured_decision,,False,,
591813800_1788767828_50935000_1788773314_EURJPY_3404,591813800,591813800_1788767828_50935000,EURJPY,1788773314,ASIA,NK,CALL,SCHEDULED_REVIEW_WITH_MEANINGFUL_CHANGE,meaningful_change,SCHEDULED_REVIEW_WITH_MEANINGFUL_CHANGE,meaningful_change,identity:python.model_id+python.provider_id|request_state:po3.t_disp|new_candidate,591813800_1788767828_50935000_1788769677_EURJPY_9961,60.63333333333333,0.0,DEGRADED_NON_TRADING,provider_deadline_exceeded,REJECT,False,other,non_full_structured_decision,,False,,
591813800_1788767828_50935000_1788776950_EURJPY_1323,591813800,591813800_1788767828_50935000,EURJPY,1788776950,ASIA,NK,CALL,SCHEDULED_REVIEW_WITH_MEANINGFUL_CHANGE,meaningful_change,SCHEDULED_REVIEW_WITH_MEANINGFUL_CHANGE,meaningful_change,identity:python.model_id+python.provider_id|request_state:po3.t_disp|new_candidate,591813800_1788767828_50935000_1788769677_EURJPY_9961,121.23333333333333,0.0,DEGRADED_NON_TRADING,structured_response_invalid,REJECT,False,other,non_full_structured_decision,,False,,
591813800_1788767828_50935000_1788785131_EURJPY_1210,591813800,591813800_1788767828_50935000,EURJPY,1788785131,ASIA,K,CALL,SCHEDULED_REVIEW_WITH_MEANINGFUL_CHANGE,meaningful_change,SCHEDULED_REVIEW_WITH_MEANINGFUL_CHANGE,meaningful_change,killzone_transition|request_state:po3.t_disp|new_candidate,591813800_1788767828_50935000_1788769677_EURJPY_9961,257.5833333333333,0.0,FULL_STRUCTURED,ai_abstained,ABSTAIN,False,other,stored,analyst_abstain_below_adjudication_floor,False,ABSTAIN,
591813800_1788837043_120154281_1788837050_EURJPY_6953,591813800,591813800_1788837043_120154281,EURJPY,1788837049,ASIA,NK,CALL,SCHEDULED_REVIEW_WITH_MEANINGFUL_CHANGE,meaningful_change,SCHEDULED_REVIEW_WITH_MEANINGFUL_CHANGE,meaningful_change,identity:decision_input_hash+python.model_id+python.provider_id+runtime_input_hash|killzone_transition|request_state:po3.t_disp|new_candidate,591813800_1788767828_50935000_1788785131_EURJPY_1210,865.3,0.0,FULL_STRUCTURED,ai_abstained,ABSTAIN,False,luna,stored,analyst_abstain_below_adjudication_floor,False,ABSTAIN,
591813800_1788837043_120154281_1788838257_EURJPY_24190,591813800,591813800_1788837043_120154281,EURJPY,1788838257,ASIA,NK,CALL,REQUIRED_NEW_DECISION,meaningful_change,REQUIRED_NEW_DECISION,meaningful_change,new_candidate,591813800_1788837043_120154281_1788837050_EURJPY_6953,20.133333333333333,0.0,FULL_STRUCTURED,ai_abstained,ABSTAIN,False,luna,stored,qualitative_dispute_unresolved,True,ABSTAIN,
591813800_1788837043_120154281_1788838861_EURJPY_19753,591813800,591813800_1788837043_120154281,EURJPY,1788838860,ASIA,NK,CALL,REQUIRED_NEW_DECISION,meaningful_change,REQUIRED_NEW_DECISION,meaningful_change,new_candidate,591813800_1788837043_120154281_1788838257_EURJPY_24190,10.05,0.0,FULL_STRUCTURED,ai_abstained,ABSTAIN,False,luna,stored,analyst_abstain_below_adjudication_floor,False,ABSTAIN,
591813800_1788837043_120154281_1788839465_EURJPY_27959,591813800,591813800_1788837043_120154281,EURJPY,1788839464,ASIA,NK,CALL,OTHER_REQUIRED,borderline_prior_requires_fresh_review,OTHER_REQUIRED,borderline_prior_requires_fresh_review,,591813800_1788837043_120154281_1788838861_EURJPY_19753,10.066666666666666,0.0,FULL_STRUCTURED,ai_abstained,ABSTAIN,False,luna,stored,analyst_abstain_below_adjudication_floor,False,ABSTAIN,
591813800_1788837043_120154281_1788840069_EURJPY_17477,591813800,591813800_1788837043_120154281,EURJPY,1788840068,ASIA,NK,CALL,REQUIRED_NEW_DECISION,meaningful_change,REQUIRED_NEW_DECISION,meaningful_change,new_candidate,591813800_1788837043_120154281_1788839465_EURJPY_27959,10.066666666666666,0.0,FULL_STRUCTURED,ai_abstained,ABSTAIN,False,luna,stored,analyst_abstain_below_adjudication_floor,False,ABSTAIN,
591813800_1788837043_120154281_1788841277_EURJPY_18692,591813800,591813800_1788837043_120154281,EURJPY,1788841276,ASIA,NK,CALL,REQUIRED_NEW_DECISION,meaningful_change,REQUIRED_NEW_DECISION,meaningful_change,request_state:po3.t_disp|new_candidate,591813800_1788837043_120154281_1788840069_EURJPY_17477,20.133333333333333,0.0,FULL_STRUCTURED,ai_abstained,ABSTAIN,False,luna,stored,analyst_abstain_below_adjudication_floor,False,ABSTAIN,
591813800_1788837043_120154281_1788847924_EURJPY_30121,591813800,591813800_1788837043_120154281,EURJPY,1788847923,ASIA,NK,CALL,SCHEDULED_REVIEW_WITH_MEANINGFUL_CHANGE,meaningful_change,SCHEDULED_REVIEW_WITH_MEANINGFUL_CHANGE,meaningful_change,request_state:po3.t_disp|new_candidate,591813800_1788837043_120154281_1788841277_EURJPY_18692,110.78333333333333,0.0,FULL_STRUCTURED,ai_abstained,ABSTAIN,False,luna,stored,analyst_abstain_below_adjudication_floor,False,ABSTAIN,
591813800_1788925102_208218984_1788925149_EURJPY_28299,591813800,591813800_1788925102_208218984,EURJPY,1788925149,ASIA,NK,CALL,PREDETERMINED_OUTCOME,python_hard_pre_gate_already_skips_provider,SCHEDULED_REVIEW_WITH_MEANINGFUL_CHANGE,meaningful_change,identity:contract_manifest_hash+decision_input_hash+python.family_profile_version+python.model_id+python.provider_id+runtime_input_hash|request_state:po3.developing_bos+po3.has_sweep+po3.liquidity_kind+po3.ltf_bos+po3.ltf_choch+po3.ltf_mss+po3.structure_type+po3.sweep_side+po3.t_disp+po3.t_sweep|new_candidate,591813800_1788837043_120154281_1788847924_EURJPY_30121,1287.1,0.0,DEGRADED_NON_TRADING,hard_pre_gate,REJECT,False,other,non_full_structured_decision,,False,,
591813800_1788925102_208218984_1788929402_EURJPY_18024,591813800,591813800_1788925102_208218984,EURJPY,1788929402,ASIA,NK,CALL,SCHEDULED_REVIEW_WITH_MEANINGFUL_CHANGE,meaningful_change,SCHEDULED_REVIEW_WITH_MEANINGFUL_CHANGE,meaningful_change,identity:contract_manifest_hash+decision_input_hash+python.family_profile_version+python.model_id+python.provider_id+runtime_input_hash|request_state:po3.context_tier+po3.has_bos+po3.has_sweep+po3.htf_bos+po3.htf_choch+po3.htf_mss+po3.liquidity_kind+po3.ltf_bos+po3.ltf_choch+po3.ltf_mss+po3.po3_state+po3.structure_type+po3.sweep_side+po3.t_bos+po3.t_disp+po3.t_sweep|new_candidate,591813800_1788837043_120154281_1788847924_EURJPY_30121,1357.9833333333333,0.0,FULL_STRUCTURED,ai_abstained,ABSTAIN,False,luna,stored,analyst_abstain_below_adjudication_floor,False,ABSTAIN,
591813800_1788925102_208218984_1788931222_EURJPY_15412,591813800,591813800_1788925102_208218984,EURJPY,1788931222,ASIA,NK,CALL,OTHER_REQUIRED,borderline_prior_requires_fresh_review,OTHER_REQUIRED,borderline_prior_requires_fresh_review,,591813800_1788925102_208218984_1788929402_EURJPY_18024,30.333333333333332,0.0,FULL_STRUCTURED,ai_abstained,ABSTAIN,False,luna,stored,qualitative_dispute_unresolved,True,ABSTAIN,
591813800_1788925102_208218984_1788940313_EURJPY_24410,591813800,591813800_1788925102_208218984,EURJPY,1788940312,ASIA,NK,CALL,SCHEDULED_REVIEW_WITH_MEANINGFUL_CHANGE,meaningful_change,SCHEDULED_REVIEW_WITH_MEANINGFUL_CHANGE,meaningful_change,new_candidate,591813800_1788925102_208218984_1788931222_EURJPY_15412,151.5,0.0,FULL_STRUCTURED,ai_abstained,ABSTAIN,False,luna,stored,qualitative_dispute_unresolved,True,ABSTAIN,
591813800_1788925102_208218984_1788940923_EURJPY_7039,591813800,591813800_1788925102_208218984,EURJPY,1788940923,ASIA,NK,CALL,REQUIRED_NEW_DECISION,meaningful_change,REQUIRED_NEW_DECISION,meaningful_change,new_candidate,591813800_1788925102_208218984_1788940313_EURJPY_24410,10.183333333333334,0.0,FULL_STRUCTURED,ai_abstained,ABSTAIN,False,luna,stored,qualitative_block_upheld,True,ABSTAIN,
591813800_1788925102_208218984_1788942144_EURJPY_23390,591813800,591813800_1788925102_208218984,EURJPY,1788942143,ASIA,NK,CALL,OTHER_REQUIRED,borderline_prior_requires_fresh_review,OTHER_REQUIRED,borderline_prior_requires_fresh_review,,591813800_1788925102_208218984_1788940923_EURJPY_7039,20.333333333333332,0.0,FULL_STRUCTURED,ai_abstained,ABSTAIN,False,luna,stored,qualitative_dispute_unresolved,True,ABSTAIN,
591813800_1788925102_208218984_1788946415_EURJPY_22587,591813800,591813800_1788925102_208218984,EURJPY,1788946415,ASIA,NK,CALL,OTHER_REQUIRED,borderline_prior_requires_fresh_review,OTHER_REQUIRED,borderline_prior_requires_fresh_review,,591813800_1788925102_208218984_1788942144_EURJPY_23390,71.2,0.0,FULL_STRUCTURED,ai_abstained,ABSTAIN,False,luna,stored,qualitative_dispute_unresolved,True,ABSTAIN,
591813800_1788925102_208218984_1788947027_EURJPY_6501,591813800,591813800_1788925102_208218984,EURJPY,1788947026,ASIA,NK,CALL,OTHER_REQUIRED,borderline_prior_requires_fresh_review,OTHER_REQUIRED,borderline_prior_requires_fresh_review,,591813800_1788925102_208218984_1788946415_EURJPY_22587,10.183333333333334,0.0,FULL_STRUCTURED,ai_abstained,ABSTAIN,False,luna,stored,qualitative_block_upheld,True,ABSTAIN,
591813800_1788925102_208218984_1788947641_EURJPY_31677,591813800,591813800_1788925102_208218984,EURJPY,1788947640,ASIA,NK,CALL,OTHER_REQUIRED,borderline_prior_requires_fresh_review,OTHER_REQUIRED,borderline_prior_requires_fresh_review,,591813800_1788925102_208218984_1788947027_EURJPY_6501,10.233333333333333,0.0,FULL_STRUCTURED,ai_abstained,ABSTAIN,False,luna,stored,qualitative_dispute_unresolved,True,ABSTAIN,
591813800_1788925102_208218984_1788950097_EURJPY_30705,591813800,591813800_1788925102_208218984,EURJPY,1788950097,ASIA,NK,CALL,OTHER_REQUIRED,borderline_prior_requires_fresh_review,OTHER_REQUIRED,borderline_prior_requires_fresh_review,,591813800_1788925102_208218984_1788947641_EURJPY_31677,40.95,0.0,FULL_STRUCTURED,ai_abstained,ABSTAIN,False,luna,stored,qualitative_dispute_unresolved,True,ABSTAIN,
591813800_1786575640_24334671_1786575714_EURNZD_24317,591813800,591813800_1786575640_24334671,EURNZD,1786575713,NY,K,CALL,REQUIRED_NEW_DECISION,no_prior_authoritative_decision,REQUIRED_NEW_DECISION,no_prior_authoritative_decision,,,,0.0,FULL_STRUCTURED,ai_rejected,REJECT,False,luna,stored,qualitative_block_upheld,True,REJECT,
591813800_1786578562_27257093_1786578579_EURNZD_32231,591813800,591813800_1786578562_27257093,EURNZD,1786578579,NY,K,CALL,SCHEDULED_REVIEW_WITH_MEANINGFUL_CHANGE,meaningful_change,SCHEDULED_REVIEW_WITH_MEANINGFUL_CHANGE,meaningful_change,new_candidate,591813800_1786575640_24334671_1786575714_EURNZD_24317,47.766666666666666,0.0,FULL_STRUCTURED,ai_rejected,REJECT,False,luna,stored,qualitative_block_upheld,True,REJECT,
591813800_1786689153_47015500_1786689239_EURNZD_1839,591813800,591813800_1786689153_47015500,EURNZD,1786689239,ASIA,NK,CALL,UNKNOWN,no_archived_decision,SCHEDULED_REVIEW_WITH_MEANINGFUL_CHANGE,meaningful_change,identity:decision_input_hash+runtime_input_hash|session_transition|killzone_transition|new_candidate,591813800_1786578562_27257093_1786578579_EURNZD_32231,1844.3333333333333,0.0,,,,False,unknown,,,False,,
591813800_1788837043_120154281_1788841885_EURNZD_26769,591813800,591813800_1788837043_120154281,EURNZD,1788841885,ASIA,NK,CALL,PREDETERMINED_OUTCOME,python_hard_pre_gate_already_skips_provider,SCHEDULED_REVIEW_WITH_MEANINGFUL_CHANGE,meaningful_change,identity:contract_manifest_hash+decision_input_hash+python.family_profile_version+python.model_id+python.provider_id+runtime_input_hash|session_transition|killzone_transition|request_state:po3.context_tier+po3.has_bos+po3.has_follow_through+po3.has_sweep+po3.htf_bos+po3.liquidity_kind+po3.ltf_bos+po3.ltf_choch+po3.ltf_mss+po3.po3_state+po3.structure_type+po3.sweep_side+po3.t_bos+po3.t_disp+po3.t_sweep|new_candidate,591813800_1786578562_27257093_1786578579_EURNZD_32231,37721.76666666667,0.0,DEGRADED_NON_TRADING,hard_pre_gate,REJECT,False,other,non_full_structured_decision,,False,,
591813800_1788837043_120154281_1788842489_EURNZD_8586,591813800,591813800_1788837043_120154281,EURNZD,1788842488,ASIA,NK,CALL,PREDETERMINED_OUTCOME,python_hard_pre_gate_already_skips_provider,SCHEDULED_REVIEW_WITH_MEANINGFUL_CHANGE,meaningful_change,identity:contract_manifest_hash+decision_input_hash+python.family_profile_version+python.model_id+python.provider_id+runtime_input_hash|session_transition|killzone_transition|request_state:po3.context_tier+po3.has_bos+po3.has_follow_through+po3.has_sweep+po3.htf_bos+po3.liquidity_kind+po3.ltf_bos+po3.ltf_choch+po3.ltf_mss+po3.po3_state+po3.structure_type+po3.sweep_side+po3.t_bos+po3.t_disp+po3.t_sweep|new_candidate,591813800_1786578562_27257093_1786578579_EURNZD_32231,37731.816666666666,0.0,DEGRADED_NON_TRADING,hard_pre_gate,REJECT,False,other,non_full_structured_decision,,False,,
591813800_1788837043_120154281_1788855779_EURNZD_10763,591813800,591813800_1788837043_120154281,EURNZD,1788855779,ASIA,NK,CALL,SCHEDULED_REVIEW_WITH_MEANINGFUL_CHANGE,meaningful_change,SCHEDULED_REVIEW_WITH_MEANINGFUL_CHANGE,meaningful_change,identity:contract_manifest_hash+decision_input_hash+python.family_profile_version+runtime_input_hash|session_transition|killzone_transition|request_state:po3.context_tier+po3.has_bos+po3.has_follow_through+po3.has_sweep+po3.htf_bos+po3.liquidity_kind+po3.ltf_bos+po3.ltf_choch+po3.ltf_mss+po3.po3_state+po3.structure_type+po3.sweep_side+po3.t_bos+po3.t_disp+po3.t_sweep|new_candidate,591813800_1786578562_27257093_1786578579_EURNZD_32231,37953.333333333336,0.0,FULL_STRUCTURED,ai_abstained,ABSTAIN,False,luna,stored,analyst_abstain_below_adjudication_floor,False,ABSTAIN,
591813800_1788837043_120154281_1788858198_EURNZD_19729,591813800,591813800_1788837043_120154281,EURNZD,1788858197,ASIA,NK,CALL,OTHER_REQUIRED,decisive_prior_ttl_expired,OTHER_REQUIRED,decisive_prior_ttl_expired,,591813800_1788837043_120154281_1788855779_EURNZD_10763,40.3,30.0,FULL_STRUCTURED,ai_abstained,ABSTAIN,False,luna,stored,analyst_abstain_below_adjudication_floor,False,ABSTAIN,
591813800_1788837043_120154281_1788859407_EURNZD_18962,591813800,591813800_1788837043_120154281,EURNZD,1788859406,ASIA,NK,CALL,OTHER_REQUIRED,borderline_prior_requires_fresh_review,OTHER_REQUIRED,borderline_prior_requires_fresh_review,,591813800_1788837043_120154281_1788858198_EURNZD_19729,20.15,0.0,FULL_STRUCTURED,ai_rejected,REJECT,False,luna,stored,analyst_reject,False,REJECT,
591813800_1788837043_120154281_1788860615_EURNZD_31832,591813800,591813800_1788837043_120154281,EURNZD,1788860615,ASIA,NK,REUSE,UNCHANGED_STATE,unchanged_decisive_non_approval_within_ttl,UNCHANGED_STATE,unchanged_decisive_non_approval_within_ttl,,591813800_1788837043_120154281_1788859407_EURNZD_18962,20.15,30.0,FULL_STRUCTURED,ai_abstained,ABSTAIN,False,luna,,analyst_abstain_below_adjudication_floor,False,ABSTAIN,
591813800_1788837043_120154281_1788863033_EURNZD_30907,591813800,591813800_1788837043_120154281,EURNZD,1788863032,ASIA,NK,CALL,OTHER_REQUIRED,decisive_prior_ttl_expired,OTHER_REQUIRED,decisive_prior_ttl_expired,,591813800_1788837043_120154281_1788859407_EURNZD_18962,60.43333333333333,30.0,FULL_STRUCTURED,ai_abstained,ABSTAIN,False,luna,stored,analyst_abstain_below_adjudication_floor,False,ABSTAIN,
591813800_1788837043_120154281_1788864242_EURNZD_18389,591813800,591813800_1788837043_120154281,EURNZD,1788864242,ASIA,NK,CALL,REQUIRED_NEW_DECISION,meaningful_change,REQUIRED_NEW_DECISION,meaningful_change,identity:python.model_id+python.provider_id|candidate_state:target_source+tp_model,591813800_1788837043_120154281_1788863033_EURNZD_30907,20.166666666666668,0.0,DEGRADED_NON_TRADING,provider_transport_error,REJECT,False,other,non_full_structured_decision,,False,,
591813800_1788837043_120154281_1788867263_EURNZD_23210,591813800,591813800_1788837043_120154281,EURNZD,1788867262,ASIA,NK,CALL,SCHEDULED_REVIEW_WITH_MEANINGFUL_CHANGE,meaningful_change,SCHEDULED_REVIEW_WITH_MEANINGFUL_CHANGE,meaningful_change,request_state:po3.t_disp|new_candidate,591813800_1788837043_120154281_1788863033_EURNZD_30907,70.5,0.0,FULL_STRUCTURED,ai_abstained,ABSTAIN,False,luna,stored,analyst_abstain_below_adjudication_floor,False,ABSTAIN,
591813800_1788837043_120154281_1788868471_EURNZD_30560,591813800,591813800_1788837043_120154281,EURNZD,1788868470,ASIA,NK,CALL,OTHER_REQUIRED,borderline_prior_requires_fresh_review,OTHER_REQUIRED,borderline_prior_requires_fresh_review,,591813800_1788837043_120154281_1788867263_EURNZD_23210,20.133333333333333,0.0,FULL_STRUCTURED,ai_abstained,ABSTAIN,False,luna,stored,analyst_abstain_below_adjudication_floor,False,ABSTAIN,
591813800_1788837043_120154281_1788869682_EURNZD_27949,591813800,591813800_1788837043_120154281,EURNZD,1788869681,ASIA,K,CALL,REQUIRED_NEW_DECISION,meaningful_change,REQUIRED_NEW_DECISION,meaningful_change,killzone_transition,591813800_1788837043_120154281_1788868471_EURNZD_30560,20.183333333333334,0.0,FULL_STRUCTURED,ai_abstained,ABSTAIN,False,luna,stored,analyst_abstain_below_adjudication_floor,False,ABSTAIN,
591813800_1788837043_120154281_1788870892_EURNZD_6947,591813800,591813800_1788837043_120154281,EURNZD,1788870891,ASIA,K,CALL,REQUIRED_NEW_DECISION,meaningful_change,REQUIRED_NEW_DECISION,meaningful_change,candidate_state:obstacle_kind+target_source+tp_model|price_drift,591813800_1788837043_120154281_1788869682_EURNZD_27949,20.166666666666668,0.0,FULL_STRUCTURED,ai_abstained,ABSTAIN,False,luna,stored,analyst_abstain_below_adjudication_floor,False,ABSTAIN,
591813800_1788837043_120154281_1788872706_EURNZD_18826,591813800,591813800_1788837043_120154281,EURNZD,1788872706,LON,NK,CALL,SCHEDULED_REVIEW_WITH_MEANINGFUL_CHANGE,meaningful_change,SCHEDULED_REVIEW_WITH_MEANINGFUL_CHANGE,meaningful_change,session_transition|killzone_transition,591813800_1788837043_120154281_1788870892_EURNZD_6947,30.25,0.0,FULL_STRUCTURED,ai_abstained,ABSTAIN,False,luna,stored,qualitative_dispute_unresolved,True,ABSTAIN,
591813800_1788837043_120154281_1788873312_EURNZD_26011,591813800,591813800_1788837043_120154281,EURNZD,1788873311,LON,NK,CALL,REQUIRED_NEW_DECISION,meaningful_change,REQUIRED_NEW_DECISION,meaningful_change,regime_label,591813800_1788837043_120154281_1788872706_EURNZD_18826,10.083333333333334,0.0,FULL_STRUCTURED,ai_abstained,ABSTAIN,False,luna,stored,qualitative_dispute_unresolved,True,ABSTAIN,
591813800_1788837043_120154281_1788874522_EURNZD_12994,591813800,591813800_1788837043_120154281,EURNZD,1788874522,LON,NK,CALL,OTHER_REQUIRED,borderline_prior_requires_fresh_review,OTHER_REQUIRED,borderline_prior_requires_fresh_review,,591813800_1788837043_120154281_1788873312_EURNZD_26011,20.183333333333334,0.0,FULL_STRUCTURED,ai_abstained,ABSTAIN,False,luna,stored,qualitative_dispute_unresolved,True,ABSTAIN,
591813800_1788837043_120154281_1788875732_EURNZD_26903,591813800,591813800_1788837043_120154281,EURNZD,1788875731,LON,NK,CALL,OTHER_REQUIRED,borderline_prior_requires_fresh_review,OTHER_REQUIRED,borderline_prior_requires_fresh_review,,591813800_1788837043_120154281_1788874522_EURNZD_12994,20.15,0.0,FULL_STRUCTURED,ai_abstained,ABSTAIN,False,luna,stored,qualitative_dispute_unresolved,True,ABSTAIN,
591813800_1788925102_208218984_1788951947_EURNZD_25709,591813800,591813800_1788925102_208218984,EURNZD,1788951947,ASIA,NK,CALL,SCHEDULED_REVIEW_WITH_MEANINGFUL_CHANGE,meaningful_change,SCHEDULED_REVIEW_WITH_MEANINGFUL_CHANGE,meaningful_change,identity:contract_manifest_hash+decision_input_hash+python.family_profile_version+python.model_id+python.provider_id+runtime_input_hash|session_transition|request_state:po3.context_tier+po3.has_bos+po3.has_sweep+po3.htf_bos+po3.liquidity_kind+po3.ltf_bos+po3.po3_state+po3.structure_type+po3.sweep_side+po3.t_bos+po3.t_disp+po3.t_sweep|new_candidate,591813800_1788837043_120154281_1788875732_EURNZD_26903,1270.2666666666667,0.0,FULL_STRUCTURED,ai_abstained,ABSTAIN,False,luna,stored,qualitative_dispute_unresolved,True,ABSTAIN,
591813800_1786561284_9977718_1786563275_EURUSD_32730,591813800,591813800_1786561284_9977718,EURUSD,1786563274,OFF,NK,CALL,REQUIRED_NEW_DECISION,no_prior_authoritative_decision,REQUIRED_NEW_DECISION,no_prior_authoritative_decision,,,,0.0,FULL_STRUCTURED,ai_abstained,ABSTAIN,False,other,stored,qualitative_dispute_unresolved,True,ABSTAIN,
591813800_1786561284_9977718_1786563588_EURUSD_14659,591813800,591813800_1786561284_9977718,EURUSD,1786563587,OFF,NK,CALL,REQUIRED_NEW_DECISION,meaningful_change,REQUIRED_NEW_DECISION,meaningful_change,new_candidate|candidate_state:obstacle_kind+target_arbitration_required,591813800_1786561284_9977718_1786563275_EURUSD_32730,5.216666666666667,0.0,FULL_STRUCTURED,ai_abstained,ABSTAIN,False,other,stored,qualitative_dispute_unresolved,True,ABSTAIN,
591813800_1786561284_9977718_1786564847_EURUSD_2944,591813800,591813800_1786561284_9977718,EURUSD,1786564847,OFF,NK,CALL,REQUIRED_NEW_DECISION,meaningful_change,REQUIRED_NEW_DECISION,meaningful_change,new_candidate,591813800_1786561284_9977718_1786563588_EURUSD_14659,21.0,0.0,FULL_STRUCTURED,ai_abstained,ABSTAIN,False,other,stored,qualitative_dispute_unresolved,True,ABSTAIN,
591813800_1786653910_11770718_1786654880_EURUSD_3530,591813800,591813800_1786653910_11770718,EURUSD,1786654880,OFF,NK,CALL,SCHEDULED_REVIEW_WITH_MEANINGFUL_CHANGE,meaningful_change,SCHEDULED_REVIEW_WITH_MEANINGFUL_CHANGE,meaningful_change,identity:decision_input_hash+python.model_id+runtime_input_hash|request_state:is_buy+po3.context_tier+po3.developing_bos+po3.has_bos+po3.htf_bos+po3.htf_choch+po3.htf_mss+po3.liquidity_kind+po3.ltf_choch+po3.ltf_mss+po3.po3_state+po3.structure_type+po3.sweep_side+po3.t_bos+po3.t_disp+po3.t_sweep|new_candidate,591813800_1786561284_9977718_1786564847_EURUSD_2944,1500.55,0.0,FULL_STRUCTURED,ai_rejected,REJECT,False,luna,stored,qualitative_block_upheld,True,REJECT,
591813800_1786661610_19471531_1786661653_EURUSD_9608,591813800,591813800_1786661610_19471531,EURUSD,1786661652,OFF,NK,CALL,SCHEDULED_REVIEW_WITH_MEANINGFUL_CHANGE,meaningful_change,SCHEDULED_REVIEW_WITH_MEANINGFUL_CHANGE,meaningful_change,new_candidate,591813800_1786653910_11770718_1786654880_EURUSD_3530,112.86666666666666,0.0,FULL_STRUCTURED,ai_rejected,REJECT,False,luna,stored,qualitative_block_upheld,True,REJECT,
591813800_1786661610_19471531_1786662571_EURUSD_29338,591813800,591813800_1786661610_19471531,EURUSD,1786662571,NY,K,CALL,SCHEDULED_REVIEW_WITH_MEANINGFUL_CHANGE,meaningful_change,SCHEDULED_REVIEW_WITH_MEANINGFUL_CHANGE,meaningful_change,session_transition|killzone_transition|new_candidate,591813800_1786661610_19471531_1786661653_EURUSD_9608,15.316666666666666,0.0,FULL_STRUCTURED,ai_rejected,REJECT,False,luna,stored,qualitative_block_upheld,True,REJECT,
591813800_1786661610_19471531_1786664408_EURUSD_10409,591813800,591813800_1786661610_19471531,EURUSD,1786664407,NY,K,CALL,OTHER_REQUIRED,decisive_prior_ttl_expired,OTHER_REQUIRED,decisive_prior_ttl_expired,,591813800_1786661610_19471531_1786662571_EURUSD_29338,30.6,7.0,FULL_STRUCTURED,ai_rejected,REJECT,False,luna,stored,qualitative_block_upheld,True,REJECT,
591813800_1786676046_33908046_1786676096_EURUSD_27336,591813800,591813800_1786676046_33908046,EURUSD,1786676096,NY,NK,CALL,SCHEDULED_REVIEW_WITH_MEANINGFUL_CHANGE,meaningful_change,SCHEDULED_REVIEW_WITH_MEANINGFUL_CHANGE,meaningful_change,killzone_transition|request_state:po3.developing_bos+po3.has_sweep+po3.liquidity_kind+po3.ltf_bos+po3.structure_type+po3.sweep_side+po3.t_disp+po3.t_sweep|new_candidate,591813800_1786661610_19471531_1786664408_EURUSD_10409,194.81666666666666,0.0,FULL_STRUCTURED,ai_rejected,REJECT,False,luna,stored,qualitative_block_upheld,True,REJECT,
591813800_1786676046_33908046_1786677015_EURUSD_15248,591813800,591813800_1786676046_33908046,EURUSD,1786677015,ASIA,NK,CALL,REQUIRED_NEW_DECISION,meaningful_change,REQUIRED_NEW_DECISION,meaningful_change,session_transition|new_candidate,591813800_1786676046_33908046_1786676096_EURUSD_27336,15.316666666666666,0.0,FULL_STRUCTURED,ai_abstained,ABSTAIN,False,luna,stored,qualitative_block_upheld,True,ABSTAIN,
591813800_1786676046_33908046_1786678848_EURUSD_10879,591813800,591813800_1786676046_33908046,EURUSD,1786678847,ASIA,NK,CALL,SCHEDULED_REVIEW_WITH_MEANINGFUL_CHANGE,meaningful_change,SCHEDULED_REVIEW_WITH_MEANINGFUL_CHANGE,meaningful_change,new_candidate,591813800_1786676046_33908046_1786677015_EURUSD_15248,30.533333333333335,0.0,FULL_STRUCTURED,ai_abstained,ABSTAIN,False,luna,stored,qualitative_block_upheld,True,ABSTAIN,
591813800_1786689153_47015500_1786689239_EURUSD_2418,591813800,591813800_1786689153_47015500,EURUSD,1786689239,ASIA,NK,CALL,UNKNOWN,no_archived_decision,SCHEDULED_REVIEW_WITH_MEANINGFUL_CHANGE,meaningful_change,request_state:po3.context_tier+po3.has_bos+po3.has_sweep+po3.htf_bos+po3.htf_choch+po3.htf_mss+po3.liquidity_kind+po3.ltf_bos+po3.po3_state+po3.structure_type+po3.sweep_side+po3.t_bos+po3.t_disp+po3.t_sweep|new_candidate,591813800_1786676046_33908046_1786678848_EURUSD_10879,173.2,0.0,,,,False,unknown,,,False,,
591813800_1786738700_96564671_1786741502_EURUSD_20380,591813800,591813800_1786738700_96564671,EURUSD,1786741501,OFF,NK,CALL,SCHEDULED_REVIEW_WITH_MEANINGFUL_CHANGE,meaningful_change,SCHEDULED_REVIEW_WITH_MEANINGFUL_CHANGE,meaningful_change,session_transition|request_state:po3.context_tier+po3.has_bos+po3.has_sweep+po3.htf_bos+po3.htf_choch+po3.htf_mss+po3.liquidity_kind+po3.ltf_bos+po3.po3_state+po3.structure_type+po3.sweep_side+po3.t_bos+po3.t_disp+po3.t_sweep|new_candidate,591813800_1786676046_33908046_1786678848_EURUSD_10879,1044.2333333333333,0.0,FULL_STRUCTURED,ai_abstained,ABSTAIN,False,luna,stored,qualitative_block_upheld,True,ABSTAIN,
591813800_1786743010_100874718_1786743041_EURUSD_8961,591813800,591813800_1786743010_100874718,EURUSD,1786743041,OFF,NK,CALL,UNKNOWN,no_archived_decision,REQUIRED_NEW_DECISION,meaningful_change,new_candidate,591813800_1786738700_96564671_1786741502_EURUSD_20380,25.666666666666668,0.0,,,,False,unknown,,,False,,
591813800_1786744136_102001000_1786744159_EURUSD_20653,591813800,591813800_1786744136_102001000,EURUSD,1786744159,OFF,NK,CALL,SCHEDULED_REVIEW_WITH_MEANINGFUL_CHANGE,meaningful_change,SCHEDULED_REVIEW_WITH_MEANINGFUL_CHANGE,meaningful_change,new_candidate,591813800_1786738700_96564671_1786741502_EURUSD_20380,44.3,0.0,FULL_STRUCTURED,ai_abstained,ABSTAIN,False,luna,stored,qualitative_block_upheld,True,ABSTAIN,
591813800_1786744136_102001000_1786745075_EURUSD_26028,591813800,591813800_1786744136_102001000,EURUSD,1786745075,OFF,NK,CALL,REQUIRED_NEW_DECISION,meaningful_change,REQUIRED_NEW_DECISION,meaningful_change,new_candidate,591813800_1786744136_102001000_1786744159_EURUSD_20653,15.266666666666667,0.0,FULL_STRUCTURED,ai_abstained,ABSTAIN,False,luna,stored,qualitative_block_upheld,True,ABSTAIN,
591813800_1786744136_102001000_1786746909_EURUSD_23426,591813800,591813800_1786744136_102001000,EURUSD,1786746909,OFF,NK,CALL,OTHER_REQUIRED,borderline_prior_requires_fresh_review,OTHER_REQUIRED,borderline_prior_requires_fresh_review,,591813800_1786744136_102001000_1786745075_EURUSD_26028,30.566666666666666,0.0,FULL_STRUCTURED,ai_abstained,ABSTAIN,False,luna,stored,qualitative_block_upheld,True,ABSTAIN,
591813800_1786744136_102001000_1786747828_EURUSD_5269,591813800,591813800_1786744136_102001000,EURUSD,1786747828,OFF,NK,CALL,OTHER_REQUIRED,borderline_prior_requires_fresh_review,OTHER_REQUIRED,borderline_prior_requires_fresh_review,,591813800_1786744136_102001000_1786746909_EURUSD_23426,15.316666666666666,0.0,FULL_STRUCTURED,ai_abstained,ABSTAIN,False,luna,stored,qualitative_block_upheld,True,ABSTAIN,
591813800_1786744136_102001000_1786748747_EURUSD_19343,591813800,591813800_1786744136_102001000,EURUSD,1786748746,NY,K,CALL,SCHEDULED_REVIEW_WITH_MEANINGFUL_CHANGE,meaningful_change,SCHEDULED_REVIEW_WITH_MEANINGFUL_CHANGE,meaningful_change,session_transition|killzone_transition|new_candidate,591813800_1786744136_102001000_1786747828_EURUSD_5269,15.3,0.0,FULL_STRUCTURED,ai_abstained,ABSTAIN,False,luna,stored,qualitative_block_upheld,True,ABSTAIN,
591813800_1786744136_102001000_1786749666_EURUSD_32627,591813800,591813800_1786744136_102001000,EURUSD,1786749666,NY,K,CALL,SCHEDULED_REVIEW_WITH_MEANINGFUL_CHANGE,meaningful_change,SCHEDULED_REVIEW_WITH_MEANINGFUL_CHANGE,meaningful_change,new_candidate,591813800_1786744136_102001000_1786748747_EURUSD_19343,15.333333333333334,0.0,FULL_STRUCTURED,ai_approved,APPROVE,True,luna,stored,adjudicator_resolved_qualitative_dispute,True,APPROVE,
591813800_1788495063_34619250_1788531692_EURUSD_20156,591813800,591813800_1788495063_34619250,EURUSD,1788531691,LON,NK,CALL,REQUIRED_NEW_DECISION,prior_decision_approved_never_reused,REQUIRED_NEW_DECISION,prior_decision_approved_never_reused,,591813800_1786744136_102001000_1786749666_EURUSD_32627,29700.416666666668,0.0,FULL_STRUCTURED,ai_abstained,ABSTAIN,False,luna,stored,qualitative_block_upheld,True,ABSTAIN,
591813800_1788540249_79807218_1788540288_EURUSD_8331,591813800,591813800_1788540249_79807218,EURUSD,1788540288,LON,NK,CALL,REQUIRED_NEW_DECISION,prior_decision_approved_never_reused,REQUIRED_NEW_DECISION,prior_decision_approved_never_reused,,591813800_1788495063_34619250_1788531692_EURUSD_20156,143.28333333333333,0.0,FULL_STRUCTURED,ai_abstained,ABSTAIN,False,luna,stored,qualitative_block_upheld,True,ABSTAIN,
591813800_1788558241_97800375_1788558287_EURUSD_23301,591813800,591813800_1788558241_97800375,EURUSD,1788558287,OFF,NK,CALL,SCHEDULED_REVIEW_WITH_MEANINGFUL_CHANGE,meaningful_change,SCHEDULED_REVIEW_WITH_MEANINGFUL_CHANGE,meaningful_change,session_transition|new_candidate,591813800_1788540249_79807218_1788540288_EURUSD_8331,299.98333333333335,0.0,FULL_STRUCTURED,ai_abstained,ABSTAIN,False,luna,stored,qualitative_dispute_unresolved,True,ABSTAIN,
591813800_1788558241_97800375_1788558386_EURUSD_16163,591813800,591813800_1788558241_97800375,EURUSD,1788558386,OFF,NK,CALL,OTHER_REQUIRED,borderline_prior_requires_fresh_review,OTHER_REQUIRED,borderline_prior_requires_fresh_review,,591813800_1788558241_97800375_1788558287_EURUSD_23301,1.65,0.0,FULL_STRUCTURED,ai_abstained,ABSTAIN,False,luna,stored,qualitative_block_upheld,True,ABSTAIN,
591813800_1788558241_97800375_1788559355_EURUSD_4480,591813800,591813800_1788558241_97800375,EURUSD,1788559355,OFF,NK,CALL,UNKNOWN,no_archived_decision,REQUIRED_NEW_DECISION,meaningful_change,new_candidate,591813800_1788558241_97800375_1788558386_EURUSD_16163,16.15,0.0,,,,False,unknown,,,False,,
591813800_1788767771_50878171_1788767799_EURUSD_11462,591813800,591813800_1788767771_50878171,EURUSD,1788767798,ASIA,NK,CALL,UNKNOWN,no_archived_decision,SCHEDULED_REVIEW_WITH_MEANINGFUL_CHANGE,meaningful_change,identity:decision_input_hash+runtime_input_hash|session_transition|request_state:is_buy+po3.liquidity_kind+po3.ltf_choch+po3.ltf_mss+po3.sweep_side+po3.t_bos+po3.t_disp+po3.t_sweep|new_candidate,591813800_1788558241_97800375_1788558386_EURUSD_16163,3490.2,0.0,,,,False,unknown,,,False,,
591813800_1788767828_50935000_1788767839_EURUSD_32614,591813800,591813800_1788767828_50935000,EURUSD,1788767838,ASIA,NK,CALL,SCHEDULED_REVIEW_WITH_MEANINGFUL_CHANGE,meaningful_change,SCHEDULED_REVIEW_WITH_MEANINGFUL_CHANGE,meaningful_change,identity:decision_input_hash+python.model_id+python.provider_id+runtime_input_hash|session_transition|request_state:is_buy+po3.liquidity_kind+po3.ltf_choch+po3.ltf_mss+po3.sweep_side+po3.t_bos+po3.t_disp+po3.t_sweep|new_candidate,591813800_1788558241_97800375_1788558386_EURUSD_16163,3490.866666666667,0.0,FULL_STRUCTURED,ai_abstained,ABSTAIN,False,other,stored,qualitative_dispute_unresolved,True,ABSTAIN,
591813800_1788767828_50935000_1788771496_EURUSD_2536,591813800,591813800_1788767828_50935000,EURUSD,1788771496,ASIA,NK,CALL,OTHER_REQUIRED,borderline_prior_requires_fresh_review,OTHER_REQUIRED,borderline_prior_requires_fresh_review,,591813800_1788767828_50935000_1788767839_EURUSD_32614,60.96666666666667,0.0,FULL_STRUCTURED,ai_abstained,ABSTAIN,False,other,stored,qualitative_dispute_unresolved,True,ABSTAIN,
591813800_1788767828_50935000_1788775132_EURUSD_10546,591813800,591813800_1788767828_50935000,EURUSD,1788775131,ASIA,NK,CALL,SCHEDULED_REVIEW_WITH_MEANINGFUL_CHANGE,meaningful_change,SCHEDULED_REVIEW_WITH_MEANINGFUL_CHANGE,meaningful_change,new_candidate,591813800_1788767828_50935000_1788771496_EURUSD_2536,60.583333333333336,0.0,FULL_STRUCTURED,ai_abstained,ABSTAIN,False,other,stored,analyst_abstain_below_adjudication_floor,False,ABSTAIN,
591813800_1788767828_50935000_1788780586_EURUSD_22917,591813800,591813800_1788767828_50935000,EURUSD,1788780585,ASIA,NK,CALL,PREDETERMINED_OUTCOME,python_hard_pre_gate_already_skips_provider,SCHEDULED_REVIEW_WITH_MEANINGFUL_CHANGE,meaningful_change,identity:python.model_id+python.provider_id|new_candidate,591813800_1788767828_50935000_1788775132_EURUSD_10546,90.9,0.0,DEGRADED_NON_TRADING,hard_pre_gate,REJECT,False,other,non_full_structured_decision,,False,,
591813800_1788767828_50935000_1788783313_EURUSD_13779,591813800,591813800_1788767828_50935000,EURUSD,1788783313,ASIA,K,CALL,SCHEDULED_REVIEW_WITH_MEANINGFUL_CHANGE,meaningful_change,SCHEDULED_REVIEW_WITH_MEANINGFUL_CHANGE,meaningful_change,identity:python.model_id+python.provider_id|killzone_transition|request_state:is_buy+po3.context_tier+po3.has_bos+po3.has_follow_through+po3.has_sweep+po3.htf_bos+po3.htf_choch+po3.htf_mss+po3.liquidity_kind+po3.ltf_bos+po3.po3_state+po3.structure_type+po3.sweep_side+po3.t_bos+po3.t_disp+po3.t_sweep|new_candidate,591813800_1788767828_50935000_1788775132_EURUSD_10546,136.36666666666667,0.0,DEGRADED_NON_TRADING,structured_response_invalid,REJECT,False,other,non_full_structured_decision,,False,,
591813800_1788796160_79268421_1788796170_EURUSD_5296,591813800,591813800_1788796160_79268421,EURUSD,1788796169,LON,NK,CALL,SCHEDULED_REVIEW_WITH_MEANINGFUL_CHANGE,meaningful_change,SCHEDULED_REVIEW_WITH_MEANINGFUL_CHANGE,meaningful_change,session_transition|request_state:po3.context_tier+po3.has_bos+po3.has_follow_through+po3.has_sweep+po3.htf_bos+po3.htf_choch+po3.htf_mss+po3.liquidity_kind+po3.ltf_bos+po3.po3_state+po3.structure_type+po3.sweep_side+po3.t_bos+po3.t_disp+po3.t_sweep|new_candidate,591813800_1788767828_50935000_1788775132_EURUSD_10546,350.6333333333333,0.0,FULL_STRUCTURED,ai_abstained,ABSTAIN,False,other,stored,qualitative_dispute_unresolved,True,ABSTAIN,
591813800_1788817575_100685484_1788823028_EURUSD_14815,591813800,591813800_1788817575_100685484,EURUSD,1788823028,NY,K,CALL,SCHEDULED_REVIEW_WITH_MEANINGFUL_CHANGE,meaningful_change,SCHEDULED_REVIEW_WITH_MEANINGFUL_CHANGE,meaningful_change,identity:python.model_id+python.provider_id|session_transition|killzone_transition|request_state:is_buy+po3.liquidity_kind+po3.t_disp|new_candidate,591813800_1788796160_79268421_1788796170_EURUSD_5296,447.65,0.0,FULL_STRUCTURED,ai_rejected,REJECT,False,luna,stored,analyst_reject,False,REJECT,
591813800_1788817590_100700078_1788823032_EURUSD_2503,591813800,591813800_1788817590_100700078,EURUSD,1788823031,NY,K,REUSE,UNCHANGED_STATE,unchanged_decisive_non_approval_within_ttl,UNCHANGED_STATE,unchanged_decisive_non_approval_within_ttl,,591813800_1788817575_100685484_1788823028_EURUSD_14815,0.05,7.0,FULL_STRUCTURED,ai_abstained,ABSTAIN,False,luna,,analyst_abstain_below_adjudication_floor,False,ABSTAIN,
591813800_1788817575_100685484_1788823935_EURUSD_14758,591813800,591813800_1788817575_100685484,EURUSD,1788823934,NY,K,CALL,SCHEDULED_REVIEW_WITH_MEANINGFUL_CHANGE,meaningful_change,SCHEDULED_REVIEW_WITH_MEANINGFUL_CHANGE,meaningful_change,new_candidate,591813800_1788817575_100685484_1788823028_EURUSD_14815,15.1,0.0,FULL_STRUCTURED,ai_abstained,ABSTAIN,False,luna,stored,analyst_abstain_below_adjudication_floor,False,ABSTAIN,
591813800_1788817590_100700078_1788823937_EURUSD_10641,591813800,591813800_1788817590_100700078,EURUSD,1788823936,NY,K,CALL,OTHER_REQUIRED,borderline_prior_requires_fresh_review,OTHER_REQUIRED,borderline_prior_requires_fresh_review,,591813800_1788817575_100685484_1788823935_EURUSD_14758,0.03333333333333333,0.0,FULL_STRUCTURED,ai_abstained,ABSTAIN,False,luna,stored,qualitative_dispute_unresolved,True,ABSTAIN,
591813800_1788817575_100685484_1788824840_EURUSD_22508,591813800,591813800_1788817575_100685484,EURUSD,1788824839,NY,K,CALL,SCHEDULED_REVIEW_WITH_MEANINGFUL_CHANGE,meaningful_change,SCHEDULED_REVIEW_WITH_MEANINGFUL_CHANGE,meaningful_change,candidate_state:fvg_execution_class+fvg_mitigation_state+fvg_touched|new_candidate,591813800_1788817590_100700078_1788823937_EURUSD_10641,15.05,0.0,FULL_STRUCTURED,ai_abstained,ABSTAIN,False,luna,stored,qualitative_block_upheld,True,ABSTAIN,
591813800_1788817590_100700078_1788824842_EURUSD_7049,591813800,591813800_1788817590_100700078,EURUSD,1788824841,NY,K,CALL,OTHER_REQUIRED,borderline_prior_requires_fresh_review,OTHER_REQUIRED,borderline_prior_requires_fresh_review,,591813800_1788817575_100685484_1788824840_EURUSD_22508,0.03333333333333333,0.0,FULL_STRUCTURED,ai_abstained,ABSTAIN,False,luna,stored,qualitative_dispute_unresolved,True,ABSTAIN,
591813800_1788837043_120154281_1788847319_EURUSD_3195,591813800,591813800_1788837043_120154281,EURUSD,1788847318,ASIA,NK,CALL,UNKNOWN,no_archived_decision,SCHEDULED_REVIEW_WITH_MEANINGFUL_CHANGE,meaningful_change,identity:decision_input_hash+runtime_input_hash|session_transition|killzone_transition|request_state:po3.developing_bos+po3.has_follow_through+po3.has_sweep+po3.liquidity_kind+po3.ltf_bos+po3.structure_type+po3.sweep_side+po3.t_sweep|new_candidate,591813800_1788817590_100700078_1788824842_EURUSD_7049,374.6166666666667,0.0,,,,False,unknown,,,False,,
591813800_1788837043_120154281_1788849135_EURUSD_14486,591813800,591813800_1788837043_120154281,EURUSD,1788849134,ASIA,NK,CALL,SCHEDULED_REVIEW_WITH_MEANINGFUL_CHANGE,meaningful_change,SCHEDULED_REVIEW_WITH_MEANINGFUL_CHANGE,meaningful_change,identity:decision_input_hash+runtime_input_hash|session_transition|killzone_transition|request_state:po3.developing_bos+po3.has_follow_through+po3.has_sweep+po3.liquidity_kind+po3.ltf_bos+po3.structure_type+po3.sweep_side+po3.t_sweep|new_candidate,591813800_1788817590_100700078_1788824842_EURUSD_7049,404.8833333333333,0.0,FULL_STRUCTURED,ai_abstained,ABSTAIN,False,luna,stored,qualitative_block_upheld,True,ABSTAIN,
591813800_1788837043_120154281_1788850343_EURUSD_27977,591813800,591813800_1788837043_120154281,EURUSD,1788850343,ASIA,NK,CALL,REQUIRED_NEW_DECISION,prior_decision_approved_never_reused,REQUIRED_NEW_DECISION,prior_decision_approved_never_reused,,591813800_1788837043_120154281_1788849135_EURUSD_14486,20.15,0.0,FULL_STRUCTURED,ai_abstained,ABSTAIN,False,luna,stored,qualitative_block_upheld,True,ABSTAIN,
591813800_1788837043_120154281_1788850946_EURUSD_4948,591813800,591813800_1788837043_120154281,EURUSD,1788850946,ASIA,NK,CALL,REQUIRED_NEW_DECISION,meaningful_change,REQUIRED_NEW_DECISION,meaningful_change,candidate_state:fvg_execution_class+fvg_mid_mitigated+fvg_mitigation_state,591813800_1788837043_120154281_1788850343_EURUSD_27977,10.05,0.0,FULL_STRUCTURED,ai_abstained,ABSTAIN,False,luna,stored,qualitative_block_upheld,True,ABSTAIN,
591813800_1788837043_120154281_1788852155_EURUSD_8823,591813800,591813800_1788837043_120154281,EURUSD,1788852154,ASIA,NK,CALL,REQUIRED_NEW_DECISION,prior_decision_approved_never_reused,REQUIRED_NEW_DECISION,prior_decision_approved_never_reused,,591813800_1788837043_120154281_1788850946_EURUSD_4948,20.133333333333333,0.0,FULL_STRUCTURED,ai_abstained,ABSTAIN,False,luna,stored,qualitative_block_upheld,True,ABSTAIN,
591813800_1788837043_120154281_1788853364_EURUSD_29061,591813800,591813800_1788837043_120154281,EURUSD,1788853363,ASIA,NK,CALL,OTHER_REQUIRED,borderline_prior_requires_fresh_review,OTHER_REQUIRED,borderline_prior_requires_fresh_review,,591813800_1788837043_120154281_1788852155_EURUSD_8823,20.15,0.0,FULL_STRUCTURED,ai_abstained,ABSTAIN,False,luna,stored,qualitative_dispute_unresolved,True,ABSTAIN,
591813800_1788837043_120154281_1788854571_EURUSD_964,591813800,591813800_1788837043_120154281,EURUSD,1788854570,ASIA,NK,CALL,OTHER_REQUIRED,borderline_prior_requires_fresh_review,OTHER_REQUIRED,borderline_prior_requires_fresh_review,,591813800_1788837043_120154281_1788853364_EURUSD_29061,20.116666666666667,0.0,FULL_STRUCTURED,ai_abstained,ABSTAIN,False,luna,stored,qualitative_block_upheld,True,ABSTAIN,
591813800_1788837043_120154281_1788855779_EURUSD_15387,591813800,591813800_1788837043_120154281,EURUSD,1788855779,ASIA,NK,CALL,REQUIRED_NEW_DECISION,meaningful_change,REQUIRED_NEW_DECISION,meaningful_change,request_state:po3.developing_bos+po3.has_follow_through+po3.has_sweep+po3.liquidity_kind+po3.ltf_bos+po3.structure_type+po3.sweep_side+po3.t_disp+po3.t_sweep|new_candidate,591813800_1788837043_120154281_1788854571_EURUSD_964,20.15,0.0,FULL_STRUCTURED,ai_abstained,ABSTAIN,False,luna,stored,qualitative_block_upheld,True,ABSTAIN,
591813800_1788837043_120154281_1788856384_EURUSD_32220,591813800,591813800_1788837043_120154281,EURUSD,1788856383,ASIA,NK,CALL,OTHER_REQUIRED,borderline_prior_requires_fresh_review,OTHER_REQUIRED,borderline_prior_requires_fresh_review,,591813800_1788837043_120154281_1788855779_EURUSD_15387,10.066666666666666,0.0,FULL_STRUCTURED,ai_rejected,REJECT,False,luna,stored,analyst_reject,False,REJECT,
591813800_1788837043_120154281_1788861219_EURUSD_25795,591813800,591813800_1788837043_120154281,EURUSD,1788861219,ASIA,NK,CALL,SCHEDULED_REVIEW_WITH_MEANINGFUL_CHANGE,meaningful_change,SCHEDULED_REVIEW_WITH_MEANINGFUL_CHANGE,meaningful_change,request_state:po3.developing_bos+po3.has_follow_through+po3.has_sweep+po3.liquidity_kind+po3.ltf_bos+po3.structure_type+po3.sweep_side+po3.t_disp+po3.t_sweep|new_candidate,591813800_1788837043_120154281_1788856384_EURUSD_32220,80.6,0.0,FULL_STRUCTURED,ai_abstained,ABSTAIN,False,luna,stored,qualitative_block_upheld,True,ABSTAIN,
591813800_1788837043_120154281_1788869078_EURUSD_19881,591813800,591813800_1788837043_120154281,EURUSD,1788869077,ASIA,K,CALL,SCHEDULED_REVIEW_WITH_MEANINGFUL_CHANGE,meaningful_change,SCHEDULED_REVIEW_WITH_MEANINGFUL_CHANGE,meaningful_change,killzone_transition|request_state:po3.context_tier+po3.developing_bos+po3.has_bos+po3.htf_bos+po3.htf_choch+po3.htf_mss+po3.ltf_choch+po3.ltf_mss+po3.po3_state+po3.structure_type+po3.t_bos+po3.t_disp+po3.t_sweep|new_candidate,591813800_1788837043_120154281_1788861219_EURUSD_25795,130.96666666666667,0.0,FULL_STRUCTURED,ai_abstained,ABSTAIN,False,luna,stored,qualitative_block_upheld,True,ABSTAIN,
591813800_1788837043_120154281_1788870287_EURUSD_9540,591813800,591813800_1788837043_120154281,EURUSD,1788870286,ASIA,K,CALL,REQUIRED_NEW_DECISION,meaningful_change,REQUIRED_NEW_DECISION,meaningful_change,new_candidate,591813800_1788837043_120154281_1788869078_EURUSD_19881,20.15,0.0,FULL_STRUCTURED,ai_abstained,ABSTAIN,False,luna,stored,qualitative_block_upheld,True,ABSTAIN,
591813800_1788837043_120154281_1788871496_EURUSD_3616,591813800,591813800_1788837043_120154281,EURUSD,1788871496,ASIA,K,CALL,OTHER_REQUIRED,borderline_prior_requires_fresh_review,OTHER_REQUIRED,borderline_prior_requires_fresh_review,,591813800_1788837043_120154281_1788870287_EURUSD_9540,20.166666666666668,0.0,FULL_STRUCTURED,ai_abstained,ABSTAIN,False,luna,stored,qualitative_block_upheld,True,ABSTAIN,
591813800_1788837043_120154281_1788872706_EURUSD_16880,591813800,591813800_1788837043_120154281,EURUSD,1788872706,LON,NK,CALL,SCHEDULED_REVIEW_WITH_MEANINGFUL_CHANGE,meaningful_change,SCHEDULED_REVIEW_WITH_MEANINGFUL_CHANGE,meaningful_change,session_transition|killzone_transition,591813800_1788837043_120154281_1788871496_EURUSD_3616,20.166666666666668,0.0,FULL_STRUCTURED,ai_abstained,ABSTAIN,False,luna,stored,qualitative_block_upheld,True,ABSTAIN,
591813800_1788837043_120154281_1788873917_EURUSD_14162,591813800,591813800_1788837043_120154281,EURUSD,1788873917,LON,NK,CALL,OTHER_REQUIRED,borderline_prior_requires_fresh_review,OTHER_REQUIRED,borderline_prior_requires_fresh_review,,591813800_1788837043_120154281_1788872706_EURUSD_16880,20.183333333333334,0.0,FULL_STRUCTURED,ai_abstained,ABSTAIN,False,luna,stored,qualitative_block_upheld,True,ABSTAIN,
591813800_1788837043_120154281_1788875127_EURUSD_20111,591813800,591813800_1788837043_120154281,EURUSD,1788875126,LON,NK,CALL,SCHEDULED_REVIEW_WITH_MEANINGFUL_CHANGE,meaningful_change,SCHEDULED_REVIEW_WITH_MEANINGFUL_CHANGE,meaningful_change,new_candidate,591813800_1788837043_120154281_1788873917_EURUSD_14162,20.15,0.0,FULL_STRUCTURED,ai_abstained,ABSTAIN,False,luna,stored,qualitative_block_upheld,True,ABSTAIN,
591813800_1788837043_120154281_1788876336_EURUSD_16990,591813800,591813800_1788837043_120154281,EURUSD,1788876336,LON,NK,CALL,SCHEDULED_REVIEW_WITH_MEANINGFUL_CHANGE,meaningful_change,SCHEDULED_REVIEW_WITH_MEANINGFUL_CHANGE,meaningful_change,new_candidate,591813800_1788837043_120154281_1788875127_EURUSD_20111,20.166666666666668,0.0,FULL_STRUCTURED,ai_abstained,ABSTAIN,False,luna,stored,qualitative_block_upheld,True,ABSTAIN,
591813800_1788837043_120154281_1788877545_EURUSD_6036,591813800,591813800_1788837043_120154281,EURUSD,1788877544,LON,NK,CALL,SCHEDULED_REVIEW_WITH_MEANINGFUL_CHANGE,meaningful_change,SCHEDULED_REVIEW_WITH_MEANINGFUL_CHANGE,meaningful_change,new_candidate,591813800_1788837043_120154281_1788876336_EURUSD_16990,20.133333333333333,0.0,FULL_STRUCTURED,ai_abstained,ABSTAIN,False,luna,stored,analyst_abstain_below_adjudication_floor,False,ABSTAIN,
591813800_1788837043_120154281_1788878149_EURUSD_18077,591813800,591813800_1788837043_120154281,EURUSD,1788878148,LON,NK,CALL,REQUIRED_NEW_DECISION,meaningful_change,REQUIRED_NEW_DECISION,meaningful_change,new_candidate,591813800_1788837043_120154281_1788877545_EURUSD_6036,10.066666666666666,0.0,FULL_STRUCTURED,ai_abstained,ABSTAIN,False,luna,stored,qualitative_block_upheld,True,ABSTAIN,
591813800_1788837043_120154281_1788878753_EURUSD_9335,591813800,591813800_1788837043_120154281,EURUSD,1788878752,LON,NK,CALL,OTHER_REQUIRED,borderline_prior_requires_fresh_review,OTHER_REQUIRED,borderline_prior_requires_fresh_review,,591813800_1788837043_120154281_1788878149_EURUSD_18077,10.066666666666666,0.0,FULL_STRUCTURED,ai_rejected,REJECT,False,luna,stored,analyst_reject,False,REJECT,
591813800_1788837043_120154281_1788879961_EURUSD_23059,591813800,591813800_1788837043_120154281,EURUSD,1788879960,LON,NK,CALL,SCHEDULED_REVIEW_WITH_MEANINGFUL_CHANGE,meaningful_change,SCHEDULED_REVIEW_WITH_MEANINGFUL_CHANGE,meaningful_change,new_candidate,591813800_1788837043_120154281_1788878753_EURUSD_9335,20.133333333333333,0.0,FULL_STRUCTURED,ai_abstained,ABSTAIN,False,luna,stored,qualitative_block_upheld,True,ABSTAIN,
591813800_1788837043_120154281_1788881169_EURUSD_9343,591813800,591813800_1788837043_120154281,EURUSD,1788881168,LON,NK,CALL,OTHER_REQUIRED,borderline_prior_requires_fresh_review,OTHER_REQUIRED,borderline_prior_requires_fresh_review,,591813800_1788837043_120154281_1788879961_EURUSD_23059,20.133333333333333,0.0,FULL_STRUCTURED,ai_abstained,ABSTAIN,False,luna,stored,analyst_abstain_below_adjudication_floor,False,ABSTAIN,
591813800_1788837043_120154281_1788882377_EURUSD_23084,591813800,591813800_1788837043_120154281,EURUSD,1788882376,LON,NK,CALL,UNKNOWN,no_archived_decision,SCHEDULED_REVIEW_WITH_MEANINGFUL_CHANGE,meaningful_change,new_candidate,591813800_1788837043_120154281_1788881169_EURUSD_9343,20.133333333333333,0.0,,,,False,unknown,,,False,,
591813800_1788925102_208218984_1788948256_EURUSD_17861,591813800,591813800_1788925102_208218984,EURUSD,1788948255,ASIA,NK,CALL,PREDETERMINED_OUTCOME,python_hard_pre_gate_already_skips_provider,SCHEDULED_REVIEW_WITH_MEANINGFUL_CHANGE,meaningful_change,identity:contract_manifest_hash+decision_input_hash+python.family_profile_version+python.model_id+python.provider_id+runtime_input_hash|session_transition|request_state:is_buy+po3.has_follow_through+po3.liquidity_kind+po3.sweep_side+po3.t_bos+po3.t_disp+po3.t_sweep|new_candidate,591813800_1788837043_120154281_1788881169_EURUSD_9343,1118.1166666666666,0.0,DEGRADED_NON_TRADING,hard_pre_gate,REJECT,False,other,non_full_structured_decision,,False,,
591813800_1788925102_208218984_1788950713_EURUSD_17758,591813800,591813800_1788925102_208218984,EURUSD,1788950713,ASIA,NK,CALL,PREDETERMINED_OUTCOME,python_hard_pre_gate_already_skips_provider,SCHEDULED_REVIEW_WITH_MEANINGFUL_CHANGE,meaningful_change,identity:contract_manifest_hash+decision_input_hash+python.family_profile_version+python.model_id+python.provider_id+runtime_input_hash|session_transition|request_state:is_buy+po3.has_follow_through+po3.liquidity_kind+po3.sweep_side+po3.t_bos+po3.t_disp+po3.t_sweep|new_candidate,591813800_1788837043_120154281_1788881169_EURUSD_9343,1159.0833333333333,0.0,DEGRADED_NON_TRADING,hard_pre_gate,REJECT,False,other,non_full_structured_decision,,False,,
591813800_1786561284_9977718_1786562020_GBPAUD_3665,591813800,591813800_1786561284_9977718,GBPAUD,1786562020,OFF,NK,CALL,REQUIRED_NEW_DECISION,no_prior_authoritative_decision,REQUIRED_NEW_DECISION,no_prior_authoritative_decision,,,,0.0,FULL_STRUCTURED,ai_abstained,ABSTAIN,False,other,stored,qualitative_dispute_unresolved,True,ABSTAIN,
591813800_1786569338_18032703_1786570070_GBPAUD_7813,591813800,591813800_1786569338_18032703,GBPAUD,1786570070,OFF,NK,CALL,SCHEDULED_REVIEW_WITH_MEANINGFUL_CHANGE,meaningful_change,SCHEDULED_REVIEW_WITH_MEANINGFUL_CHANGE,meaningful_change,identity:python.model_id|new_candidate,591813800_1786561284_9977718_1786562020_GBPAUD_3665,134.16666666666666,0.0,FULL_STRUCTURED,ai_rejected,REJECT,False,luna,stored,qualitative_block_upheld,True,REJECT,
591813800_1786578562_27257093_1786578579_GBPAUD_7070,591813800,591813800_1786578562_27257093,GBPAUD,1786578579,NY,K,CALL,SCHEDULED_REVIEW_WITH_MEANINGFUL_CHANGE,meaningful_change,SCHEDULED_REVIEW_WITH_MEANINGFUL_CHANGE,meaningful_change,identity:decision_input_hash+runtime_input_hash|session_transition|killzone_transition|request_state:po3.liquidity_kind+po3.ltf_choch+po3.ltf_mss+po3.t_bos+po3.t_disp+po3.t_sweep|new_candidate,591813800_1786569338_18032703_1786570070_GBPAUD_7813,141.81666666666666,0.0,FULL_STRUCTURED,ai_rejected,REJECT,False,luna,stored,qualitative_block_upheld,True,REJECT,
591813800_1786738700_96564671_1786738750_GBPAUD_14457,591813800,591813800_1786738700_96564671,GBPAUD,1786738750,OFF,NK,CALL,SCHEDULED_REVIEW_WITH_MEANINGFUL_CHANGE,meaningful_change,SCHEDULED_REVIEW_WITH_MEANINGFUL_CHANGE,meaningful_change,identity:decision_input_hash+runtime_input_hash|session_transition|killzone_transition|request_state:po3.context_tier+po3.developing_bos+po3.has_bos+po3.htf_bos+po3.htf_choch+po3.htf_mss+po3.ltf_choch+po3.ltf_mss+po3.po3_state+po3.structure_type+po3.t_bos+po3.t_disp+po3.t_sweep|new_candidate,591813800_1786578562_27257093_1786578579_GBPAUD_7070,2669.516666666667,0.0,FULL_STRUCTURED,ai_rejected,REJECT,False,luna,stored,qualitative_block_upheld,True,REJECT,
591813800_1786743010_100874718_1786743041_GBPCAD_9775,591813800,591813800_1786743010_100874718,GBPCAD,1786743041,OFF,NK,CALL,UNKNOWN,no_archived_decision,REQUIRED_NEW_DECISION,no_prior_authoritative_decision,,,,0.0,,,,False,unknown,,,False,,
591813800_1786744136_102001000_1786744159_GBPCAD_32372,591813800,591813800_1786744136_102001000,GBPCAD,1786744159,OFF,NK,CALL,REQUIRED_NEW_DECISION,no_prior_authoritative_decision,REQUIRED_NEW_DECISION,no_prior_authoritative_decision,,,,0.0,FULL_STRUCTURED,ai_rejected,REJECT,False,luna,stored,qualitative_block_upheld,True,REJECT,
591813800_1786744136_102001000_1786745992_GBPCAD_13445,591813800,591813800_1786744136_102001000,GBPCAD,1786745992,OFF,NK,CALL,OTHER_REQUIRED,decisive_prior_ttl_expired,OTHER_REQUIRED,decisive_prior_ttl_expired,,591813800_1786744136_102001000_1786744159_GBPCAD_32372,30.55,30.0,FULL_STRUCTURED,ai_rejected,REJECT,False,luna,stored,qualitative_block_upheld,True,REJECT,
591813800_1786744136_102001000_1786747829_GBPCAD_29952,591813800,591813800_1786744136_102001000,GBPCAD,1786747828,OFF,NK,CALL,OTHER_REQUIRED,decisive_prior_ttl_expired,OTHER_REQUIRED,decisive_prior_ttl_expired,,591813800_1786744136_102001000_1786745992_GBPCAD_13445,30.6,30.0,FULL_STRUCTURED,ai_rejected,REJECT,False,luna,stored,qualitative_block_upheld,True,REJECT,
591813800_1786932611_30404328_1786936373_GBPCAD_27267,591813800,591813800_1786932611_30404328,GBPCAD,1786936373,ASIA,NK,CALL,SCHEDULED_REVIEW_WITH_MEANINGFUL_CHANGE,meaningful_change,SCHEDULED_REVIEW_WITH_MEANINGFUL_CHANGE,meaningful_change,session_transition|new_candidate,591813800_1786744136_102001000_1786747829_GBPCAD_29952,3142.4166666666665,0.0,FULL_STRUCTURED,ai_rejected,REJECT,False,luna,stored,qualitative_block_upheld,True,REJECT,
591813800_1786932611_30404328_1786948350_GBPCAD_24155,591813800,591813800_1786932611_30404328,GBPCAD,1786948350,ASIA,NK,CALL,SCHEDULED_REVIEW_WITH_MEANINGFUL_CHANGE,meaningful_change,SCHEDULED_REVIEW_WITH_MEANINGFUL_CHANGE,meaningful_change,request_state:po3.context_tier+po3.developing_bos+po3.has_bos+po3.htf_bos+po3.htf_choch+po3.htf_mss+po3.po3_state+po3.structure_type+po3.t_bos|new_candidate,591813800_1786932611_30404328_1786936373_GBPCAD_27267,199.61666666666667,0.0,FULL_STRUCTURED,ai_abstained,ABSTAIN,False,luna,stored,qualitative_block_upheld,True,ABSTAIN,
591813800_1786932611_30404328_1786949268_GBPCAD_17578,591813800,591813800_1786932611_30404328,GBPCAD,1786949267,ASIA,NK,CALL,OTHER_REQUIRED,borderline_prior_requires_fresh_review,OTHER_REQUIRED,borderline_prior_requires_fresh_review,,591813800_1786932611_30404328_1786948350_GBPCAD_24155,15.283333333333333,0.0,FULL_STRUCTURED,ai_abstained,ABSTAIN,False,luna,stored,qualitative_block_upheld,True,ABSTAIN,
591813800_1788495063_34619250_1788527106_GBPCAD_17480,591813800,591813800_1788495063_34619250,GBPCAD,1788527106,LON,NK,CALL,SCHEDULED_REVIEW_WITH_MEANINGFUL_CHANGE,meaningful_change,SCHEDULED_REVIEW_WITH_MEANINGFUL_CHANGE,meaningful_change,identity:contract_manifest_hash+decision_input_hash+python.family_profile_version+runtime_input_hash|session_transition|request_state:is_buy+po3.context_tier+po3.has_bos+po3.has_sweep+po3.htf_bos+po3.htf_choch+po3.htf_mss+po3.liquidity_kind+po3.ltf_bos+po3.ltf_choch+po3.ltf_mss+po3.po3_state+po3.structure_type+po3.sweep_side+po3.t_bos+po3.t_disp+po3.t_sweep|new_candidate,591813800_1786932611_30404328_1786949268_GBPCAD_17578,26297.316666666666,0.0,DEGRADED_NON_TRADING,final_response_contract_invalid,REJECT,False,luna,non_full_structured_decision,panel_shortcircuit_analyst_cannot_approve_and_expectancy_below_gate_margin,False,ABSTAIN,
591813800_1788495063_34619250_1788528020_GBPCAD_29655,591813800,591813800_1788495063_34619250,GBPCAD,1788528020,LON,NK,CALL,SCHEDULED_REVIEW_WITH_MEANINGFUL_CHANGE,meaningful_change,SCHEDULED_REVIEW_WITH_MEANINGFUL_CHANGE,meaningful_change,identity:contract_manifest_hash+decision_input_hash+python.family_profile_version+runtime_input_hash|session_transition|request_state:is_buy+po3.context_tier+po3.has_bos+po3.has_sweep+po3.htf_bos+po3.htf_choch+po3.htf_mss+po3.liquidity_kind+po3.ltf_bos+po3.ltf_choch+po3.ltf_mss+po3.po3_state+po3.structure_type+po3.sweep_side+po3.t_bos+po3.t_disp+po3.t_sweep|new_candidate,591813800_1786932611_30404328_1786949268_GBPCAD_17578,26312.55,0.0,FULL_STRUCTURED,ai_abstained,ABSTAIN,False,luna,stored,qualitative_block_upheld,True,ABSTAIN,
591813800_1788495063_34619250_1788528935_GBPCAD_6100,591813800,591813800_1788495063_34619250,GBPCAD,1788528934,LON,NK,CALL,SCHEDULED_REVIEW_WITH_MEANINGFUL_CHANGE,meaningful_change,SCHEDULED_REVIEW_WITH_MEANINGFUL_CHANGE,meaningful_change,new_candidate,591813800_1788495063_34619250_1788528020_GBPCAD_29655,15.233333333333333,0.0,FULL_STRUCTURED,ai_abstained,ABSTAIN,False,luna,stored,qualitative_block_upheld,True,ABSTAIN,
591813800_1788495063_34619250_1788535380_GBPCAD_25938,591813800,591813800_1788495063_34619250,GBPCAD,1788535380,LON,NK,CALL,SCHEDULED_REVIEW_WITH_MEANINGFUL_CHANGE,meaningful_change,SCHEDULED_REVIEW_WITH_MEANINGFUL_CHANGE,meaningful_change,identity:python.model_id+python.provider_id|request_state:po3.t_disp|new_candidate,591813800_1788495063_34619250_1788528935_GBPCAD_6100,107.43333333333334,0.0,DEGRADED_NON_TRADING,provider_transport_error,REJECT,False,other,non_full_structured_decision,,False,,
591813800_1788540249_79807218_1788546717_GBPCAD_25294,591813800,591813800_1788540249_79807218,GBPCAD,1788546716,LON,NK,CALL,SCHEDULED_REVIEW_WITH_MEANINGFUL_CHANGE,meaningful_change,SCHEDULED_REVIEW_WITH_MEANINGFUL_CHANGE,meaningful_change,request_state:po3.liquidity_kind+po3.structure_type+po3.sweep_side+po3.t_disp+po3.t_sweep|new_candidate,591813800_1788495063_34619250_1788528935_GBPCAD_6100,296.3666666666667,0.0,FULL_STRUCTURED,ai_rejected,REJECT,False,luna,stored,analyst_reject,False,REJECT,
591813800_1788798902_82010906_1788801637_GBPCAD_10496,591813800,591813800_1788798902_82010906,GBPCAD,1788801637,LON,NK,CALL,SCHEDULED_REVIEW_WITH_MEANINGFUL_CHANGE,meaningful_change,SCHEDULED_REVIEW_WITH_MEANINGFUL_CHANGE,meaningful_change,identity:decision_input_hash+runtime_input_hash|request_state:po3.liquidity_kind+po3.structure_type+po3.sweep_side+po3.t_disp+po3.t_sweep|new_candidate,591813800_1788540249_79807218_1788546717_GBPCAD_25294,4248.683333333333,0.0,FULL_STRUCTURED,ai_abstained,ABSTAIN,False,luna,stored,qualitative_block_upheld,True,ABSTAIN,
591813800_1788837043_120154281_1788858198_GBPCAD_21988,591813800,591813800_1788837043_120154281,GBPCAD,1788858197,ASIA,NK,CALL,SCHEDULED_REVIEW_WITH_MEANINGFUL_CHANGE,meaningful_change,SCHEDULED_REVIEW_WITH_MEANINGFUL_CHANGE,meaningful_change,identity:decision_input_hash+runtime_input_hash|session_transition|request_state:po3.context_tier+po3.has_bos+po3.has_follow_through+po3.has_sweep+po3.htf_bos+po3.htf_choch+po3.htf_mss+po3.liquidity_kind+po3.ltf_bos+po3.ltf_choch+po3.ltf_mss+po3.po3_state+po3.structure_type+po3.sweep_side+po3.t_bos+po3.t_disp+po3.t_sweep|new_candidate,591813800_1788798902_82010906_1788801637_GBPCAD_10496,942.6666666666666,0.0,FULL_STRUCTURED,ai_abstained,ABSTAIN,False,luna,stored,qualitative_dispute_unresolved,True,ABSTAIN,
591813800_1788837043_120154281_1788860011_GBPCAD_6496,591813800,591813800_1788837043_120154281,GBPCAD,1788860010,ASIA,NK,CALL,OTHER_REQUIRED,borderline_prior_requires_fresh_review,OTHER_REQUIRED,borderline_prior_requires_fresh_review,,591813800_1788837043_120154281_1788858198_GBPCAD_21988,30.216666666666665,0.0,FULL_STRUCTURED,ai_abstained,ABSTAIN,False,luna,stored,analyst_abstain_below_adjudication_floor,False,ABSTAIN,
591813800_1788837043_120154281_1788864847_GBPCAD_31084,591813800,591813800_1788837043_120154281,GBPCAD,1788864846,ASIA,NK,CALL,OTHER_REQUIRED,borderline_prior_requires_fresh_review,OTHER_REQUIRED,borderline_prior_requires_fresh_review,,591813800_1788837043_120154281_1788860011_GBPCAD_6496,80.6,0.0,FULL_STRUCTURED,ai_abstained,ABSTAIN,False,luna,stored,qualitative_dispute_unresolved,True,ABSTAIN,
591813800_1788837043_120154281_1788866054_GBPCAD_12338,591813800,591813800_1788837043_120154281,GBPCAD,1788866054,ASIA,NK,CALL,REQUIRED_NEW_DECISION,meaningful_change,REQUIRED_NEW_DECISION,meaningful_change,regime_label,591813800_1788837043_120154281_1788864847_GBPCAD_31084,20.133333333333333,0.0,FULL_STRUCTURED,ai_abstained,ABSTAIN,False,luna,stored,analyst_abstain_below_adjudication_floor,False,ABSTAIN,
591813800_1788837043_120154281_1788881773_GBPCAD_14376,591813800,591813800_1788837043_120154281,GBPCAD,1788881773,LON,NK,CALL,PREDETERMINED_OUTCOME,python_hard_pre_gate_already_skips_provider,SCHEDULED_REVIEW_WITH_MEANINGFUL_CHANGE,meaningful_change,identity:python.model_id+python.provider_id|session_transition|request_state:is_buy+po3.liquidity_kind+po3.sweep_side+po3.t_bos+po3.t_disp+po3.t_sweep|new_candidate,591813800_1788837043_120154281_1788866054_GBPCAD_12338,261.98333333333335,0.0,DEGRADED_NON_TRADING,hard_pre_gate,REJECT,False,other,non_full_structured_decision,,False,,
591813800_1788925102_208218984_1788925148_GBPCAD_2306,591813800,591813800_1788925102_208218984,GBPCAD,1788925148,ASIA,NK,CALL,SCHEDULED_REVIEW_WITH_MEANINGFUL_CHANGE,meaningful_change,SCHEDULED_REVIEW_WITH_MEANINGFUL_CHANGE,meaningful_change,identity:contract_manifest_hash+decision_input_hash+python.family_profile_version+python.model_id+python.provider_id+runtime_input_hash|request_state:is_buy+po3.liquidity_kind+po3.sweep_side+po3.t_bos+po3.t_disp+po3.t_sweep|new_candidate,591813800_1788837043_120154281_1788866054_GBPCAD_12338,984.9,0.0,FULL_STRUCTURED,ai_rejected,REJECT,False,luna,stored,analyst_reject,False,REJECT,
591813800_1788925102_208218984_1788926362_GBPCAD_25137,591813800,591813800_1788925102_208218984,GBPCAD,1788926362,ASIA,NK,CALL,OTHER_REQUIRED,borderline_prior_requires_fresh_review,OTHER_REQUIRED,borderline_prior_requires_fresh_review,,591813800_1788925102_208218984_1788925148_GBPCAD_2306,20.233333333333334,0.0,FULL_STRUCTURED,ai_abstained,ABSTAIN,False,luna,stored,qualitative_dispute_unresolved,True,ABSTAIN,
591813800_1788925102_208218984_1788926968_GBPCAD_32579,591813800,591813800_1788925102_208218984,GBPCAD,1788926968,ASIA,NK,CALL,REQUIRED_NEW_DECISION,meaningful_change,REQUIRED_NEW_DECISION,meaningful_change,new_candidate,591813800_1788925102_208218984_1788926362_GBPCAD_25137,10.1,0.0,FULL_STRUCTURED,ai_approved,APPROVE,True,luna,stored,analyst_approve_critic_pass,False,APPROVE,
591813800_1788925102_208218984_1788927574_GBPCAD_8859,591813800,591813800_1788925102_208218984,GBPCAD,1788927574,ASIA,NK,CALL,PREDETERMINED_OUTCOME,mql_sweep_already_consumed_all_candidates,REQUIRED_NEW_DECISION,prior_decision_approved_never_reused,,591813800_1788925102_208218984_1788926968_GBPCAD_32579,10.1,0.0,FULL_STRUCTURED,ai_approved,APPROVE,True,luna,stored,analyst_approve_critic_pass,False,APPROVE,True
591813800_1788925102_208218984_1788928180_GBPCAD_27717,591813800,591813800_1788925102_208218984,GBPCAD,1788928180,ASIA,NK,CALL,PREDETERMINED_OUTCOME,mql_sweep_already_consumed_all_candidates,REQUIRED_NEW_DECISION,prior_decision_approved_never_reused,,591813800_1788925102_208218984_1788927574_GBPCAD_8859,10.1,0.0,FULL_STRUCTURED,ai_approved,APPROVE,True,luna,stored,analyst_approve_critic_pass,False,APPROVE,True
591813800_1788925102_208218984_1788928793_GBPCAD_388,591813800,591813800_1788925102_208218984,GBPCAD,1788928793,ASIA,NK,CALL,PREDETERMINED_OUTCOME,mql_sweep_already_consumed_all_candidates,REQUIRED_NEW_DECISION,prior_decision_approved_never_reused,,591813800_1788925102_208218984_1788928180_GBPCAD_27717,10.216666666666667,0.0,FULL_STRUCTURED,ai_approved,APPROVE,True,luna,stored,analyst_approve_critic_pass,False,APPROVE,True
591813800_1788925102_208218984_1788929402_GBPCAD_6820,591813800,591813800_1788925102_208218984,GBPCAD,1788929401,ASIA,NK,CALL,REQUIRED_NEW_DECISION,prior_decision_approved_never_reused,REQUIRED_NEW_DECISION,prior_decision_approved_never_reused,,591813800_1788925102_208218984_1788928793_GBPCAD_388,10.133333333333333,0.0,FULL_STRUCTURED,ai_abstained,ABSTAIN,False,luna,stored,qualitative_dispute_unresolved,True,ABSTAIN,False
591813800_1788925102_208218984_1788930010_GBPCAD_619,591813800,591813800_1788925102_208218984,GBPCAD,1788930010,ASIA,NK,CALL,PREDETERMINED_OUTCOME,mql_sweep_already_consumed_all_candidates,REQUIRED_NEW_DECISION,meaningful_change,new_candidate,591813800_1788925102_208218984_1788929402_GBPCAD_6820,10.15,0.0,FULL_STRUCTURED,ai_approved,APPROVE,True,luna,stored,analyst_approve_critic_pass,False,APPROVE,True
591813800_1788925102_208218984_1788931222_GBPCAD_5377,591813800,591813800_1788925102_208218984,GBPCAD,1788931222,ASIA,NK,CALL,PREDETERMINED_OUTCOME,mql_sweep_already_consumed_all_candidates,REQUIRED_NEW_DECISION,prior_decision_approved_never_reused,,591813800_1788925102_208218984_1788930010_GBPCAD_619,20.2,0.0,FULL_STRUCTURED,ai_approved,APPROVE,True,luna,stored,analyst_approve_critic_pass,False,APPROVE,True
591813800_1788925102_208218984_1788931828_GBPCAD_30475,591813800,591813800_1788925102_208218984,GBPCAD,1788931827,ASIA,NK,CALL,PREDETERMINED_OUTCOME,mql_sweep_already_consumed_all_candidates,REQUIRED_NEW_DECISION,prior_decision_approved_never_reused,,591813800_1788925102_208218984_1788931222_GBPCAD_5377,10.083333333333334,0.0,FULL_STRUCTURED,ai_abstained,ABSTAIN,False,luna,stored,qualitative_dispute_unresolved,True,ABSTAIN,True
591813800_1788925102_208218984_1788933039_GBPCAD_25813,591813800,591813800_1788925102_208218984,GBPCAD,1788933039,ASIA,NK,CALL,PREDETERMINED_OUTCOME,mql_sweep_already_consumed_all_candidates,OTHER_REQUIRED,borderline_prior_requires_fresh_review,,591813800_1788925102_208218984_1788931828_GBPCAD_30475,20.2,0.0,FULL_STRUCTURED,ai_approved,APPROVE,True,luna,stored,analyst_approve_critic_pass,False,APPROVE,True
591813800_1788925102_208218984_1788933644_GBPCAD_13500,591813800,591813800_1788925102_208218984,GBPCAD,1788933644,ASIA,NK,CALL,PREDETERMINED_OUTCOME,mql_sweep_already_consumed_all_candidates,REQUIRED_NEW_DECISION,prior_decision_approved_never_reused,,591813800_1788925102_208218984_1788933039_GBPCAD_25813,10.083333333333334,0.0,FULL_STRUCTURED,ai_abstained,ABSTAIN,False,luna,stored,qualitative_dispute_unresolved,True,ABSTAIN,True
591813800_1788925102_208218984_1788934856_GBPCAD_32298,591813800,591813800_1788925102_208218984,GBPCAD,1788934856,ASIA,NK,CALL,PREDETERMINED_OUTCOME,mql_sweep_already_consumed_all_candidates,OTHER_REQUIRED,borderline_prior_requires_fresh_review,,591813800_1788925102_208218984_1788933644_GBPCAD_13500,20.2,0.0,FULL_STRUCTURED,ai_abstained,ABSTAIN,False,luna,stored,qualitative_dispute_unresolved,True,ABSTAIN,True
591813800_1788925102_208218984_1788936069_GBPCAD_24267,591813800,591813800_1788925102_208218984,GBPCAD,1788936069,ASIA,NK,CALL,PREDETERMINED_OUTCOME,mql_sweep_already_consumed_all_candidates,OTHER_REQUIRED,borderline_prior_requires_fresh_review,,591813800_1788925102_208218984_1788934856_GBPCAD_32298,20.216666666666665,0.0,FULL_STRUCTURED,ai_abstained,ABSTAIN,False,luna,stored,qualitative_dispute_unresolved,True,ABSTAIN,True
591813800_1788925102_208218984_1788937284_GBPCAD_24768,591813800,591813800_1788925102_208218984,GBPCAD,1788937283,ASIA,NK,CALL,PREDETERMINED_OUTCOME,mql_sweep_already_consumed_all_candidates,OTHER_REQUIRED,borderline_prior_requires_fresh_review,,591813800_1788925102_208218984_1788936069_GBPCAD_24267,20.233333333333334,0.0,FULL_STRUCTURED,ai_abstained,ABSTAIN,False,luna,stored,qualitative_dispute_unresolved,True,ABSTAIN,True
591813800_1788925102_208218984_1788938495_GBPCAD_6004,591813800,591813800_1788925102_208218984,GBPCAD,1788938495,ASIA,NK,CALL,PREDETERMINED_OUTCOME,mql_sweep_already_consumed_all_candidates,OTHER_REQUIRED,borderline_prior_requires_fresh_review,,591813800_1788925102_208218984_1788937284_GBPCAD_24768,20.2,0.0,FULL_STRUCTURED,ai_abstained,ABSTAIN,False,luna,stored,qualitative_dispute_unresolved,True,ABSTAIN,True
591813800_1788925102_208218984_1788939709_GBPCAD_22305,591813800,591813800_1788925102_208218984,GBPCAD,1788939708,ASIA,NK,CALL,PREDETERMINED_OUTCOME,mql_sweep_already_consumed_all_candidates,OTHER_REQUIRED,borderline_prior_requires_fresh_review,,591813800_1788925102_208218984_1788938495_GBPCAD_6004,20.216666666666665,0.0,FULL_STRUCTURED,ai_abstained,ABSTAIN,False,luna,stored,qualitative_dispute_unresolved,True,ABSTAIN,True
591813800_1788925102_208218984_1788940923_GBPCAD_31677,591813800,591813800_1788925102_208218984,GBPCAD,1788940922,ASIA,NK,CALL,PREDETERMINED_OUTCOME,mql_sweep_already_consumed_all_candidates,REQUIRED_NEW_DECISION,meaningful_change,candidate_state:target_source+tp_model|price_drift,591813800_1788925102_208218984_1788939709_GBPCAD_22305,20.233333333333334,0.0,FULL_STRUCTURED,ai_approved,APPROVE,True,luna,stored,analyst_approve_critic_pass,False,APPROVE,True
591813800_1788925102_208218984_1788941533_GBPCAD_28344,591813800,591813800_1788925102_208218984,GBPCAD,1788941533,ASIA,NK,CALL,PREDETERMINED_OUTCOME,mql_sweep_already_consumed_all_candidates,REQUIRED_NEW_DECISION,prior_decision_approved_never_reused,,591813800_1788925102_208218984_1788940923_GBPCAD_31677,10.183333333333334,0.0,FULL_STRUCTURED,ai_abstained,ABSTAIN,False,luna,stored,qualitative_dispute_unresolved,True,ABSTAIN,True
591813800_1788925102_208218984_1788942756_GBPCAD_32083,591813800,591813800_1788925102_208218984,GBPCAD,1788942756,ASIA,NK,CALL,PREDETERMINED_OUTCOME,mql_sweep_already_consumed_all_candidates,OTHER_REQUIRED,borderline_prior_requires_fresh_review,,591813800_1788925102_208218984_1788941533_GBPCAD_28344,20.383333333333333,0.0,FULL_STRUCTURED,ai_abstained,ABSTAIN,False,luna,stored,qualitative_dispute_unresolved,True,ABSTAIN,True
591813800_1788925102_208218984_1788943973_GBPCAD_15336,591813800,591813800_1788925102_208218984,GBPCAD,1788943973,ASIA,NK,CALL,PREDETERMINED_OUTCOME,mql_sweep_already_consumed_all_candidates,OTHER_REQUIRED,borderline_prior_requires_fresh_review,,591813800_1788925102_208218984_1788942756_GBPCAD_32083,20.283333333333335,0.0,FULL_STRUCTURED,ai_approved,APPROVE,True,luna,stored,analyst_approve_critic_pass,False,APPROVE,True
591813800_1788925102_208218984_1788944584_GBPCAD_13759,591813800,591813800_1788925102_208218984,GBPCAD,1788944583,ASIA,NK,CALL,PREDETERMINED_OUTCOME,mql_sweep_already_consumed_all_candidates,REQUIRED_NEW_DECISION,prior_decision_approved_never_reused,,591813800_1788925102_208218984_1788943973_GBPCAD_15336,10.166666666666666,0.0,FULL_STRUCTURED,ai_abstained,ABSTAIN,False,luna,stored,qualitative_block_upheld,True,ABSTAIN,True
591813800_1788925102_208218984_1788945803_GBPCAD_23957,591813800,591813800_1788925102_208218984,GBPCAD,1788945802,ASIA,NK,CALL,PREDETERMINED_OUTCOME,mql_sweep_already_consumed_all_candidates,OTHER_REQUIRED,borderline_prior_requires_fresh_review,,591813800_1788925102_208218984_1788944584_GBPCAD_13759,20.316666666666666,0.0,FULL_STRUCTURED,ai_abstained,ABSTAIN,False,luna,stored,analyst_abstain_below_adjudication_floor,False,ABSTAIN,True
591813800_1788925102_208218984_1788947026_GBPCAD_3269,591813800,591813800_1788925102_208218984,GBPCAD,1788947026,ASIA,NK,CALL,PREDETERMINED_OUTCOME,mql_sweep_already_consumed_all_candidates,OTHER_REQUIRED,borderline_prior_requires_fresh_review,,591813800_1788925102_208218984_1788945803_GBPCAD_23957,20.4,0.0,FULL_STRUCTURED,ai_abstained,ABSTAIN,False,luna,stored,qualitative_block_upheld,True,ABSTAIN,True
591813800_1788925102_208218984_1788947640_GBPCAD_26502,591813800,591813800_1788925102_208218984,GBPCAD,1788947640,ASIA,NK,CALL,PREDETERMINED_OUTCOME,mql_sweep_already_consumed_all_candidates,REQUIRED_NEW_DECISION,meaningful_change,new_candidate,591813800_1788925102_208218984_1788947026_GBPCAD_3269,10.233333333333333,0.0,FULL_STRUCTURED,ai_abstained,ABSTAIN,False,luna,stored,qualitative_dispute_unresolved,True,ABSTAIN,True
591813800_1788925102_208218984_1788948255_GBPCAD_31891,591813800,591813800_1788925102_208218984,GBPCAD,1788948255,ASIA,NK,CALL,REQUIRED_NEW_DECISION,meaningful_change,REQUIRED_NEW_DECISION,meaningful_change,request_state:po3.has_follow_through+po3.t_bos+po3.t_disp+po3.t_sweep|new_candidate,591813800_1788925102_208218984_1788947640_GBPCAD_26502,10.25,0.0,FULL_STRUCTURED,ai_abstained,ABSTAIN,False,luna,stored,qualitative_dispute_unresolved,True,ABSTAIN,False
591813800_1788925102_208218984_1788949481_GBPCAD_7410,591813800,591813800_1788925102_208218984,GBPCAD,1788949481,ASIA,NK,CALL,OTHER_REQUIRED,borderline_prior_requires_fresh_review,OTHER_REQUIRED,borderline_prior_requires_fresh_review,,591813800_1788925102_208218984_1788948255_GBPCAD_31891,20.433333333333334,0.0,FULL_STRUCTURED,ai_abstained,ABSTAIN,False,luna,stored,qualitative_dispute_unresolved,True,ABSTAIN,False
591813800_1786999708_97504390_1787003430_GBPCHF_8181,591813800,591813800_1786999708_97504390,GBPCHF,1787003429,OFF,NK,CALL,REQUIRED_NEW_DECISION,no_prior_authoritative_decision,REQUIRED_NEW_DECISION,no_prior_authoritative_decision,,,,0.0,FULL_STRUCTURED,ai_abstained,ABSTAIN,False,luna,stored,qualitative_block_upheld,True,ABSTAIN,
591813800_1786999708_97504390_1787005278_GBPCHF_17617,591813800,591813800_1786999708_97504390,GBPCHF,1787005278,OFF,NK,CALL,SCHEDULED_REVIEW_WITH_MEANINGFUL_CHANGE,meaningful_change,SCHEDULED_REVIEW_WITH_MEANINGFUL_CHANGE,meaningful_change,new_candidate,591813800_1786999708_97504390_1787003430_GBPCHF_8181,30.816666666666666,0.0,FULL_STRUCTURED,ai_rejected,REJECT,False,luna,stored,qualitative_block_upheld,True,REJECT,
591813800_1786999708_97504390_1787006200_GBPCHF_32020,591813800,591813800_1786999708_97504390,GBPCHF,1787006200,OFF,NK,CALL,OTHER_REQUIRED,borderline_prior_requires_fresh_review,OTHER_REQUIRED,borderline_prior_requires_fresh_review,,591813800_1786999708_97504390_1787005278_GBPCHF_17617,15.366666666666667,0.0,FULL_STRUCTURED,ai_abstained,ABSTAIN,False,luna,stored,qualitative_block_upheld,True,ABSTAIN,
591813800_1788495063_34619250_1788496040_GBPCHF_9274,591813800,591813800_1788495063_34619250,GBPCHF,1788496040,ASIA,NK,CALL,SCHEDULED_REVIEW_WITH_MEANINGFUL_CHANGE,meaningful_change,SCHEDULED_REVIEW_WITH_MEANINGFUL_CHANGE,meaningful_change,identity:contract_manifest_hash+decision_input_hash+python.family_profile_version+runtime_input_hash|session_transition|request_state:is_buy+po3.has_follow_through+po3.htf_choch+po3.htf_mss+po3.liquidity_kind+po3.ltf_choch+po3.ltf_mss+po3.structure_type+po3.sweep_side+po3.t_bos+po3.t_disp+po3.t_sweep|new_candidate,591813800_1786999708_97504390_1787006200_GBPCHF_32020,24830.666666666668,0.0,FULL_STRUCTURED,ai_abstained,ABSTAIN,False,luna,stored,qualitative_block_upheld,True,ABSTAIN,
591813800_1788495063_34619250_1788497875_GBPCHF_11295,591813800,591813800_1788495063_34619250,GBPCHF,1788497875,ASIA,NK,CALL,OTHER_REQUIRED,borderline_prior_requires_fresh_review,OTHER_REQUIRED,borderline_prior_requires_fresh_review,,591813800_1788495063_34619250_1788496040_GBPCHF_9274,30.583333333333332,0.0,FULL_STRUCTURED,ai_abstained,ABSTAIN,False,luna,stored,qualitative_block_upheld,True,ABSTAIN,
591813800_1788495063_34619250_1788499704_GBPCHF_28191,591813800,591813800_1788495063_34619250,GBPCHF,1788499703,ASIA,NK,CALL,OTHER_REQUIRED,borderline_prior_requires_fresh_review,OTHER_REQUIRED,borderline_prior_requires_fresh_review,,591813800_1788495063_34619250_1788497875_GBPCHF_11295,30.466666666666665,0.0,FULL_STRUCTURED,ai_abstained,ABSTAIN,False,luna,stored,qualitative_dispute_unresolved,True,ABSTAIN,
591813800_1788495063_34619250_1788501532_GBPCHF_13763,591813800,591813800_1788495063_34619250,GBPCHF,1788501532,ASIA,NK,CALL,OTHER_REQUIRED,borderline_prior_requires_fresh_review,OTHER_REQUIRED,borderline_prior_requires_fresh_review,,591813800_1788495063_34619250_1788499704_GBPCHF_28191,30.483333333333334,0.0,FULL_STRUCTURED,ai_abstained,ABSTAIN,False,luna,stored,qualitative_block_upheld,True,ABSTAIN,
591813800_1788495063_34619250_1788503358_GBPCHF_29362,591813800,591813800_1788495063_34619250,GBPCHF,1788503048,ASIA,NK,CALL,REQUIRED_NEW_DECISION,meaningful_change,REQUIRED_NEW_DECISION,meaningful_change,identity:python.model_id+python.provider_id|new_candidate,591813800_1788495063_34619250_1788501532_GBPCHF_13763,25.266666666666666,0.0,DEGRADED_NON_TRADING,provider_transport_error,REJECT,False,other,non_full_structured_decision,,False,,
591813800_1788495063_34619250_1788505184_GBPCHF_6294,591813800,591813800_1788495063_34619250,GBPCHF,1788503048,ASIA,NK,CALL,REQUIRED_NEW_DECISION,meaningful_change,REQUIRED_NEW_DECISION,meaningful_change,identity:python.model_id+python.provider_id|new_candidate,591813800_1788495063_34619250_1788501532_GBPCHF_13763,25.266666666666666,0.0,DEGRADED_NON_TRADING,provider_transport_error,REJECT,False,other,non_full_structured_decision,,False,,
591813800_1788495063_34619250_1788507010_GBPCHF_30640,591813800,591813800_1788495063_34619250,GBPCHF,1788503048,ASIA,NK,CALL,REQUIRED_NEW_DECISION,meaningful_change,REQUIRED_NEW_DECISION,meaningful_change,identity:python.model_id+python.provider_id|new_candidate,591813800_1788495063_34619250_1788501532_GBPCHF_13763,25.266666666666666,0.0,DEGRADED_NON_TRADING,provider_transport_error,REJECT,False,other,non_full_structured_decision,,False,,
591813800_1788495063_34619250_1788508836_GBPCHF_17257,591813800,591813800_1788495063_34619250,GBPCHF,1788503048,ASIA,NK,CALL,REQUIRED_NEW_DECISION,meaningful_change,REQUIRED_NEW_DECISION,meaningful_change,identity:python.model_id+python.provider_id|new_candidate,591813800_1788495063_34619250_1788501532_GBPCHF_13763,25.266666666666666,0.0,DEGRADED_NON_TRADING,provider_transport_error,REJECT,False,other,non_full_structured_decision,,False,,
591813800_1788495063_34619250_1788510661_GBPCHF_26800,591813800,591813800_1788495063_34619250,GBPCHF,1788503048,ASIA,NK,CALL,REQUIRED_NEW_DECISION,meaningful_change,REQUIRED_NEW_DECISION,meaningful_change,identity:python.model_id+python.provider_id|new_candidate,591813800_1788495063_34619250_1788501532_GBPCHF_13763,25.266666666666666,0.0,DEGRADED_NON_TRADING,provider_transport_error,REJECT,False,other,non_full_structured_decision,,False,,
591813800_1788495063_34619250_1788512485_GBPCHF_28757,591813800,591813800_1788495063_34619250,GBPCHF,1788503048,ASIA,NK,CALL,REQUIRED_NEW_DECISION,meaningful_change,REQUIRED_NEW_DECISION,meaningful_change,identity:python.model_id+python.provider_id|new_candidate,591813800_1788495063_34619250_1788501532_GBPCHF_13763,25.266666666666666,0.0,DEGRADED_NON_TRADING,provider_transport_error,REJECT,False,other,non_full_structured_decision,,False,,
591813800_1788495063_34619250_1788514311_GBPCHF_3509,591813800,591813800_1788495063_34619250,GBPCHF,1788503048,ASIA,NK,CALL,REQUIRED_NEW_DECISION,meaningful_change,REQUIRED_NEW_DECISION,meaningful_change,identity:python.model_id+python.provider_id|new_candidate,591813800_1788495063_34619250_1788501532_GBPCHF_13763,25.266666666666666,0.0,DEGRADED_NON_TRADING,provider_transport_error,REJECT,False,other,non_full_structured_decision,,False,,
591813800_1788495063_34619250_1788516137_GBPCHF_23087,591813800,591813800_1788495063_34619250,GBPCHF,1788503048,ASIA,NK,CALL,REQUIRED_NEW_DECISION,meaningful_change,REQUIRED_NEW_DECISION,meaningful_change,identity:python.model_id+python.provider_id|new_candidate,591813800_1788495063_34619250_1788501532_GBPCHF_13763,25.266666666666666,0.0,DEGRADED_NON_TRADING,provider_transport_error,REJECT,False,other,non_full_structured_decision,,False,,
591813800_1788495063_34619250_1788517962_GBPCHF_28328,591813800,591813800_1788495063_34619250,GBPCHF,1788503048,ASIA,NK,CALL,REQUIRED_NEW_DECISION,meaningful_change,REQUIRED_NEW_DECISION,meaningful_change,identity:python.model_id+python.provider_id|new_candidate,591813800_1788495063_34619250_1788501532_GBPCHF_13763,25.266666666666666,0.0,DEGRADED_NON_TRADING,provider_transport_error,REJECT,False,other,non_full_structured_decision,,False,,
591813800_1788495063_34619250_1788519787_GBPCHF_5608,591813800,591813800_1788495063_34619250,GBPCHF,1788503048,ASIA,NK,CALL,REQUIRED_NEW_DECISION,meaningful_change,REQUIRED_NEW_DECISION,meaningful_change,identity:python.model_id+python.provider_id|new_candidate,591813800_1788495063_34619250_1788501532_GBPCHF_13763,25.266666666666666,0.0,DEGRADED_NON_TRADING,provider_transport_error,REJECT,False,other,non_full_structured_decision,,False,,
591813800_1788495063_34619250_1788521613_GBPCHF_24536,591813800,591813800_1788495063_34619250,GBPCHF,1788503048,ASIA,NK,CALL,REQUIRED_NEW_DECISION,meaningful_change,REQUIRED_NEW_DECISION,meaningful_change,identity:python.model_id+python.provider_id|new_candidate,591813800_1788495063_34619250_1788501532_GBPCHF_13763,25.266666666666666,0.0,DEGRADED_NON_TRADING,provider_transport_error,REJECT,False,other,non_full_structured_decision,,False,,
591813800_1788495063_34619250_1788523439_GBPCHF_7479,591813800,591813800_1788495063_34619250,GBPCHF,1788503048,ASIA,NK,CALL,REQUIRED_NEW_DECISION,meaningful_change,REQUIRED_NEW_DECISION,meaningful_change,identity:python.model_id+python.provider_id|new_candidate,591813800_1788495063_34619250_1788501532_GBPCHF_13763,25.266666666666666,0.0,DEGRADED_NON_TRADING,provider_transport_error,REJECT,False,other,non_full_structured_decision,,False,,
591813800_1788495063_34619250_1788525265_GBPCHF_28806,591813800,591813800_1788495063_34619250,GBPCHF,1788503048,ASIA,NK,CALL,REQUIRED_NEW_DECISION,meaningful_change,REQUIRED_NEW_DECISION,meaningful_change,identity:python.model_id+python.provider_id|new_candidate,591813800_1788495063_34619250_1788501532_GBPCHF_13763,25.266666666666666,0.0,DEGRADED_NON_TRADING,provider_transport_error,REJECT,False,other,non_full_structured_decision,,False,,
591813800_1788495063_34619250_1788526184_GBPCHF_7981,591813800,591813800_1788495063_34619250,GBPCHF,1788526182,ASIA,K,CALL,SCHEDULED_REVIEW_WITH_MEANINGFUL_CHANGE,meaningful_change,SCHEDULED_REVIEW_WITH_MEANINGFUL_CHANGE,meaningful_change,killzone_transition,591813800_1788495063_34619250_1788501532_GBPCHF_13763,410.8333333333333,0.0,FULL_STRUCTURED,ai_abstained,ABSTAIN,False,luna,stored,qualitative_block_upheld,True,ABSTAIN,
591813800_1788495063_34619250_1788528020_GBPCHF_32704,591813800,591813800_1788495063_34619250,GBPCHF,1788528020,LON,NK,CALL,SCHEDULED_REVIEW_WITH_MEANINGFUL_CHANGE,meaningful_change,SCHEDULED_REVIEW_WITH_MEANINGFUL_CHANGE,meaningful_change,session_transition|killzone_transition|request_state:is_buy+po3.htf_choch+po3.htf_mss+po3.liquidity_kind+po3.ltf_choch+po3.ltf_mss+po3.structure_type+po3.sweep_side+po3.t_bos+po3.t_disp+po3.t_sweep|new_candidate,591813800_1788495063_34619250_1788526184_GBPCHF_7981,30.633333333333333,0.0,FULL_STRUCTURED,ai_abstained,ABSTAIN,False,luna,stored,qualitative_block_upheld,True,ABSTAIN,
591813800_1788495063_34619250_1788528935_GBPCHF_23611,591813800,591813800_1788495063_34619250,GBPCHF,1788528934,LON,NK,CALL,SCHEDULED_REVIEW_WITH_MEANINGFUL_CHANGE,meaningful_change,SCHEDULED_REVIEW_WITH_MEANINGFUL_CHANGE,meaningful_change,candidate_state:fvg_execution_class+fvg_mitigation_state+fvg_touched,591813800_1788495063_34619250_1788528020_GBPCHF_32704,15.233333333333333,0.0,FULL_STRUCTURED,ai_abstained,ABSTAIN,False,luna,stored,qualitative_block_upheld,True,ABSTAIN,
591813800_1788495063_34619250_1788531692_GBPCHF_26021,591813800,591813800_1788495063_34619250,GBPCHF,1788531692,LON,NK,CALL,OTHER_REQUIRED,borderline_prior_requires_fresh_review,OTHER_REQUIRED,borderline_prior_requires_fresh_review,,591813800_1788495063_34619250_1788528935_GBPCHF_23611,45.96666666666667,0.0,DEGRADED_NON_TRADING,final_response_contract_invalid,REJECT,False,luna,non_full_structured_decision,panel_shortcircuit_analyst_cannot_approve_and_expectancy_below_gate_margin,False,REJECT,
591813800_1788495063_34619250_1788533536_GBPCHF_24990,591813800,591813800_1788495063_34619250,GBPCHF,1788533417,LON,NK,CALL,SCHEDULED_REVIEW_WITH_MEANINGFUL_CHANGE,meaningful_change,SCHEDULED_REVIEW_WITH_MEANINGFUL_CHANGE,meaningful_change,identity:python.model_id+python.provider_id|new_candidate,591813800_1788495063_34619250_1788528935_GBPCHF_23611,74.71666666666667,0.0,DEGRADED_NON_TRADING,local_pipeline_error,REJECT,False,other,non_full_structured_decision,,False,,
591813800_1788767771_50878171_1788767799_GBPCHF_2955,591813800,591813800_1788767771_50878171,GBPCHF,1788767798,ASIA,NK,CALL,UNKNOWN,no_archived_decision,SCHEDULED_REVIEW_WITH_MEANINGFUL_CHANGE,meaningful_change,identity:decision_input_hash+python.model_id+python.provider_id+runtime_input_hash|session_transition|request_state:po3.liquidity_kind|new_candidate,591813800_1788495063_34619250_1788528935_GBPCHF_23611,3981.0666666666666,0.0,,,,False,unknown,,,False,,
591813800_1788767828_50935000_1788768766_GBPCHF_18134,591813800,591813800_1788767828_50935000,GBPCHF,1788768765,ASIA,NK,CALL,SCHEDULED_REVIEW_WITH_MEANINGFUL_CHANGE,meaningful_change,SCHEDULED_REVIEW_WITH_MEANINGFUL_CHANGE,meaningful_change,identity:decision_input_hash+python.model_id+python.provider_id+runtime_input_hash|session_transition|request_state:po3.liquidity_kind|new_candidate,591813800_1788495063_34619250_1788528935_GBPCHF_23611,3997.1833333333334,0.0,DEGRADED_NON_TRADING,provider_deadline_exceeded,REJECT,False,other,non_full_structured_decision,,False,,
591813800_1788767828_50935000_1788772406_GBPCHF_12336,591813800,591813800_1788767828_50935000,GBPCHF,1788772405,ASIA,NK,CALL,SCHEDULED_REVIEW_WITH_MEANINGFUL_CHANGE,meaningful_change,SCHEDULED_REVIEW_WITH_MEANINGFUL_CHANGE,meaningful_change,identity:decision_input_hash+python.model_id+python.provider_id+runtime_input_hash|session_transition|request_state:po3.liquidity_kind|new_candidate,591813800_1788495063_34619250_1788528935_GBPCHF_23611,4057.85,0.0,FULL_STRUCTURED,ai_abstained,ABSTAIN,False,other,stored,analyst_abstain_below_adjudication_floor,False,ABSTAIN,
591813800_1788767828_50935000_1788775132_GBPCHF_19902,591813800,591813800_1788767828_50935000,GBPCHF,1788775131,ASIA,NK,CALL,SCHEDULED_REVIEW_WITH_MEANINGFUL_CHANGE,meaningful_change,SCHEDULED_REVIEW_WITH_MEANINGFUL_CHANGE,meaningful_change,identity:python.model_id+python.provider_id|new_candidate,591813800_1788767828_50935000_1788772406_GBPCHF_12336,45.43333333333333,0.0,DEGRADED_NON_TRADING,provider_deadline_exceeded,REJECT,False,other,non_full_structured_decision,,False,,
591813800_1788767828_50935000_1788777858_GBPCHF_27814,591813800,591813800_1788767828_50935000,GBPCHF,1788777858,ASIA,NK,CALL,SCHEDULED_REVIEW_WITH_MEANINGFUL_CHANGE,meaningful_change,SCHEDULED_REVIEW_WITH_MEANINGFUL_CHANGE,meaningful_change,identity:python.model_id+python.provider_id|new_candidate,591813800_1788767828_50935000_1788772406_GBPCHF_12336,90.88333333333334,0.0,DEGRADED_NON_TRADING,provider_deadline_exceeded,REJECT,False,other,non_full_structured_decision,,False,,
591813800_1788767828_50935000_1788780586_GBPCHF_15681,591813800,591813800_1788767828_50935000,GBPCHF,1788780586,ASIA,NK,CALL,SCHEDULED_REVIEW_WITH_MEANINGFUL_CHANGE,meaningful_change,SCHEDULED_REVIEW_WITH_MEANINGFUL_CHANGE,meaningful_change,identity:python.model_id+python.provider_id|new_candidate,591813800_1788767828_50935000_1788772406_GBPCHF_12336,136.35,0.0,DEGRADED_NON_TRADING,structured_response_invalid,REJECT,False,other,non_full_structured_decision,,False,,
591813800_1788798902_82010906_1788798915_GBPCHF_21879,591813800,591813800_1788798902_82010906,GBPCHF,1788798915,LON,NK,CALL,SCHEDULED_REVIEW_WITH_MEANINGFUL_CHANGE,meaningful_change,SCHEDULED_REVIEW_WITH_MEANINGFUL_CHANGE,meaningful_change,identity:python.model_id+python.provider_id|session_transition,591813800_1788767828_50935000_1788772406_GBPCHF_12336,441.8333333333333,0.0,FULL_STRUCTURED,ai_abstained,ABSTAIN,False,luna,stored,qualitative_block_upheld,True,ABSTAIN,
591813800_1788798902_82010906_1788799823_GBPCHF_16869,591813800,591813800_1788798902_82010906,GBPCHF,1788799823,LON,NK,CALL,OTHER_REQUIRED,borderline_prior_requires_fresh_review,OTHER_REQUIRED,borderline_prior_requires_fresh_review,,591813800_1788798902_82010906_1788798915_GBPCHF_21879,15.133333333333333,0.0,FULL_STRUCTURED,ai_rejected,REJECT,False,luna,stored,analyst_reject,False,REJECT,
591813800_1788798902_82010906_1788800729_GBPCHF_14052,591813800,591813800_1788798902_82010906,GBPCHF,1788800729,LON,NK,CALL,SCHEDULED_REVIEW_WITH_MEANINGFUL_CHANGE,meaningful_change,SCHEDULED_REVIEW_WITH_MEANINGFUL_CHANGE,meaningful_change,identity:python.model_id+python.provider_id|new_candidate,591813800_1788798902_82010906_1788799823_GBPCHF_16869,15.1,0.0,DEGRADED_NON_TRADING,provider_transport_error,REJECT,False,other,non_full_structured_decision,,False,,
591813800_1788798902_82010906_1788802543_GBPCHF_1112,591813800,591813800_1788798902_82010906,GBPCHF,1788802543,LON,NK,CALL,SCHEDULED_REVIEW_WITH_MEANINGFUL_CHANGE,meaningful_change,SCHEDULED_REVIEW_WITH_MEANINGFUL_CHANGE,meaningful_change,identity:python.model_id+python.provider_id|new_candidate,591813800_1788798902_82010906_1788799823_GBPCHF_16869,45.333333333333336,0.0,DEGRADED_NON_TRADING,provider_transport_error,REJECT,False,other,non_full_structured_decision,,False,,
591813800_1788798902_82010906_1788804354_GBPCHF_3711,591813800,591813800_1788798902_82010906,GBPCHF,1788804354,LON,NK,CALL,OTHER_REQUIRED,borderline_prior_requires_fresh_review,OTHER_REQUIRED,borderline_prior_requires_fresh_review,,591813800_1788798902_82010906_1788799823_GBPCHF_16869,75.51666666666667,0.0,FULL_STRUCTURED,ai_abstained,ABSTAIN,False,luna,stored,qualitative_block_upheld,True,ABSTAIN,
591813800_1788798902_82010906_1788806166_GBPCHF_2190,591813800,591813800_1788798902_82010906,GBPCHF,1788806166,LON,NK,CALL,REQUIRED_NEW_DECISION,prior_decision_approved_never_reused,REQUIRED_NEW_DECISION,prior_decision_approved_never_reused,,591813800_1788798902_82010906_1788804354_GBPCHF_3711,30.2,0.0,FULL_STRUCTURED,ai_abstained,ABSTAIN,False,luna,stored,qualitative_block_upheld,True,ABSTAIN,
591813800_1788798902_82010906_1788807977_GBPCHF_18331,591813800,591813800_1788798902_82010906,GBPCHF,1788807977,OFF,NK,CALL,SCHEDULED_REVIEW_WITH_MEANINGFUL_CHANGE,meaningful_change,SCHEDULED_REVIEW_WITH_MEANINGFUL_CHANGE,meaningful_change,identity:python.model_id+python.provider_id|session_transition|new_candidate,591813800_1788798902_82010906_1788806166_GBPCHF_2190,30.183333333333334,0.0,DEGRADED_NON_TRADING,provider_transport_error,REJECT,False,other,non_full_structured_decision,,False,,
591813800_1788798902_82010906_1788808882_GBPCHF_30316,591813800,591813800_1788798902_82010906,GBPCHF,1788808882,OFF,NK,CALL,SCHEDULED_REVIEW_WITH_MEANINGFUL_CHANGE,meaningful_change,SCHEDULED_REVIEW_WITH_MEANINGFUL_CHANGE,meaningful_change,session_transition,591813800_1788798902_82010906_1788806166_GBPCHF_2190,45.266666666666666,0.0,FULL_STRUCTURED,ai_abstained,ABSTAIN,False,luna,stored,qualitative_block_upheld,True,ABSTAIN,
591813800_1788798902_82010906_1788813411_GBPCHF_26304,591813800,591813800_1788798902_82010906,GBPCHF,1788813410,OFF,NK,CALL,OTHER_REQUIRED,borderline_prior_requires_fresh_review,OTHER_REQUIRED,borderline_prior_requires_fresh_review,,591813800_1788798902_82010906_1788808882_GBPCHF_30316,75.46666666666667,0.0,FULL_STRUCTURED,ai_abstained,ABSTAIN,False,luna,stored,qualitative_dispute_unresolved,True,ABSTAIN,
591813800_1788817575_100685484_1788817593_GBPCHF_10388,591813800,591813800_1788817575_100685484,GBPCHF,1788817592,OFF,NK,CALL,OTHER_REQUIRED,borderline_prior_requires_fresh_review,OTHER_REQUIRED,borderline_prior_requires_fresh_review,,591813800_1788798902_82010906_1788813411_GBPCHF_26304,69.7,0.0,FULL_STRUCTURED,ai_abstained,ABSTAIN,False,luna,stored,qualitative_dispute_unresolved,True,ABSTAIN,
591813800_1788817590_100700078_1788817598_GBPCHF_2416,591813800,591813800_1788817590_100700078,GBPCHF,1788817597,OFF,NK,CALL,OTHER_REQUIRED,borderline_prior_requires_fresh_review,OTHER_REQUIRED,borderline_prior_requires_fresh_review,,591813800_1788817575_100685484_1788817593_GBPCHF_10388,0.08333333333333333,0.0,FULL_STRUCTURED,ai_abstained,ABSTAIN,False,luna,stored,qualitative_block_upheld,True,ABSTAIN,
591813800_1788817590_100700078_1788818504_GBPCHF_12655,591813800,591813800_1788817590_100700078,GBPCHF,1788818503,OFF,NK,CALL,OTHER_REQUIRED,borderline_prior_requires_fresh_review,OTHER_REQUIRED,borderline_prior_requires_fresh_review,,591813800_1788817590_100700078_1788817598_GBPCHF_2416,15.1,0.0,FULL_STRUCTURED,ai_abstained,ABSTAIN,False,luna,stored,qualitative_block_upheld,True,ABSTAIN,
591813800_1788817575_100685484_1788819406_GBPCHF_25518,591813800,591813800_1788817575_100685484,GBPCHF,1788819405,OFF,NK,CALL,OTHER_REQUIRED,borderline_prior_requires_fresh_review,OTHER_REQUIRED,borderline_prior_requires_fresh_review,,591813800_1788817590_100700078_1788818504_GBPCHF_12655,15.033333333333333,0.0,FULL_STRUCTURED,ai_abstained,ABSTAIN,False,luna,stored,qualitative_dispute_unresolved,True,ABSTAIN,
591813800_1788817590_100700078_1788820315_GBPCHF_32169,591813800,591813800_1788817590_100700078,GBPCHF,1788820314,OFF,NK,CALL,OTHER_REQUIRED,borderline_prior_requires_fresh_review,OTHER_REQUIRED,borderline_prior_requires_fresh_review,,591813800_1788817575_100685484_1788819406_GBPCHF_25518,15.15,0.0,FULL_STRUCTURED,ai_abstained,ABSTAIN,False,luna,stored,qualitative_dispute_unresolved,True,ABSTAIN,
591813800_1788817575_100685484_1788821217_GBPCHF_18572,591813800,591813800_1788817575_100685484,GBPCHF,1788821216,OFF,NK,CALL,OTHER_REQUIRED,borderline_prior_requires_fresh_review,OTHER_REQUIRED,borderline_prior_requires_fresh_review,,591813800_1788817590_100700078_1788820315_GBPCHF_32169,15.033333333333333,0.0,FULL_STRUCTURED,ai_abstained,ABSTAIN,False,luna,stored,qualitative_dispute_unresolved,True,ABSTAIN,
591813800_1788817590_100700078_1788821221_GBPCHF_11241,591813800,591813800_1788817590_100700078,GBPCHF,1788821220,OFF,NK,CALL,OTHER_REQUIRED,borderline_prior_requires_fresh_review,OTHER_REQUIRED,borderline_prior_requires_fresh_review,,591813800_1788817575_100685484_1788821217_GBPCHF_18572,0.06666666666666667,0.0,FULL_STRUCTURED,ai_rejected,REJECT,False,luna,stored,analyst_reject,False,REJECT,
591813800_1788817575_100685484_1788822122_GBPCHF_2912,591813800,591813800_1788817575_100685484,GBPCHF,1788822122,NY,K,CALL,SCHEDULED_REVIEW_WITH_MEANINGFUL_CHANGE,meaningful_change,SCHEDULED_REVIEW_WITH_MEANINGFUL_CHANGE,meaningful_change,session_transition|killzone_transition,591813800_1788817590_100700078_1788821221_GBPCHF_11241,15.033333333333333,0.0,FULL_STRUCTURED,ai_abstained,ABSTAIN,False,luna,stored,qualitative_block_upheld,True,ABSTAIN,
591813800_1788817590_100700078_1788822127_GBPCHF_21960,591813800,591813800_1788817590_100700078,GBPCHF,1788822126,NY,K,CALL,REQUIRED_NEW_DECISION,prior_decision_approved_never_reused,REQUIRED_NEW_DECISION,prior_decision_approved_never_reused,,591813800_1788817575_100685484_1788822122_GBPCHF_2912,0.06666666666666667,0.0,FULL_STRUCTURED,ai_abstained,ABSTAIN,False,luna,stored,qualitative_dispute_unresolved,True,ABSTAIN,
591813800_1788540249_79807218_1788542123_GBPJPY_18164,591813800,591813800_1788540249_79807218,GBPJPY,1788542123,LON,NK,CALL,REQUIRED_NEW_DECISION,no_prior_authoritative_decision,REQUIRED_NEW_DECISION,no_prior_authoritative_decision,,,,0.0,FULL_STRUCTURED,ai_abstained,ABSTAIN,False,luna,stored,qualitative_dispute_unresolved,True,ABSTAIN,
591813800_1788540249_79807218_1788543958_GBPJPY_2263,591813800,591813800_1788540249_79807218,GBPJPY,1788542773,LON,NK,REUSE,UNCHANGED_STATE,unchanged_decisive_non_approval_within_ttl,UNCHANGED_STATE,unchanged_decisive_non_approval_within_ttl,,591813800_1788540249_79807218_1788542123_GBPJPY_18164,10.833333333333334,15.0,FULL_STRUCTURED,ai_abstained,ABSTAIN,False,luna,,analyst_abstain_below_adjudication_floor,False,ABSTAIN,
591813800_1788925102_208218984_1788925758_GBPJPY_4829,591813800,591813800_1788925102_208218984,GBPJPY,1788925757,ASIA,NK,CALL,SCHEDULED_REVIEW_WITH_MEANINGFUL_CHANGE,meaningful_change,SCHEDULED_REVIEW_WITH_MEANINGFUL_CHANGE,meaningful_change,identity:contract_manifest_hash+decision_input_hash+python.family_profile_version+python.model_id+python.provider_id+runtime_input_hash|session_transition|request_state:po3.context_tier+po3.has_bos+po3.has_sweep+po3.htf_bos+po3.liquidity_kind+po3.ltf_bos+po3.ltf_choch+po3.ltf_mss+po3.po3_state+po3.structure_type+po3.sweep_side+po3.t_bos+po3.t_disp+po3.t_sweep|new_candidate,591813800_1788540249_79807218_1788542123_GBPJPY_18164,6393.9,0.0,FULL_STRUCTURED,ai_abstained,ABSTAIN,False,luna,stored,qualitative_dispute_unresolved,True,ABSTAIN,
591813800_1788925102_208218984_1788926968_GBPJPY_15407,591813800,591813800_1788925102_208218984,GBPJPY,1788926968,ASIA,NK,CALL,OTHER_REQUIRED,borderline_prior_requires_fresh_review,OTHER_REQUIRED,borderline_prior_requires_fresh_review,,591813800_1788925102_208218984_1788925758_GBPJPY_4829,20.183333333333334,0.0,FULL_STRUCTURED,ai_abstained,ABSTAIN,False,luna,stored,qualitative_dispute_unresolved,True,ABSTAIN,
591813800_1788925102_208218984_1788928180_GBPJPY_17353,591813800,591813800_1788925102_208218984,GBPJPY,1788928180,ASIA,NK,CALL,OTHER_REQUIRED,borderline_prior_requires_fresh_review,OTHER_REQUIRED,borderline_prior_requires_fresh_review,,591813800_1788925102_208218984_1788926968_GBPJPY_15407,20.2,0.0,FULL_STRUCTURED,ai_abstained,ABSTAIN,False,luna,stored,analyst_abstain_below_adjudication_floor,False,ABSTAIN,
591813800_1788925102_208218984_1788929402_GBPJPY_16227,591813800,591813800_1788925102_208218984,GBPJPY,1788929402,ASIA,NK,CALL,OTHER_REQUIRED,borderline_prior_requires_fresh_review,OTHER_REQUIRED,borderline_prior_requires_fresh_review,,591813800_1788925102_208218984_1788928180_GBPJPY_17353,20.366666666666667,0.0,FULL_STRUCTURED,ai_abstained,ABSTAIN,False,luna,stored,qualitative_dispute_unresolved,True,ABSTAIN,
591813800_1788925102_208218984_1788930616_GBPJPY_25376,591813800,591813800_1788925102_208218984,GBPJPY,1788930616,ASIA,NK,CALL,OTHER_REQUIRED,borderline_prior_requires_fresh_review,OTHER_REQUIRED,borderline_prior_requires_fresh_review,,591813800_1788925102_208218984_1788929402_GBPJPY_16227,20.233333333333334,0.0,FULL_STRUCTURED,ai_abstained,ABSTAIN,False,luna,stored,qualitative_block_upheld,True,ABSTAIN,
591813800_1788925102_208218984_1788931828_GBPJPY_10330,591813800,591813800_1788925102_208218984,GBPJPY,1788931827,ASIA,NK,CALL,OTHER_REQUIRED,borderline_prior_requires_fresh_review,OTHER_REQUIRED,borderline_prior_requires_fresh_review,,591813800_1788925102_208218984_1788930616_GBPJPY_25376,20.183333333333334,0.0,FULL_STRUCTURED,ai_abstained,ABSTAIN,False,luna,stored,qualitative_dispute_unresolved,True,ABSTAIN,
591813800_1788925102_208218984_1788933039_GBPJPY_23883,591813800,591813800_1788925102_208218984,GBPJPY,1788933039,ASIA,NK,CALL,OTHER_REQUIRED,borderline_prior_requires_fresh_review,OTHER_REQUIRED,borderline_prior_requires_fresh_review,,591813800_1788925102_208218984_1788931828_GBPJPY_10330,20.2,0.0,FULL_STRUCTURED,ai_abstained,ABSTAIN,False,luna,stored,qualitative_dispute_unresolved,True,ABSTAIN,
591813800_1788925102_208218984_1788934248_GBPJPY_17144,591813800,591813800_1788925102_208218984,GBPJPY,1788934247,ASIA,NK,CALL,OTHER_REQUIRED,borderline_prior_requires_fresh_review,OTHER_REQUIRED,borderline_prior_requires_fresh_review,,591813800_1788925102_208218984_1788933039_GBPJPY_23883,20.133333333333333,0.0,FULL_STRUCTURED,ai_rejected,REJECT,False,luna,stored,analyst_reject,False,REJECT,
591813800_1788925102_208218984_1788935465_GBPJPY_2201,591813800,591813800_1788925102_208218984,GBPJPY,1788935464,ASIA,NK,CALL,OTHER_REQUIRED,borderline_prior_requires_fresh_review,OTHER_REQUIRED,borderline_prior_requires_fresh_review,,591813800_1788925102_208218984_1788934248_GBPJPY_17144,20.283333333333335,0.0,FULL_STRUCTURED,ai_abstained,ABSTAIN,False,luna,stored,analyst_abstain_below_adjudication_floor,False,ABSTAIN,
591813800_1788925102_208218984_1788936674_GBPJPY_16408,591813800,591813800_1788925102_208218984,GBPJPY,1788936674,ASIA,NK,CALL,OTHER_REQUIRED,borderline_prior_requires_fresh_review,OTHER_REQUIRED,borderline_prior_requires_fresh_review,,591813800_1788925102_208218984_1788935465_GBPJPY_2201,20.166666666666668,0.0,FULL_STRUCTURED,ai_abstained,ABSTAIN,False,luna,stored,qualitative_dispute_unresolved,True,ABSTAIN,
591813800_1788925102_208218984_1788937889_GBPJPY_29626,591813800,591813800_1788925102_208218984,GBPJPY,1788937889,ASIA,NK,CALL,OTHER_REQUIRED,borderline_prior_requires_fresh_review,OTHER_REQUIRED,borderline_prior_requires_fresh_review,,591813800_1788925102_208218984_1788936674_GBPJPY_16408,20.25,0.0,FULL_STRUCTURED,ai_rejected,REJECT,False,luna,stored,analyst_reject,False,REJECT,
591813800_1788925102_208218984_1788939105_GBPJPY_28651,591813800,591813800_1788925102_208218984,GBPJPY,1788939105,ASIA,NK,CALL,REQUIRED_NEW_DECISION,meaningful_change,REQUIRED_NEW_DECISION,meaningful_change,new_candidate,591813800_1788925102_208218984_1788937889_GBPJPY_29626,20.266666666666666,0.0,FULL_STRUCTURED,ai_abstained,ABSTAIN,False,luna,stored,qualitative_block_upheld,True,ABSTAIN,
591813800_1788925102_208218984_1788941533_GBPJPY_20829,591813800,591813800_1788925102_208218984,GBPJPY,1788941533,ASIA,NK,CALL,OTHER_REQUIRED,decisive_prior_ttl_expired,OTHER_REQUIRED,decisive_prior_ttl_expired,,591813800_1788925102_208218984_1788939105_GBPJPY_28651,40.46666666666667,30.0,FULL_STRUCTURED,ai_rejected,REJECT,False,luna,stored,analyst_reject,False,REJECT,
591813800_1788925102_208218984_1788942144_GBPJPY_14981,591813800,591813800_1788925102_208218984,GBPJPY,1788942143,ASIA,NK,CALL,OTHER_REQUIRED,borderline_prior_requires_fresh_review,OTHER_REQUIRED,borderline_prior_requires_fresh_review,,591813800_1788925102_208218984_1788941533_GBPJPY_20829,10.166666666666666,0.0,FULL_STRUCTURED,ai_abstained,ABSTAIN,False,luna,stored,qualitative_dispute_unresolved,True,ABSTAIN,
591813800_1788925102_208218984_1788942756_GBPJPY_5832,591813800,591813800_1788925102_208218984,GBPJPY,1788942756,ASIA,NK,CALL,OTHER_REQUIRED,borderline_prior_requires_fresh_review,OTHER_REQUIRED,borderline_prior_requires_fresh_review,,591813800_1788925102_208218984_1788942144_GBPJPY_14981,10.216666666666667,0.0,FULL_STRUCTURED,ai_abstained,ABSTAIN,False,luna,stored,qualitative_dispute_unresolved,True,ABSTAIN,
591813800_1788925102_208218984_1788943973_GBPJPY_16693,591813800,591813800_1788925102_208218984,GBPJPY,1788943973,ASIA,NK,CALL,OTHER_REQUIRED,borderline_prior_requires_fresh_review,OTHER_REQUIRED,borderline_prior_requires_fresh_review,,591813800_1788925102_208218984_1788942756_GBPJPY_5832,20.283333333333335,0.0,FULL_STRUCTURED,ai_rejected,REJECT,False,luna,stored,analyst_reject,False,REJECT,
591813800_1788925102_208218984_1788946415_GBPJPY_14743,591813800,591813800_1788925102_208218984,GBPJPY,1788946415,ASIA,NK,CALL,OTHER_REQUIRED,decisive_prior_ttl_expired,OTHER_REQUIRED,decisive_prior_ttl_expired,,591813800_1788925102_208218984_1788943973_GBPJPY_16693,40.7,30.0,FULL_STRUCTURED,ai_rejected,REJECT,False,luna,stored,analyst_reject,False,REJECT,
591813800_1788925102_208218984_1788947641_GBPJPY_17754,591813800,591813800_1788925102_208218984,GBPJPY,1788947640,ASIA,NK,REUSE,UNCHANGED_STATE,unchanged_decisive_non_approval_within_ttl,UNCHANGED_STATE,unchanged_decisive_non_approval_within_ttl,,591813800_1788925102_208218984_1788946415_GBPJPY_14743,20.416666666666668,30.0,FULL_STRUCTURED,ai_abstained,ABSTAIN,False,luna,,qualitative_dispute_unresolved,True,ABSTAIN,
591813800_1788925102_208218984_1788948865_GBPJPY_18713,591813800,591813800_1788925102_208218984,GBPJPY,1788948865,ASIA,NK,CALL,OTHER_REQUIRED,decisive_prior_ttl_expired,OTHER_REQUIRED,decisive_prior_ttl_expired,,591813800_1788925102_208218984_1788946415_GBPJPY_14743,40.833333333333336,30.0,FULL_STRUCTURED,ai_abstained,ABSTAIN,False,luna,stored,analyst_abstain_below_adjudication_floor,False,ABSTAIN,
591813800_1788925102_208218984_1788950097_GBPJPY_32534,591813800,591813800_1788925102_208218984,GBPJPY,1788950097,ASIA,NK,CALL,OTHER_REQUIRED,borderline_prior_requires_fresh_review,OTHER_REQUIRED,borderline_prior_requires_fresh_review,,591813800_1788925102_208218984_1788948865_GBPJPY_18713,20.533333333333335,0.0,FULL_STRUCTURED,ai_rejected,REJECT,False,luna,stored,analyst_reject,False,REJECT,
591813800_1788925102_208218984_1788951325_GBPJPY_1233,591813800,591813800_1788925102_208218984,GBPJPY,1788951324,ASIA,NK,CALL,OTHER_REQUIRED,borderline_prior_requires_fresh_review,OTHER_REQUIRED,borderline_prior_requires_fresh_review,,591813800_1788925102_208218984_1788950097_GBPJPY_32534,20.45,0.0,FULL_STRUCTURED,ai_abstained,ABSTAIN,False,luna,stored,qualitative_dispute_unresolved,True,ABSTAIN,
591813800_1788925102_208218984_1788951947_GBPJPY_1200,591813800,591813800_1788925102_208218984,GBPJPY,1788951947,ASIA,NK,CALL,OTHER_REQUIRED,borderline_prior_requires_fresh_review,OTHER_REQUIRED,borderline_prior_requires_fresh_review,,591813800_1788925102_208218984_1788951325_GBPJPY_1233,10.383333333333333,0.0,FULL_STRUCTURED,ai_abstained,ABSTAIN,False,luna,stored,qualitative_dispute_unresolved,True,ABSTAIN,
591813800_1786509126_394060796_1786509210_GBPNZD_26046,591813800,591813800_1786509126_394060796,GBPNZD,1786509210,ASIA,NK,CALL,REQUIRED_NEW_DECISION,no_prior_authoritative_decision,REQUIRED_NEW_DECISION,no_prior_authoritative_decision,,,,0.0,FULL_STRUCTURED,ai_abstained,ABSTAIN,False,other,stored,qualitative_dispute_unresolved,True,ABSTAIN,
591813800_1786509126_394060796_1786509841_GBPNZD_10560,591813800,591813800_1786509126_394060796,GBPNZD,1786509841,ASIA,NK,REUSE,UNCHANGED_STATE,unchanged_decisive_non_approval_within_ttl,UNCHANGED_STATE,unchanged_decisive_non_approval_within_ttl,,591813800_1786509126_394060796_1786509210_GBPNZD_26046,10.516666666666667,30.0,FULL_STRUCTURED,ai_abstained,ABSTAIN,False,other,,qualitative_dispute_unresolved,True,ABSTAIN,
591813800_1786509126_394060796_1786510154_GBPNZD_21307,591813800,591813800_1786509126_394060796,GBPNZD,1786510153,ASIA,NK,CALL,REQUIRED_NEW_DECISION,meaningful_change,REQUIRED_NEW_DECISION,meaningful_change,new_candidate,591813800_1786509126_394060796_1786509210_GBPNZD_26046,15.716666666666667,0.0,FULL_STRUCTURED,ai_abstained,ABSTAIN,False,other,stored,qualitative_dispute_unresolved,True,ABSTAIN,
591813800_1786509126_394060796_1786510782_GBPNZD_13183,591813800,591813800_1786509126_394060796,GBPNZD,1786510781,ASIA,NK,CALL,REQUIRED_NEW_DECISION,meaningful_change,REQUIRED_NEW_DECISION,meaningful_change,new_candidate,591813800_1786509126_394060796_1786510154_GBPNZD_21307,10.466666666666667,0.0,FULL_STRUCTURED,ai_abstained,ABSTAIN,False,other,stored,analyst_approve_critic_pass,False,ABSTAIN,
591813800_1786509126_394060796_1786511094_GBPNZD_11434,591813800,591813800_1786509126_394060796,GBPNZD,1786511094,ASIA,NK,CALL,UNKNOWN,no_archived_decision,REQUIRED_NEW_DECISION,meaningful_change,new_candidate,591813800_1786509126_394060796_1786510782_GBPNZD_13183,5.216666666666667,0.0,,,,False,unknown,,,False,,
591813800_1788925102_208218984_1788925149_GBPNZD_28786,591813800,591813800_1788925102_208218984,GBPNZD,1788925149,ASIA,NK,CALL,SCHEDULED_REVIEW_WITH_MEANINGFUL_CHANGE,meaningful_change,SCHEDULED_REVIEW_WITH_MEANINGFUL_CHANGE,meaningful_change,identity:contract_manifest_hash+decision_input_hash+python.family_profile_version+python.model_id+python.provider_id+runtime_input_hash|request_state:is_buy+po3.liquidity_kind+po3.ltf_choch+po3.ltf_mss+po3.sweep_side+po3.t_bos+po3.t_disp+po3.t_sweep|new_candidate,591813800_1786509126_394060796_1786510782_GBPNZD_13183,40239.46666666667,0.0,FULL_STRUCTURED,ai_abstained,ABSTAIN,False,luna,stored,qualitative_dispute_unresolved,True,ABSTAIN,
591813800_1786561284_9977718_1786561706_GBPUSD_27928,591813800,591813800_1786561284_9977718,GBPUSD,1786561706,OFF,NK,CALL,REQUIRED_NEW_DECISION,no_prior_authoritative_decision,REQUIRED_NEW_DECISION,no_prior_authoritative_decision,,,,0.0,FULL_STRUCTURED,ai_abstained,ABSTAIN,False,other,stored,qualitative_dispute_unresolved,True,ABSTAIN,
591813800_1788767771_50878171_1788767799_GBPUSD_22598,591813800,591813800_1788767771_50878171,GBPUSD,1788767798,ASIA,NK,CALL,UNKNOWN,no_archived_decision,SCHEDULED_REVIEW_WITH_MEANINGFUL_CHANGE,meaningful_change,identity:contract_manifest_hash+decision_input_hash+runtime_input_hash|session_transition|request_state:po3.liquidity_kind+po3.ltf_choch+po3.ltf_mss+po3.t_bos+po3.t_disp+po3.t_sweep|new_candidate,591813800_1786561284_9977718_1786561706_GBPUSD_27928,36768.2,0.0,,,,False,unknown,,,False,,
591813800_1788798902_82010906_1788814317_GBPUSD_25242,591813800,591813800_1788798902_82010906,GBPUSD,1788814316,OFF,NK,CALL,SCHEDULED_REVIEW_WITH_MEANINGFUL_CHANGE,meaningful_change,SCHEDULED_REVIEW_WITH_MEANINGFUL_CHANGE,meaningful_change,identity:contract_manifest_hash+decision_input_hash+python.family_profile_version+python.model_id+runtime_input_hash|request_state:po3.liquidity_kind+po3.ltf_choch+po3.ltf_mss+po3.t_bos+po3.t_disp+po3.t_sweep|new_candidate,591813800_1786561284_9977718_1786561706_GBPUSD_27928,37543.5,0.0,FULL_STRUCTURED,ai_abstained,ABSTAIN,False,luna,stored,qualitative_block_upheld,True,ABSTAIN,
591813800_1788798902_82010906_1788816127_GBPUSD_9944,591813800,591813800_1788798902_82010906,GBPUSD,1788816127,OFF,NK,CALL,SCHEDULED_REVIEW_WITH_MEANINGFUL_CHANGE,meaningful_change,SCHEDULED_REVIEW_WITH_MEANINGFUL_CHANGE,meaningful_change,identity:python.model_id+python.provider_id|new_candidate,591813800_1788798902_82010906_1788814317_GBPUSD_25242,30.183333333333334,0.0,DEGRADED_NON_TRADING,provider_transport_error,REJECT,False,other,non_full_structured_decision,,False,,
591813800_1788817575_100685484_1788817593_GBPUSD_21218,591813800,591813800_1788817575_100685484,GBPUSD,1788817592,OFF,NK,CALL,OTHER_REQUIRED,borderline_prior_requires_fresh_review,OTHER_REQUIRED,borderline_prior_requires_fresh_review,,591813800_1788798902_82010906_1788814317_GBPUSD_25242,54.6,0.0,FULL_STRUCTURED,ai_abstained,ABSTAIN,False,luna,stored,qualitative_block_upheld,True,ABSTAIN,
591813800_1788817590_100700078_1788817598_GBPUSD_12287,591813800,591813800_1788817590_100700078,GBPUSD,1788817597,OFF,NK,CALL,OTHER_REQUIRED,borderline_prior_requires_fresh_review,OTHER_REQUIRED,borderline_prior_requires_fresh_review,,591813800_1788817575_100685484_1788817593_GBPUSD_21218,0.08333333333333333,0.0,FULL_STRUCTURED,ai_abstained,ABSTAIN,False,luna,stored,qualitative_block_upheld,True,ABSTAIN,
591813800_1788817575_100685484_1788819406_GBPUSD_12363,591813800,591813800_1788817575_100685484,GBPUSD,1788819405,OFF,NK,CALL,OTHER_REQUIRED,borderline_prior_requires_fresh_review,OTHER_REQUIRED,borderline_prior_requires_fresh_review,,591813800_1788817590_100700078_1788817598_GBPUSD_12287,30.133333333333333,0.0,FULL_STRUCTURED,ai_abstained,ABSTAIN,False,luna,stored,qualitative_block_upheld,True,ABSTAIN,
591813800_1788817590_100700078_1788819410_GBPUSD_28708,591813800,591813800_1788817590_100700078,GBPUSD,1788819409,OFF,NK,CALL,OTHER_REQUIRED,borderline_prior_requires_fresh_review,OTHER_REQUIRED,borderline_prior_requires_fresh_review,,591813800_1788817575_100685484_1788819406_GBPUSD_12363,0.06666666666666667,0.0,FULL_STRUCTURED,ai_abstained,ABSTAIN,False,luna,stored,qualitative_block_upheld,True,ABSTAIN,
591813800_1788817575_100685484_1788821217_GBPUSD_31908,591813800,591813800_1788817575_100685484,GBPUSD,1788821216,OFF,NK,CALL,OTHER_REQUIRED,borderline_prior_requires_fresh_review,OTHER_REQUIRED,borderline_prior_requires_fresh_review,,591813800_1788817590_100700078_1788819410_GBPUSD_28708,30.116666666666667,0.0,FULL_STRUCTURED,ai_abstained,ABSTAIN,False,luna,stored,qualitative_block_upheld,True,ABSTAIN,
591813800_1788817590_100700078_1788821221_GBPUSD_19415,591813800,591813800_1788817590_100700078,GBPUSD,1788821220,OFF,NK,CALL,OTHER_REQUIRED,borderline_prior_requires_fresh_review,OTHER_REQUIRED,borderline_prior_requires_fresh_review,,591813800_1788817575_100685484_1788821217_GBPUSD_31908,0.06666666666666667,0.0,FULL_STRUCTURED,ai_abstained,ABSTAIN,False,luna,stored,qualitative_block_upheld,True,ABSTAIN,
591813800_1788817575_100685484_1788822122_GBPUSD_22977,591813800,591813800_1788817575_100685484,GBPUSD,1788822121,NY,K,CALL,SCHEDULED_REVIEW_WITH_MEANINGFUL_CHANGE,meaningful_change,SCHEDULED_REVIEW_WITH_MEANINGFUL_CHANGE,meaningful_change,session_transition|killzone_transition|new_candidate,591813800_1788817590_100700078_1788821221_GBPUSD_19415,15.016666666666667,0.0,FULL_STRUCTURED,ai_abstained,ABSTAIN,False,luna,stored,qualitative_block_upheld,True,ABSTAIN,
591813800_1788817590_100700078_1788822126_GBPUSD_2814,591813800,591813800_1788817590_100700078,GBPUSD,1788822126,NY,K,CALL,OTHER_REQUIRED,borderline_prior_requires_fresh_review,OTHER_REQUIRED,borderline_prior_requires_fresh_review,,591813800_1788817575_100685484_1788822122_GBPUSD_22977,0.08333333333333333,0.0,FULL_STRUCTURED,ai_abstained,ABSTAIN,False,luna,stored,qualitative_block_upheld,True,ABSTAIN,
591813800_1788837043_120154281_1788846715_GBPUSD_30068,591813800,591813800_1788837043_120154281,GBPUSD,1788846715,ASIA,NK,CALL,UNKNOWN,no_archived_decision,SCHEDULED_REVIEW_WITH_MEANINGFUL_CHANGE,meaningful_change,identity:decision_input_hash+runtime_input_hash|session_transition|killzone_transition|request_state:po3.context_tier+po3.has_bos+po3.has_sweep+po3.htf_bos+po3.htf_choch+po3.htf_mss+po3.liquidity_kind+po3.ltf_bos+po3.po3_state+po3.structure_type+po3.sweep_side+po3.t_bos+po3.t_disp+po3.t_sweep|new_candidate,591813800_1788817590_100700078_1788822126_GBPUSD_2814,409.81666666666666,0.0,,,,False,unknown,,,False,,
591813800_1788837043_120154281_1788847924_GBPUSD_1579,591813800,591813800_1788837043_120154281,GBPUSD,1788847923,ASIA,NK,CALL,SCHEDULED_REVIEW_WITH_MEANINGFUL_CHANGE,meaningful_change,SCHEDULED_REVIEW_WITH_MEANINGFUL_CHANGE,meaningful_change,identity:decision_input_hash+runtime_input_hash|session_transition|killzone_transition|request_state:po3.context_tier+po3.developing_bos+po3.has_bos+po3.htf_bos+po3.htf_choch+po3.htf_mss+po3.ltf_choch+po3.ltf_mss+po3.po3_state+po3.structure_type+po3.t_bos+po3.t_disp+po3.t_sweep|new_candidate,591813800_1788817590_100700078_1788822126_GBPUSD_2814,429.95,0.0,FULL_STRUCTURED,ai_abstained,ABSTAIN,False,luna,stored,qualitative_block_upheld,True,ABSTAIN,
591813800_1788837043_120154281_1788849135_GBPUSD_29009,591813800,591813800_1788837043_120154281,GBPUSD,1788849134,ASIA,NK,CALL,REQUIRED_NEW_DECISION,meaningful_change,REQUIRED_NEW_DECISION,meaningful_change,new_candidate,591813800_1788837043_120154281_1788847924_GBPUSD_1579,20.183333333333334,0.0,FULL_STRUCTURED,ai_abstained,ABSTAIN,False,luna,stored,qualitative_block_upheld,True,ABSTAIN,
591813800_1788837043_120154281_1788850343_GBPUSD_14822,591813800,591813800_1788837043_120154281,GBPUSD,1788850342,ASIA,NK,CALL,OTHER_REQUIRED,borderline_prior_requires_fresh_review,OTHER_REQUIRED,borderline_prior_requires_fresh_review,,591813800_1788837043_120154281_1788849135_GBPUSD_29009,20.133333333333333,0.0,FULL_STRUCTURED,ai_abstained,ABSTAIN,False,luna,stored,qualitative_block_upheld,True,ABSTAIN,
591813800_1788837043_120154281_1788850946_GBPUSD_25499,591813800,591813800_1788837043_120154281,GBPUSD,1788850946,ASIA,NK,CALL,REQUIRED_NEW_DECISION,meaningful_change,REQUIRED_NEW_DECISION,meaningful_change,request_state:po3.context_tier+po3.developing_bos+po3.has_bos+po3.htf_bos+po3.htf_choch+po3.htf_mss+po3.po3_state+po3.structure_type+po3.t_bos|new_candidate,591813800_1788837043_120154281_1788850343_GBPUSD_14822,10.066666666666666,0.0,FULL_STRUCTURED,ai_abstained,ABSTAIN,False,luna,stored,qualitative_block_upheld,True,ABSTAIN,
591813800_1788837043_120154281_1788852155_GBPUSD_32620,591813800,591813800_1788837043_120154281,GBPUSD,1788852154,ASIA,NK,CALL,OTHER_REQUIRED,borderline_prior_requires_fresh_review,OTHER_REQUIRED,borderline_prior_requires_fresh_review,,591813800_1788837043_120154281_1788850946_GBPUSD_25499,20.133333333333333,0.0,FULL_STRUCTURED,ai_abstained,ABSTAIN,False,luna,stored,qualitative_block_upheld,True,ABSTAIN,
591813800_1788837043_120154281_1788853364_GBPUSD_7310,591813800,591813800_1788837043_120154281,GBPUSD,1788853363,ASIA,NK,CALL,OTHER_REQUIRED,borderline_prior_requires_fresh_review,OTHER_REQUIRED,borderline_prior_requires_fresh_review,,591813800_1788837043_120154281_1788852155_GBPUSD_32620,20.15,0.0,FULL_STRUCTURED,ai_abstained,ABSTAIN,False,luna,stored,qualitative_block_upheld,True,ABSTAIN,
591813800_1788837043_120154281_1788854571_GBPUSD_25553,591813800,591813800_1788837043_120154281,GBPUSD,1788854570,ASIA,NK,CALL,OTHER_REQUIRED,borderline_prior_requires_fresh_review,OTHER_REQUIRED,borderline_prior_requires_fresh_review,,591813800_1788837043_120154281_1788853364_GBPUSD_7310,20.116666666666667,0.0,FULL_STRUCTURED,ai_abstained,ABSTAIN,False,luna,stored,qualitative_block_upheld,True,ABSTAIN,
591813800_1788837043_120154281_1788855779_GBPUSD_16696,591813800,591813800_1788837043_120154281,GBPUSD,1788855779,ASIA,NK,CALL,OTHER_REQUIRED,borderline_prior_requires_fresh_review,OTHER_REQUIRED,borderline_prior_requires_fresh_review,,591813800_1788837043_120154281_1788854571_GBPUSD_25553,20.15,0.0,FULL_STRUCTURED,ai_abstained,ABSTAIN,False,luna,stored,qualitative_block_upheld,True,ABSTAIN,
591813800_1788837043_120154281_1788856384_GBPUSD_756,591813800,591813800_1788837043_120154281,GBPUSD,1788856383,ASIA,NK,CALL,REQUIRED_NEW_DECISION,meaningful_change,REQUIRED_NEW_DECISION,meaningful_change,candidate_state:fvg_execution_class+fvg_mid_mitigated+fvg_mitigation_state+fvg_touched,591813800_1788837043_120154281_1788855779_GBPUSD_16696,10.066666666666666,0.0,FULL_STRUCTURED,ai_abstained,ABSTAIN,False,luna,stored,qualitative_block_upheld,True,ABSTAIN,
591813800_1788837043_120154281_1788857593_GBPUSD_2669,591813800,591813800_1788837043_120154281,GBPUSD,1788857593,ASIA,NK,CALL,OTHER_REQUIRED,borderline_prior_requires_fresh_review,OTHER_REQUIRED,borderline_prior_requires_fresh_review,,591813800_1788837043_120154281_1788856384_GBPUSD_756,20.166666666666668,0.0,FULL_STRUCTURED,ai_abstained,ABSTAIN,False,luna,stored,qualitative_block_upheld,True,ABSTAIN,
591813800_1788837043_120154281_1788861219_GBPUSD_27795,591813800,591813800_1788837043_120154281,GBPUSD,1788861219,ASIA,NK,CALL,SCHEDULED_REVIEW_WITH_MEANINGFUL_CHANGE,meaningful_change,SCHEDULED_REVIEW_WITH_MEANINGFUL_CHANGE,meaningful_change,new_candidate,591813800_1788837043_120154281_1788857593_GBPUSD_2669,60.43333333333333,0.0,FULL_STRUCTURED,ai_abstained,ABSTAIN,False,luna,stored,qualitative_block_upheld,True,ABSTAIN,
591813800_1788837043_120154281_1788862428_GBPUSD_9734,591813800,591813800_1788837043_120154281,GBPUSD,1788862428,ASIA,NK,CALL,OTHER_REQUIRED,borderline_prior_requires_fresh_review,OTHER_REQUIRED,borderline_prior_requires_fresh_review,,591813800_1788837043_120154281_1788861219_GBPUSD_27795,20.15,0.0,FULL_STRUCTURED,ai_abstained,ABSTAIN,False,luna,stored,qualitative_block_upheld,True,ABSTAIN,
591813800_1788837043_120154281_1788863637_GBPUSD_28273,591813800,591813800_1788837043_120154281,GBPUSD,1788863637,ASIA,NK,CALL,OTHER_REQUIRED,borderline_prior_requires_fresh_review,OTHER_REQUIRED,borderline_prior_requires_fresh_review,,591813800_1788837043_120154281_1788862428_GBPUSD_9734,20.15,0.0,FULL_STRUCTURED,ai_abstained,ABSTAIN,False,luna,stored,qualitative_dispute_unresolved,True,ABSTAIN,
591813800_1788837043_120154281_1788864242_GBPUSD_484,591813800,591813800_1788837043_120154281,GBPUSD,1788864242,ASIA,NK,CALL,REQUIRED_NEW_DECISION,meaningful_change,REQUIRED_NEW_DECISION,meaningful_change,identity:python.model_id+python.provider_id|new_candidate,591813800_1788837043_120154281_1788863637_GBPUSD_28273,10.083333333333334,0.0,DEGRADED_NON_TRADING,provider_transport_error,REJECT,False,other,non_full_structured_decision,,False,,
591813800_1788837043_120154281_1788865450_GBPUSD_16219,591813800,591813800_1788837043_120154281,GBPUSD,1788865449,ASIA,NK,CALL,OTHER_REQUIRED,borderline_prior_requires_fresh_review,OTHER_REQUIRED,borderline_prior_requires_fresh_review,,591813800_1788837043_120154281_1788863637_GBPUSD_28273,30.2,0.0,FULL_STRUCTURED,ai_abstained,ABSTAIN,False,luna,stored,qualitative_block_upheld,True,ABSTAIN,
591813800_1788837043_120154281_1788866659_GBPUSD_32030,591813800,591813800_1788837043_120154281,GBPUSD,1788866658,ASIA,NK,CALL,OTHER_REQUIRED,borderline_prior_requires_fresh_review,OTHER_REQUIRED,borderline_prior_requires_fresh_review,,591813800_1788837043_120154281_1788865450_GBPUSD_16219,20.15,0.0,FULL_STRUCTURED,ai_abstained,ABSTAIN,False,luna,stored,qualitative_block_upheld,True,ABSTAIN,
591813800_1788837043_120154281_1788867867_GBPUSD_5059,591813800,591813800_1788837043_120154281,GBPUSD,1788867866,ASIA,NK,CALL,OTHER_REQUIRED,borderline_prior_requires_fresh_review,OTHER_REQUIRED,borderline_prior_requires_fresh_review,,591813800_1788837043_120154281_1788866659_GBPUSD_32030,20.133333333333333,0.0,FULL_STRUCTURED,ai_abstained,ABSTAIN,False,luna,stored,qualitative_dispute_unresolved,True,ABSTAIN,
591813800_1788837043_120154281_1788869078_GBPUSD_4975,591813800,591813800_1788837043_120154281,GBPUSD,1788869077,ASIA,K,CALL,REQUIRED_NEW_DECISION,meaningful_change,REQUIRED_NEW_DECISION,meaningful_change,killzone_transition|new_candidate,591813800_1788837043_120154281_1788867867_GBPUSD_5059,20.183333333333334,0.0,FULL_STRUCTURED,ai_abstained,ABSTAIN,False,luna,stored,qualitative_block_upheld,True,ABSTAIN,
591813800_1788837043_120154281_1788870287_GBPUSD_17364,591813800,591813800_1788837043_120154281,GBPUSD,1788870286,ASIA,K,CALL,OTHER_REQUIRED,borderline_prior_requires_fresh_review,OTHER_REQUIRED,borderline_prior_requires_fresh_review,,591813800_1788837043_120154281_1788869078_GBPUSD_4975,20.15,0.0,FULL_STRUCTURED,ai_abstained,ABSTAIN,False,luna,stored,qualitative_block_upheld,True,ABSTAIN,
591813800_1788837043_120154281_1788871496_GBPUSD_1844,591813800,591813800_1788837043_120154281,GBPUSD,1788871496,ASIA,K,CALL,REQUIRED_NEW_DECISION,meaningful_change,REQUIRED_NEW_DECISION,meaningful_change,identity:python.model_id+python.provider_id|new_candidate,591813800_1788837043_120154281_1788870287_GBPUSD_17364,20.166666666666668,0.0,DEGRADED_NON_TRADING,local_pipeline_error,REJECT,False,other,non_full_structured_decision,,False,,
591813800_1788837043_120154281_1788872706_GBPUSD_26944,591813800,591813800_1788837043_120154281,GBPUSD,1788872705,LON,NK,CALL,SCHEDULED_REVIEW_WITH_MEANINGFUL_CHANGE,meaningful_change,SCHEDULED_REVIEW_WITH_MEANINGFUL_CHANGE,meaningful_change,session_transition|killzone_transition,591813800_1788837043_120154281_1788870287_GBPUSD_17364,40.31666666666667,0.0,FULL_STRUCTURED,ai_abstained,ABSTAIN,False,luna,stored,qualitative_dispute_unresolved,True,ABSTAIN,
591813800_1788837043_120154281_1788873312_GBPUSD_11030,591813800,591813800_1788837043_120154281,GBPUSD,1788873311,LON,NK,CALL,REQUIRED_NEW_DECISION,meaningful_change,REQUIRED_NEW_DECISION,meaningful_change,new_candidate,591813800_1788837043_120154281_1788872706_GBPUSD_26944,10.1,0.0,FULL_STRUCTURED,ai_abstained,ABSTAIN,False,luna,stored,qualitative_dispute_unresolved,True,ABSTAIN,
591813800_1788837043_120154281_1788874522_GBPUSD_24964,591813800,591813800_1788837043_120154281,GBPUSD,1788874522,LON,NK,CALL,OTHER_REQUIRED,borderline_prior_requires_fresh_review,OTHER_REQUIRED,borderline_prior_requires_fresh_review,,591813800_1788837043_120154281_1788873312_GBPUSD_11030,20.183333333333334,0.0,FULL_STRUCTURED,ai_rejected,REJECT,False,luna,stored,analyst_reject,False,REJECT,
591813800_1788837043_120154281_1788875127_GBPUSD_22964,591813800,591813800_1788837043_120154281,GBPUSD,1788875126,LON,NK,CALL,REQUIRED_NEW_DECISION,meaningful_change,REQUIRED_NEW_DECISION,meaningful_change,candidate_state:target_source+tp_model,591813800_1788837043_120154281_1788874522_GBPUSD_24964,10.066666666666666,0.0,FULL_STRUCTURED,ai_rejected,REJECT,False,luna,stored,analyst_reject,False,REJECT,
591813800_1788837043_120154281_1788876336_GBPUSD_2757,591813800,591813800_1788837043_120154281,GBPUSD,1788876336,LON,NK,CALL,OTHER_REQUIRED,decisive_prior_ttl_expired,OTHER_REQUIRED,decisive_prior_ttl_expired,,591813800_1788837043_120154281_1788875127_GBPUSD_22964,20.166666666666668,15.0,FULL_STRUCTURED,ai_abstained,ABSTAIN,False,luna,stored,qualitative_dispute_unresolved,True,ABSTAIN,
591813800_1788837043_120154281_1788877545_GBPUSD_28009,591813800,591813800_1788837043_120154281,GBPUSD,1788877544,LON,NK,CALL,OTHER_REQUIRED,borderline_prior_requires_fresh_review,OTHER_REQUIRED,borderline_prior_requires_fresh_review,,591813800_1788837043_120154281_1788876336_GBPUSD_2757,20.133333333333333,0.0,FULL_STRUCTURED,ai_abstained,ABSTAIN,False,luna,stored,qualitative_dispute_unresolved,True,ABSTAIN,
591813800_1788837043_120154281_1788878753_GBPUSD_12399,591813800,591813800_1788837043_120154281,GBPUSD,1788878752,LON,NK,CALL,SCHEDULED_REVIEW_WITH_MEANINGFUL_CHANGE,meaningful_change,SCHEDULED_REVIEW_WITH_MEANINGFUL_CHANGE,meaningful_change,candidate_state:fvg_execution_class+fvg_mid_mitigated+fvg_mitigation_state+fvg_touched,591813800_1788837043_120154281_1788877545_GBPUSD_28009,20.133333333333333,0.0,FULL_STRUCTURED,ai_approved,APPROVE,True,luna,stored,analyst_approve_critic_pass,False,APPROVE,
591813800_1788891743_174857593_1788891764_GBPUSD_12722,591813800,591813800_1788891743_174857593,GBPUSD,1788891764,LON,NK,CALL,REQUIRED_NEW_DECISION,prior_decision_approved_never_reused,REQUIRED_NEW_DECISION,prior_decision_approved_never_reused,,591813800_1788837043_120154281_1788878753_GBPUSD_12399,216.86666666666667,0.0,DEGRADED_NON_TRADING,local_pipeline_error,REJECT,False,luna,non_full_structured_decision,,False,,
591813800_1788891952_175066921_1788891963_GBPUSD_10539,591813800,591813800_1788891952_175066921,GBPUSD,1788891962,LON,NK,CALL,REQUIRED_NEW_DECISION,prior_decision_approved_never_reused,REQUIRED_NEW_DECISION,prior_decision_approved_never_reused,,591813800_1788837043_120154281_1788878753_GBPUSD_12399,220.16666666666666,0.0,DEGRADED_NON_TRADING,local_pipeline_error,REJECT,False,luna,non_full_structured_decision,,False,,
591813800_1788905116_188231343_1788905132_GBPUSD_3812,591813800,591813800_1788905116_188231343,GBPUSD,1788905131,OFF,NK,CALL,REQUIRED_NEW_DECISION,prior_decision_approved_never_reused,REQUIRED_NEW_DECISION,prior_decision_approved_never_reused,,591813800_1788837043_120154281_1788878753_GBPUSD_12399,439.65,0.0,FULL_STRUCTURED,ai_rejected,REJECT,False,luna,stored,analyst_reject,False,REJECT,
591813800_1788925102_208218984_1788925149_GBPUSD_23069,591813800,591813800_1788925102_208218984,GBPUSD,1788925149,ASIA,NK,CALL,SCHEDULED_REVIEW_WITH_MEANINGFUL_CHANGE,meaningful_change,SCHEDULED_REVIEW_WITH_MEANINGFUL_CHANGE,meaningful_change,identity:runtime_input_hash|session_transition|new_candidate,591813800_1788905116_188231343_1788905132_GBPUSD_3812,333.6333333333333,0.0,FULL_STRUCTURED,ai_abstained,ABSTAIN,False,luna,stored,analyst_abstain_below_adjudication_floor,False,ABSTAIN,
591813800_1788925102_208218984_1788925757_GBPUSD_16056,591813800,591813800_1788925102_208218984,GBPUSD,1788925757,ASIA,NK,CALL,REQUIRED_NEW_DECISION,meaningful_change,REQUIRED_NEW_DECISION,meaningful_change,new_candidate,591813800_1788925102_208218984_1788925149_GBPUSD_23069,10.133333333333333,0.0,FULL_STRUCTURED,ai_abstained,ABSTAIN,False,luna,stored,qualitative_dispute_unresolved,True,ABSTAIN,
591813800_1788925102_208218984_1788926968_GBPUSD_31992,591813800,591813800_1788925102_208218984,GBPUSD,1788926968,ASIA,NK,CALL,REQUIRED_NEW_DECISION,meaningful_change,REQUIRED_NEW_DECISION,meaningful_change,new_candidate,591813800_1788925102_208218984_1788925757_GBPUSD_16056,20.183333333333334,0.0,FULL_STRUCTURED,ai_abstained,ABSTAIN,False,luna,stored,qualitative_dispute_unresolved,True,ABSTAIN,
591813800_1788925102_208218984_1788928180_GBPUSD_27,591813800,591813800_1788925102_208218984,GBPUSD,1788928180,ASIA,NK,CALL,REQUIRED_NEW_DECISION,meaningful_change,REQUIRED_NEW_DECISION,meaningful_change,new_candidate,591813800_1788925102_208218984_1788926968_GBPUSD_31992,20.2,0.0,FULL_STRUCTURED,ai_abstained,ABSTAIN,False,luna,stored,qualitative_dispute_unresolved,True,ABSTAIN,
591813800_1788925102_208218984_1788928793_GBPUSD_14320,591813800,591813800_1788925102_208218984,GBPUSD,1788928793,ASIA,NK,CALL,REQUIRED_NEW_DECISION,meaningful_change,REQUIRED_NEW_DECISION,meaningful_change,new_candidate,591813800_1788925102_208218984_1788928180_GBPUSD_27,10.216666666666667,0.0,FULL_STRUCTURED,ai_abstained,ABSTAIN,False,luna,stored,analyst_abstain_below_adjudication_floor,False,ABSTAIN,
591813800_1788925102_208218984_1788929401_GBPUSD_13011,591813800,591813800_1788925102_208218984,GBPUSD,1788929401,ASIA,NK,CALL,REQUIRED_NEW_DECISION,meaningful_change,REQUIRED_NEW_DECISION,meaningful_change,new_candidate,591813800_1788925102_208218984_1788928793_GBPUSD_14320,10.133333333333333,0.0,FULL_STRUCTURED,ai_approved,APPROVE,True,luna,stored,analyst_approve_critic_pass,False,APPROVE,
591813800_1788925102_208218984_1788930010_GBPUSD_15786,591813800,591813800_1788925102_208218984,GBPUSD,1788930010,ASIA,NK,CALL,REQUIRED_NEW_DECISION,prior_decision_approved_never_reused,REQUIRED_NEW_DECISION,prior_decision_approved_never_reused,,591813800_1788925102_208218984_1788929401_GBPUSD_13011,10.15,0.0,FULL_STRUCTURED,ai_rejected,REJECT,False,luna,stored,analyst_reject,False,REJECT,
591813800_1788925102_208218984_1788931222_GBPUSD_4341,591813800,591813800_1788925102_208218984,GBPUSD,1788931221,ASIA,NK,CALL,REQUIRED_NEW_DECISION,meaningful_change,REQUIRED_NEW_DECISION,meaningful_change,new_candidate,591813800_1788925102_208218984_1788930010_GBPUSD_15786,20.183333333333334,0.0,FULL_STRUCTURED,ai_rejected,REJECT,False,luna,stored,analyst_reject,False,REJECT,
591813800_1788925102_208218984_1788931827_GBPUSD_26281,591813800,591813800_1788925102_208218984,GBPUSD,1788931827,ASIA,NK,CALL,REQUIRED_NEW_DECISION,meaningful_change,REQUIRED_NEW_DECISION,meaningful_change,new_candidate,591813800_1788925102_208218984_1788931222_GBPUSD_4341,10.1,0.0,FULL_STRUCTURED,ai_abstained,ABSTAIN,False,luna,stored,qualitative_dispute_unresolved,True,ABSTAIN,
591813800_1788925102_208218984_1788933039_GBPUSD_20368,591813800,591813800_1788925102_208218984,GBPUSD,1788933039,ASIA,NK,CALL,REQUIRED_NEW_DECISION,meaningful_change,REQUIRED_NEW_DECISION,meaningful_change,new_candidate,591813800_1788925102_208218984_1788931827_GBPUSD_26281,20.2,0.0,FULL_STRUCTURED,ai_rejected,REJECT,False,luna,stored,analyst_reject,False,REJECT,
591813800_1788925102_208218984_1788933644_GBPUSD_31414,591813800,591813800_1788925102_208218984,GBPUSD,1788933644,ASIA,NK,CALL,REQUIRED_NEW_DECISION,meaningful_change,REQUIRED_NEW_DECISION,meaningful_change,new_candidate,591813800_1788925102_208218984_1788933039_GBPUSD_20368,10.083333333333334,0.0,FULL_STRUCTURED,ai_rejected,REJECT,False,luna,stored,analyst_reject,False,REJECT,
591813800_1788925102_208218984_1788934856_GBPUSD_9647,591813800,591813800_1788925102_208218984,GBPUSD,1788934856,ASIA,NK,CALL,REQUIRED_NEW_DECISION,meaningful_change,REQUIRED_NEW_DECISION,meaningful_change,new_candidate,591813800_1788925102_208218984_1788933644_GBPUSD_31414,20.2,0.0,FULL_STRUCTURED,ai_abstained,ABSTAIN,False,luna,stored,analyst_abstain_below_adjudication_floor,False,ABSTAIN,
591813800_1788925102_208218984_1788935464_GBPUSD_1679,591813800,591813800_1788925102_208218984,GBPUSD,1788935464,ASIA,NK,CALL,REQUIRED_NEW_DECISION,meaningful_change,REQUIRED_NEW_DECISION,meaningful_change,candidate_state:entry_trigger_phase+fvg_execution_class+fvg_mid_mitigated+fvg_mitigation_state+fvg_touched,591813800_1788925102_208218984_1788934856_GBPUSD_9647,10.133333333333333,0.0,FULL_STRUCTURED,ai_abstained,ABSTAIN,False,luna,stored,analyst_abstain_below_adjudication_floor,False,ABSTAIN,
591813800_1788925102_208218984_1788936674_GBPUSD_5839,591813800,591813800_1788925102_208218984,GBPUSD,1788936674,ASIA,NK,CALL,REQUIRED_NEW_DECISION,meaningful_change,REQUIRED_NEW_DECISION,meaningful_change,new_candidate,591813800_1788925102_208218984_1788935464_GBPUSD_1679,20.166666666666668,0.0,FULL_STRUCTURED,ai_rejected,REJECT,False,luna,stored,analyst_reject,False,REJECT,
591813800_1788925102_208218984_1788937283_GBPUSD_20342,591813800,591813800_1788925102_208218984,GBPUSD,1788937283,ASIA,NK,CALL,REQUIRED_NEW_DECISION,meaningful_change,REQUIRED_NEW_DECISION,meaningful_change,candidate_state:obstacle_kind,591813800_1788925102_208218984_1788936674_GBPUSD_5839,10.15,0.0,FULL_STRUCTURED,ai_rejected,REJECT,False,luna,stored,analyst_reject,False,REJECT,
591813800_1788925102_208218984_1788938495_GBPUSD_7200,591813800,591813800_1788925102_208218984,GBPUSD,1788938495,ASIA,NK,CALL,OTHER_REQUIRED,borderline_prior_requires_fresh_review,OTHER_REQUIRED,borderline_prior_requires_fresh_review,,591813800_1788925102_208218984_1788937283_GBPUSD_20342,20.2,0.0,FULL_STRUCTURED,ai_rejected,REJECT,False,luna,stored,analyst_reject,False,REJECT,
591813800_1788925102_208218984_1788939708_GBPUSD_30746,591813800,591813800_1788925102_208218984,GBPUSD,1788939708,ASIA,NK,REUSE,UNCHANGED_STATE,unchanged_decisive_non_approval_within_ttl,UNCHANGED_STATE,unchanged_decisive_non_approval_within_ttl,,591813800_1788925102_208218984_1788938495_GBPUSD_7200,20.216666666666665,30.0,FULL_STRUCTURED,ai_rejected,REJECT,False,luna,,analyst_reject,False,REJECT,
591813800_1788925102_208218984_1788940923_GBPUSD_4763,591813800,591813800_1788925102_208218984,GBPUSD,1788940922,ASIA,NK,CALL,OTHER_REQUIRED,decisive_prior_ttl_expired,OTHER_REQUIRED,decisive_prior_ttl_expired,,591813800_1788925102_208218984_1788938495_GBPUSD_7200,40.45,30.0,FULL_STRUCTURED,ai_abstained,ABSTAIN,False,luna,stored,analyst_abstain_below_adjudication_floor,False,ABSTAIN,
591813800_1788925102_208218984_1788942144_GBPUSD_9023,591813800,591813800_1788925102_208218984,GBPUSD,1788942143,ASIA,NK,CALL,REQUIRED_NEW_DECISION,meaningful_change,REQUIRED_NEW_DECISION,meaningful_change,new_candidate,591813800_1788925102_208218984_1788940923_GBPUSD_4763,20.35,0.0,FULL_STRUCTURED,ai_abstained,ABSTAIN,False,luna,stored,qualitative_dispute_unresolved,True,ABSTAIN,
591813800_1788925102_208218984_1788942756_GBPUSD_4198,591813800,591813800_1788925102_208218984,GBPUSD,1788942755,ASIA,NK,CALL,OTHER_REQUIRED,borderline_prior_requires_fresh_review,OTHER_REQUIRED,borderline_prior_requires_fresh_review,,591813800_1788925102_208218984_1788942144_GBPUSD_9023,10.2,0.0,FULL_STRUCTURED,ai_abstained,ABSTAIN,False,luna,stored,analyst_abstain_below_adjudication_floor,False,ABSTAIN,
591813800_1788925102_208218984_1788943973_GBPUSD_19340,591813800,591813800_1788925102_208218984,GBPUSD,1788943973,ASIA,NK,CALL,OTHER_REQUIRED,borderline_prior_requires_fresh_review,OTHER_REQUIRED,borderline_prior_requires_fresh_review,,591813800_1788925102_208218984_1788942756_GBPUSD_4198,20.3,0.0,FULL_STRUCTURED,ai_approved,APPROVE,True,luna,stored,analyst_approve_critic_pass,False,APPROVE,
591813800_1788925102_208218984_1788944584_GBPUSD_32588,591813800,591813800_1788925102_208218984,GBPUSD,1788944583,ASIA,NK,CALL,REQUIRED_NEW_DECISION,prior_decision_approved_never_reused,REQUIRED_NEW_DECISION,prior_decision_approved_never_reused,,591813800_1788925102_208218984_1788943973_GBPUSD_19340,10.166666666666666,0.0,FULL_STRUCTURED,ai_abstained,ABSTAIN,False,luna,stored,qualitative_dispute_unresolved,True,ABSTAIN,
591813800_1788925102_208218984_1788945803_GBPUSD_19509,591813800,591813800_1788925102_208218984,GBPUSD,1788945802,ASIA,NK,CALL,OTHER_REQUIRED,borderline_prior_requires_fresh_review,OTHER_REQUIRED,borderline_prior_requires_fresh_review,,591813800_1788925102_208218984_1788944584_GBPUSD_32588,20.316666666666666,0.0,FULL_STRUCTURED,ai_abstained,ABSTAIN,False,luna,stored,qualitative_dispute_unresolved,True,ABSTAIN,
591813800_1788925102_208218984_1788947027_GBPUSD_1747,591813800,591813800_1788925102_208218984,GBPUSD,1788947026,ASIA,NK,CALL,REQUIRED_NEW_DECISION,meaningful_change,REQUIRED_NEW_DECISION,meaningful_change,new_candidate,591813800_1788925102_208218984_1788945803_GBPUSD_19509,20.4,0.0,FULL_STRUCTURED,ai_abstained,ABSTAIN,False,luna,stored,qualitative_dispute_unresolved,True,ABSTAIN,
591813800_1788925102_208218984_1788947641_GBPUSD_23916,591813800,591813800_1788925102_208218984,GBPUSD,1788947640,ASIA,NK,CALL,REQUIRED_NEW_DECISION,meaningful_change,REQUIRED_NEW_DECISION,meaningful_change,candidate_state:entry_trigger_phase+fvg_execution_class+fvg_mitigation_state+fvg_touched,591813800_1788925102_208218984_1788947027_GBPUSD_1747,10.233333333333333,0.0,FULL_STRUCTURED,ai_abstained,ABSTAIN,False,luna,stored,qualitative_dispute_unresolved,True,ABSTAIN,
591813800_1788925102_208218984_1788948255_GBPUSD_15307,591813800,591813800_1788925102_208218984,GBPUSD,1788948255,ASIA,NK,CALL,REQUIRED_NEW_DECISION,meaningful_change,REQUIRED_NEW_DECISION,meaningful_change,new_candidate,591813800_1788925102_208218984_1788947641_GBPUSD_23916,10.25,0.0,FULL_STRUCTURED,ai_rejected,REJECT,False,luna,stored,analyst_reject,False,REJECT,
591813800_1788925102_208218984_1788948865_GBPUSD_16236,591813800,591813800_1788925102_208218984,GBPUSD,1788948865,ASIA,NK,CALL,PREDETERMINED_OUTCOME,python_hard_pre_gate_already_skips_provider,REQUIRED_NEW_DECISION,meaningful_change,identity:python.model_id+python.provider_id|new_candidate,591813800_1788925102_208218984_1788948255_GBPUSD_15307,10.166666666666666,0.0,DEGRADED_NON_TRADING,hard_pre_gate,REJECT,False,other,non_full_structured_decision,,False,,
591813800_1788925102_208218984_1788949481_GBPUSD_613,591813800,591813800_1788925102_208218984,GBPUSD,1788949480,ASIA,NK,CALL,REQUIRED_NEW_DECISION,meaningful_change,REQUIRED_NEW_DECISION,meaningful_change,identity:python.model_id+python.provider_id|new_candidate,591813800_1788925102_208218984_1788948255_GBPUSD_15307,20.416666666666668,0.0,DEGRADED_NON_TRADING,local_pipeline_error,REJECT,False,other,non_full_structured_decision,,False,,
591813800_1788925102_208218984_1788950713_GBPUSD_5272,591813800,591813800_1788925102_208218984,GBPUSD,1788950713,ASIA,NK,CALL,OTHER_REQUIRED,borderline_prior_requires_fresh_review,OTHER_REQUIRED,borderline_prior_requires_fresh_review,,591813800_1788925102_208218984_1788948255_GBPUSD_15307,40.96666666666667,0.0,FULL_STRUCTURED,ai_rejected,REJECT,False,luna,stored,analyst_reject,False,REJECT,
591813800_1788925102_208218984_1788951947_GBPUSD_15092,591813800,591813800_1788925102_208218984,GBPUSD,1788951946,ASIA,NK,CALL,OTHER_REQUIRED,borderline_prior_requires_fresh_review,OTHER_REQUIRED,borderline_prior_requires_fresh_review,,591813800_1788925102_208218984_1788950713_GBPUSD_5272,20.55,0.0,FULL_STRUCTURED,ai_rejected,REJECT,False,luna,stored,analyst_reject,False,REJECT,
591813800_1786490403_375335906_1786490458_GOLD_30447,591813800,591813800_1786490403_375335906,GOLD,1786490457,NY,K,CALL,REQUIRED_NEW_DECISION,no_prior_authoritative_decision,REQUIRED_NEW_DECISION,no_prior_authoritative_decision,,,,0.0,FULL_STRUCTURED,ai_abstained,ABSTAIN,False,other,stored,qualitative_dispute_unresolved,True,ABSTAIN,
591813800_1786492247_377179515_1786497066_GOLD_31374,591813800,591813800_1786492247_377179515,GOLD,1786497064,NY,NK,CALL,SCHEDULED_REVIEW_WITH_MEANINGFUL_CHANGE,meaningful_change,SCHEDULED_REVIEW_WITH_MEANINGFUL_CHANGE,meaningful_change,killzone_transition|request_state:is_buy+po3.liquidity_kind+po3.t_disp|new_candidate,591813800_1786490403_375335906_1786490458_GOLD_30447,110.11666666666666,0.0,FULL_STRUCTURED,ai_abstained,ABSTAIN,False,other,stored,analyst_approve_critic_pass,False,ABSTAIN,
591813800_1786492247_377179515_1786499349_GOLD_17125,591813800,591813800_1786492247_377179515,GOLD,1786499347,NY,NK,CALL,SCHEDULED_REVIEW_WITH_MEANINGFUL_CHANGE,meaningful_change,SCHEDULED_REVIEW_WITH_MEANINGFUL_CHANGE,meaningful_change,identity:python.model_id+python.provider_id|request_state:po3.t_disp|new_candidate,591813800_1786492247_377179515_1786497066_GOLD_31374,38.05,0.0,DEGRADED_NON_TRADING,local_pipeline_error,REJECT,False,other,non_full_structured_decision,,False,,
591813800_1786492247_377179515_1786499600_GOLD_32333,591813800,591813800_1786492247_377179515,GOLD,1786499599,NY,NK,CALL,SCHEDULED_REVIEW_WITH_MEANINGFUL_CHANGE,meaningful_change,SCHEDULED_REVIEW_WITH_MEANINGFUL_CHANGE,meaningful_change,request_state:is_buy+po3.liquidity_kind+po3.t_disp|new_candidate,591813800_1786492247_377179515_1786497066_GOLD_31374,42.25,0.0,FULL_STRUCTURED,ai_abstained,ABSTAIN,False,other,stored,analyst_approve_critic_pass,False,ABSTAIN,
591813800_1786492247_377179515_1786500121_GOLD_24233,591813800,591813800_1786492247_377179515,GOLD,1786500121,NY,NK,CALL,REQUIRED_NEW_DECISION,prior_decision_approved_never_reused,REQUIRED_NEW_DECISION,prior_decision_approved_never_reused,,591813800_1786492247_377179515_1786499600_GOLD_32333,8.7,0.0,DEGRADED_NON_TRADING,structured_response_invalid,REJECT,False,other,non_full_structured_decision,,False,,
591813800_1786492247_377179515_1786500876_GOLD_27140,591813800,591813800_1786492247_377179515,GOLD,1786500876,NY,NK,CALL,UNKNOWN,no_archived_decision,REQUIRED_NEW_DECISION,prior_decision_approved_never_reused,,591813800_1786492247_377179515_1786499600_GOLD_32333,21.283333333333335,0.0,,,,False,unknown,,,False,,
591813800_1786501923_386857828_1786502298_GOLD_6040,591813800,591813800_1786501923_386857828,GOLD,1786502298,NY,NK,CALL,REQUIRED_NEW_DECISION,prior_decision_approved_never_reused,REQUIRED_NEW_DECISION,prior_decision_approved_never_reused,,591813800_1786492247_377179515_1786499600_GOLD_32333,44.983333333333334,0.0,FULL_STRUCTURED,ai_abstained,ABSTAIN,False,other,stored,qualitative_dispute_unresolved,True,ABSTAIN,
591813800_1786501923_386857828_1786502799_GOLD_27094,591813800,591813800_1786501923_386857828,GOLD,1786502799,NY,NK,CALL,SCHEDULED_REVIEW_WITH_MEANINGFUL_CHANGE,meaningful_change,SCHEDULED_REVIEW_WITH_MEANINGFUL_CHANGE,meaningful_change,new_candidate|candidate_state:fvg_execution_class+fvg_mid_mitigated+fvg_mitigation_state+fvg_touched,591813800_1786501923_386857828_1786502298_GOLD_6040,8.35,0.0,FULL_STRUCTURED,ai_abstained,ABSTAIN,False,other,stored,qualitative_dispute_unresolved,True,ABSTAIN,
591813800_1786501923_386857828_1786503050_GOLD_2114,591813800,591813800_1786501923_386857828,GOLD,1786503050,NY,NK,CALL,UNKNOWN,no_archived_decision,REQUIRED_NEW_DECISION,meaningful_change,new_candidate,591813800_1786501923_386857828_1786502799_GOLD_27094,4.183333333333334,0.0,,,,False,unknown,,,False,,
591813800_1786561284_9977718_1786565161_GOLD_30305,591813800,591813800_1786561284_9977718,GOLD,1786565161,OFF,NK,CALL,SCHEDULED_REVIEW_WITH_MEANINGFUL_CHANGE,meaningful_change,SCHEDULED_REVIEW_WITH_MEANINGFUL_CHANGE,meaningful_change,session_transition|request_state:is_buy+po3.has_follow_through+po3.liquidity_kind+po3.sweep_side+po3.t_bos+po3.t_disp+po3.t_sweep|new_candidate,591813800_1786501923_386857828_1786502799_GOLD_27094,1039.3666666666666,0.0,FULL_STRUCTURED,ai_approved,APPROVE,True,other,stored,analyst_approve_critic_pass,False,APPROVE,
591813800_1786661610_19471531_1786662571_GOLD_8747,591813800,591813800_1786661610_19471531,GOLD,1786662571,NY,K,CALL,REQUIRED_NEW_DECISION,prior_decision_approved_never_reused,REQUIRED_NEW_DECISION,prior_decision_approved_never_reused,,591813800_1786561284_9977718_1786565161_GOLD_30305,1623.5,0.0,FULL_STRUCTURED,ai_abstained,ABSTAIN,False,luna,stored,qualitative_block_upheld,True,ABSTAIN,
591813800_1786671926_29787281_1786673812_GOLD_17452,591813800,591813800_1786671926_29787281,GOLD,1786673811,NY,NK,CALL,SCHEDULED_REVIEW_WITH_MEANINGFUL_CHANGE,meaningful_change,SCHEDULED_REVIEW_WITH_MEANINGFUL_CHANGE,meaningful_change,killzone_transition,591813800_1786661610_19471531_1786662571_GOLD_8747,187.33333333333334,0.0,FULL_STRUCTURED,ai_abstained,ABSTAIN,False,luna,stored,qualitative_block_upheld,True,ABSTAIN,
591813800_1786681844_39706125_1786681988_GOLD_19004,591813800,591813800_1786681844_39706125,GOLD,1786681988,ASIA,NK,CALL,PREDETERMINED_OUTCOME,python_hard_pre_gate_already_skips_provider,SCHEDULED_REVIEW_WITH_MEANINGFUL_CHANGE,meaningful_change,identity:python.model_id+python.provider_id|session_transition|price_drift|new_candidate,591813800_1786671926_29787281_1786673812_GOLD_17452,136.28333333333333,0.0,DEGRADED_NON_TRADING,hard_pre_gate,REJECT,False,other,non_full_structured_decision,,False,,
591813800_1786932611_30404328_1786943761_GOLD_13315,591813800,591813800_1786932611_30404328,GOLD,1786943761,ASIA,NK,CALL,SCHEDULED_REVIEW_WITH_MEANINGFUL_CHANGE,meaningful_change,SCHEDULED_REVIEW_WITH_MEANINGFUL_CHANGE,meaningful_change,session_transition|request_state:po3.liquidity_kind|candidate_state:fvg_execution_class+fvg_mid_mitigated+fvg_mitigation_state+fvg_touched+target_source+tp_model|price_drift,591813800_1786671926_29787281_1786673812_GOLD_17452,4499.166666666667,0.0,FULL_STRUCTURED,ai_rejected,REJECT,False,luna,stored,qualitative_block_upheld,True,REJECT,
591813800_1786932611_30404328_1786945598_GOLD_14104,591813800,591813800_1786932611_30404328,GOLD,1786945597,ASIA,NK,CALL,OTHER_REQUIRED,borderline_prior_requires_fresh_review,OTHER_REQUIRED,borderline_prior_requires_fresh_review,,591813800_1786932611_30404328_1786943761_GOLD_13315,30.6,0.0,FULL_STRUCTURED,ai_approved,APPROVE,True,luna,stored,analyst_approve_critic_pass,False,APPROVE,
591813800_1786999708_97504390_1786999757_GOLD_9497,591813800,591813800_1786999708_97504390,GOLD,1786999757,OFF,NK,CALL,REQUIRED_NEW_DECISION,prior_decision_approved_never_reused,REQUIRED_NEW_DECISION,prior_decision_approved_never_reused,,591813800_1786932611_30404328_1786945598_GOLD_14104,902.6666666666666,0.0,FULL_STRUCTURED,ai_abstained,ABSTAIN,False,luna,stored,qualitative_block_upheld,True,ABSTAIN,
591813800_1786999708_97504390_1787001594_GOLD_19174,591813800,591813800_1786999708_97504390,GOLD,1787001594,OFF,NK,CALL,OTHER_REQUIRED,borderline_prior_requires_fresh_review,OTHER_REQUIRED,borderline_prior_requires_fresh_review,,591813800_1786999708_97504390_1786999757_GOLD_9497,30.616666666666667,0.0,FULL_STRUCTURED,ai_rejected,REJECT,False,luna,stored,qualitative_block_upheld,True,REJECT,
591813800_1786999708_97504390_1787004356_GOLD_21031,591813800,591813800_1786999708_97504390,GOLD,1787004356,OFF,NK,CALL,OTHER_REQUIRED,decisive_prior_ttl_expired,OTHER_REQUIRED,decisive_prior_ttl_expired,,591813800_1786999708_97504390_1787001594_GOLD_19174,46.03333333333333,30.0,FULL_STRUCTURED,ai_abstained,ABSTAIN,False,luna,stored,qualitative_block_upheld,True,ABSTAIN,
591813800_1786999708_97504390_1787008042_GOLD_20561,591813800,591813800_1786999708_97504390,GOLD,1787008042,NY,K,CALL,SCHEDULED_REVIEW_WITH_MEANINGFUL_CHANGE,meaningful_change,SCHEDULED_REVIEW_WITH_MEANINGFUL_CHANGE,meaningful_change,session_transition|killzone_transition,591813800_1786999708_97504390_1787004356_GOLD_21031,61.43333333333333,0.0,FULL_STRUCTURED,ai_abstained,ABSTAIN,False,luna,stored,qualitative_block_upheld,True,ABSTAIN,
591813800_1786999708_97504390_1787009888_GOLD_4638,591813800,591813800_1786999708_97504390,GOLD,1787009887,NY,K,CALL,OTHER_REQUIRED,borderline_prior_requires_fresh_review,OTHER_REQUIRED,borderline_prior_requires_fresh_review,,591813800_1786999708_97504390_1787008042_GOLD_20561,30.75,0.0,FULL_STRUCTURED,ai_rejected,REJECT,False,luna,stored,qualitative_block_upheld,True,REJECT,
591813800_1788495063_34619250_1788496961_GOLD_19484,591813800,591813800_1788495063_34619250,GOLD,1788496961,ASIA,NK,CALL,SCHEDULED_REVIEW_WITH_MEANINGFUL_CHANGE,meaningful_change,SCHEDULED_REVIEW_WITH_MEANINGFUL_CHANGE,meaningful_change,identity:contract_manifest_hash+decision_input_hash+python.family_profile_version+runtime_input_hash|session_transition|killzone_transition|request_state:is_buy+po3.context_tier+po3.has_bos+po3.has_follow_through+po3.has_sweep+po3.htf_bos+po3.htf_choch+po3.htf_mss+po3.liquidity_kind+po3.ltf_bos+po3.ltf_choch+po3.ltf_mss+po3.po3_state+po3.structure_type+po3.sweep_side+po3.t_bos+po3.t_disp+po3.t_sweep|new_candidate,591813800_1786999708_97504390_1787009888_GOLD_4638,24784.566666666666,0.0,DEGRADED_NON_TRADING,final_response_contract_invalid,REJECT,False,luna,non_full_structured_decision,panel_shortcircuit_analyst_cannot_approve_and_expectancy_below_gate_margin,False,ABSTAIN,
591813800_1788495063_34619250_1788498789_GOLD_7815,591813800,591813800_1788495063_34619250,GOLD,1788498789,ASIA,NK,CALL,SCHEDULED_REVIEW_WITH_MEANINGFUL_CHANGE,meaningful_change,SCHEDULED_REVIEW_WITH_MEANINGFUL_CHANGE,meaningful_change,identity:contract_manifest_hash+decision_input_hash+python.family_profile_version+runtime_input_hash|session_transition|killzone_transition|request_state:is_buy+po3.context_tier+po3.has_bos+po3.has_follow_through+po3.has_sweep+po3.htf_bos+po3.htf_choch+po3.htf_mss+po3.liquidity_kind+po3.ltf_bos+po3.ltf_choch+po3.ltf_mss+po3.po3_state+po3.structure_type+po3.sweep_side+po3.t_bos+po3.t_disp+po3.t_sweep|new_candidate,591813800_1786999708_97504390_1787009888_GOLD_4638,24815.033333333333,0.0,DEGRADED_NON_TRADING,final_response_contract_invalid,REJECT,False,luna,non_full_structured_decision,panel_shortcircuit_analyst_cannot_approve_and_expectancy_below_gate_margin,False,ABSTAIN,
591813800_1788614076_331468_1788614091_GOLD_459,591813800,591813800_1788614076_331468,GOLD,1788614091,LON,NK,CALL,PREDETERMINED_OUTCOME,python_hard_pre_gate_already_skips_provider,SCHEDULED_REVIEW_WITH_MEANINGFUL_CHANGE,meaningful_change,identity:contract_manifest_hash+decision_input_hash+python.family_profile_version+python.model_id+python.provider_id+runtime_input_hash|session_transition|killzone_transition|request_state:is_buy+po3.context_tier+po3.has_bos+po3.has_follow_through+po3.has_sweep+po3.htf_bos+po3.htf_choch+po3.htf_mss+po3.liquidity_kind+po3.ltf_bos+po3.ltf_choch+po3.ltf_mss+po3.po3_state+po3.structure_type+po3.sweep_side+po3.t_bos+po3.t_disp+po3.t_sweep|new_candidate,591813800_1786999708_97504390_1787009888_GOLD_4638,26736.733333333334,0.0,DEGRADED_NON_TRADING,hard_pre_gate,REJECT,False,other,non_full_structured_decision,,False,,
591813800_1788614076_331468_1788615908_GOLD_4566,591813800,591813800_1788614076_331468,GOLD,1788615907,LON,NK,CALL,PREDETERMINED_OUTCOME,python_hard_pre_gate_already_skips_provider,SCHEDULED_REVIEW_WITH_MEANINGFUL_CHANGE,meaningful_change,identity:contract_manifest_hash+decision_input_hash+python.family_profile_version+python.model_id+python.provider_id+runtime_input_hash|session_transition|killzone_transition|request_state:is_buy+po3.context_tier+po3.has_bos+po3.has_follow_through+po3.has_sweep+po3.htf_bos+po3.htf_choch+po3.htf_mss+po3.liquidity_kind+po3.ltf_bos+po3.ltf_choch+po3.ltf_mss+po3.po3_state+po3.structure_type+po3.sweep_side+po3.t_bos+po3.t_disp+po3.t_sweep|new_candidate,591813800_1786999708_97504390_1787009888_GOLD_4638,26767.0,0.0,DEGRADED_NON_TRADING,hard_pre_gate,REJECT,False,other,non_full_structured_decision,,False,,
591813800_1788614076_331468_1788617721_GOLD_24851,591813800,591813800_1788614076_331468,GOLD,1788617720,LON,NK,CALL,PREDETERMINED_OUTCOME,python_hard_pre_gate_already_skips_provider,SCHEDULED_REVIEW_WITH_MEANINGFUL_CHANGE,meaningful_change,identity:contract_manifest_hash+decision_input_hash+python.family_profile_version+python.model_id+python.provider_id+runtime_input_hash|session_transition|killzone_transition|request_state:is_buy+po3.context_tier+po3.has_bos+po3.has_follow_through+po3.has_sweep+po3.htf_bos+po3.htf_choch+po3.htf_mss+po3.liquidity_kind+po3.ltf_bos+po3.ltf_choch+po3.ltf_mss+po3.po3_state+po3.structure_type+po3.sweep_side+po3.t_bos+po3.t_disp+po3.t_sweep|new_candidate,591813800_1786999708_97504390_1787009888_GOLD_4638,26797.216666666667,0.0,DEGRADED_NON_TRADING,hard_pre_gate,REJECT,False,other,non_full_structured_decision,,False,,
591813800_1788614076_331468_1788619535_GOLD_31356,591813800,591813800_1788614076_331468,GOLD,1788619535,LON,NK,CALL,PREDETERMINED_OUTCOME,python_hard_pre_gate_already_skips_provider,SCHEDULED_REVIEW_WITH_MEANINGFUL_CHANGE,meaningful_change,identity:contract_manifest_hash+decision_input_hash+python.family_profile_version+python.model_id+python.provider_id+runtime_input_hash|session_transition|killzone_transition|request_state:is_buy+po3.context_tier+po3.has_bos+po3.has_follow_through+po3.has_sweep+po3.htf_bos+po3.htf_choch+po3.htf_mss+po3.liquidity_kind+po3.ltf_bos+po3.ltf_choch+po3.ltf_mss+po3.po3_state+po3.structure_type+po3.sweep_side+po3.t_bos+po3.t_disp+po3.t_sweep|new_candidate,591813800_1786999708_97504390_1787009888_GOLD_4638,26827.466666666667,0.0,DEGRADED_NON_TRADING,hard_pre_gate,REJECT,False,other,non_full_structured_decision,,False,,
591813800_1788622679_8934843_1788622691_GOLD_18579,591813800,591813800_1788622679_8934843,GOLD,1788622691,LON,NK,CALL,PREDETERMINED_OUTCOME,python_hard_pre_gate_already_skips_provider,SCHEDULED_REVIEW_WITH_MEANINGFUL_CHANGE,meaningful_change,identity:contract_manifest_hash+decision_input_hash+python.family_profile_version+python.model_id+python.provider_id+runtime_input_hash|session_transition|killzone_transition|request_state:is_buy+po3.context_tier+po3.has_bos+po3.has_follow_through+po3.has_sweep+po3.htf_bos+po3.htf_choch+po3.htf_mss+po3.liquidity_kind+po3.ltf_bos+po3.ltf_choch+po3.ltf_mss+po3.po3_state+po3.structure_type+po3.sweep_side+po3.t_bos+po3.t_disp+po3.t_sweep|new_candidate,591813800_1786999708_97504390_1787009888_GOLD_4638,26880.066666666666,0.0,DEGRADED_NON_TRADING,hard_pre_gate,REJECT,False,other,non_full_structured_decision,,False,,
591813800_1788622679_8934843_1788624512_GOLD_28193,591813800,591813800_1788622679_8934843,GOLD,1788624512,LON,NK,CALL,PREDETERMINED_OUTCOME,python_hard_pre_gate_already_skips_provider,SCHEDULED_REVIEW_WITH_MEANINGFUL_CHANGE,meaningful_change,identity:contract_manifest_hash+decision_input_hash+python.family_profile_version+python.model_id+python.provider_id+runtime_input_hash|session_transition|killzone_transition|request_state:is_buy+po3.context_tier+po3.has_bos+po3.has_follow_through+po3.has_sweep+po3.htf_bos+po3.htf_choch+po3.htf_mss+po3.liquidity_kind+po3.ltf_bos+po3.ltf_choch+po3.ltf_mss+po3.po3_state+po3.structure_type+po3.sweep_side+po3.t_bos+po3.t_disp+po3.t_sweep|new_candidate,591813800_1786999708_97504390_1787009888_GOLD_4638,26910.416666666668,0.0,DEGRADED_NON_TRADING,hard_pre_gate,REJECT,False,other,non_full_structured_decision,,False,,
591813800_1788622679_8934843_1788626332_GOLD_23650,591813800,591813800_1788622679_8934843,GOLD,1788626331,LON,NK,CALL,PREDETERMINED_OUTCOME,python_hard_pre_gate_already_skips_provider,SCHEDULED_REVIEW_WITH_MEANINGFUL_CHANGE,meaningful_change,identity:contract_manifest_hash+decision_input_hash+python.family_profile_version+python.model_id+python.provider_id+runtime_input_hash|session_transition|killzone_transition|request_state:is_buy+po3.context_tier+po3.has_bos+po3.has_follow_through+po3.has_sweep+po3.htf_bos+po3.htf_choch+po3.htf_mss+po3.liquidity_kind+po3.ltf_bos+po3.ltf_choch+po3.ltf_mss+po3.po3_state+po3.structure_type+po3.sweep_side+po3.t_bos+po3.t_disp+po3.t_sweep|new_candidate,591813800_1786999708_97504390_1787009888_GOLD_4638,26940.733333333334,0.0,DEGRADED_NON_TRADING,hard_pre_gate,REJECT,False,other,non_full_structured_decision,,False,,
591813800_1788767828_50935000_1788768765_GOLD_11276,591813800,591813800_1788767828_50935000,GOLD,1788768765,ASIA,NK,CALL,SCHEDULED_REVIEW_WITH_MEANINGFUL_CHANGE,meaningful_change,SCHEDULED_REVIEW_WITH_MEANINGFUL_CHANGE,meaningful_change,identity:contract_manifest_hash+decision_input_hash+python.family_profile_version+python.model_id+python.provider_id+runtime_input_hash|session_transition|killzone_transition|request_state:is_buy+po3.context_tier+po3.has_bos+po3.has_follow_through+po3.has_sweep+po3.htf_bos+po3.htf_choch+po3.htf_mss+po3.liquidity_kind+po3.ltf_bos+po3.ltf_choch+po3.ltf_mss+po3.po3_state+po3.structure_type+po3.sweep_side+po3.t_bos+po3.t_disp+po3.t_sweep|new_candidate,591813800_1786999708_97504390_1787009888_GOLD_4638,29314.633333333335,0.0,FULL_STRUCTURED,ai_abstained,ABSTAIN,False,other,stored,analyst_abstain_below_adjudication_floor,False,ABSTAIN,
591813800_1788767828_50935000_1788774223_GOLD_14919,591813800,591813800_1788767828_50935000,GOLD,1788774223,ASIA,NK,CALL,SCHEDULED_REVIEW_WITH_MEANINGFUL_CHANGE,meaningful_change,SCHEDULED_REVIEW_WITH_MEANINGFUL_CHANGE,meaningful_change,request_state:po3.t_disp|new_candidate,591813800_1788767828_50935000_1788768765_GOLD_11276,90.96666666666667,0.0,FULL_STRUCTURED,ai_rejected,REJECT,False,other,stored,analyst_reject,False,REJECT,
591813800_1788837043_120154281_1788840069_GOLD_26497,591813800,591813800_1788837043_120154281,GOLD,1788840068,ASIA,NK,CALL,SCHEDULED_REVIEW_WITH_MEANINGFUL_CHANGE,meaningful_change,SCHEDULED_REVIEW_WITH_MEANINGFUL_CHANGE,meaningful_change,identity:decision_input_hash+python.model_id+python.provider_id+runtime_input_hash|request_state:is_buy+po3.context_tier+po3.has_bos+po3.has_follow_through+po3.has_sweep+po3.htf_bos+po3.htf_choch+po3.htf_mss+po3.liquidity_kind+po3.ltf_bos+po3.ltf_choch+po3.ltf_mss+po3.po3_state+po3.structure_type+po3.sweep_side+po3.t_bos+po3.t_disp+po3.t_sweep|new_candidate,591813800_1788767828_50935000_1788774223_GOLD_14919,1097.4166666666667,0.0,FULL_STRUCTURED,ai_abstained,ABSTAIN,False,luna,stored,analyst_abstain_below_adjudication_floor,False,ABSTAIN,
591813800_1788837043_120154281_1788841277_GOLD_8337,591813800,591813800_1788837043_120154281,GOLD,1788841276,ASIA,NK,CALL,REQUIRED_NEW_DECISION,meaningful_change,REQUIRED_NEW_DECISION,meaningful_change,identity:python.model_id+python.provider_id|new_candidate,591813800_1788837043_120154281_1788840069_GOLD_26497,20.133333333333333,0.0,DEGRADED_NON_TRADING,provider_transport_error,REJECT,False,other,non_full_structured_decision,,False,,
591813800_1788837043_120154281_1788841885_GOLD_866,591813800,591813800_1788837043_120154281,GOLD,1788841884,ASIA,NK,CALL,SCHEDULED_REVIEW_WITH_MEANINGFUL_CHANGE,meaningful_change,SCHEDULED_REVIEW_WITH_MEANINGFUL_CHANGE,meaningful_change,candidate_state:target_source+tp_model,591813800_1788837043_120154281_1788840069_GOLD_26497,30.266666666666666,0.0,FULL_STRUCTURED,ai_abstained,ABSTAIN,False,luna,stored,qualitative_block_upheld,True,ABSTAIN,
591813800_1788837043_120154281_1788842488_GOLD_4943,591813800,591813800_1788837043_120154281,GOLD,1788842488,ASIA,NK,CALL,OTHER_REQUIRED,borderline_prior_requires_fresh_review,OTHER_REQUIRED,borderline_prior_requires_fresh_review,,591813800_1788837043_120154281_1788841885_GOLD_866,10.066666666666666,0.0,FULL_STRUCTURED,ai_abstained,ABSTAIN,False,luna,stored,qualitative_dispute_unresolved,True,ABSTAIN,
591813800_1788837043_120154281_1788843091_GOLD_7023,591813800,591813800_1788837043_120154281,GOLD,1788843090,ASIA,NK,CALL,OTHER_REQUIRED,borderline_prior_requires_fresh_review,OTHER_REQUIRED,borderline_prior_requires_fresh_review,,591813800_1788837043_120154281_1788842488_GOLD_4943,10.033333333333333,0.0,FULL_STRUCTURED,ai_abstained,ABSTAIN,False,luna,stored,analyst_abstain_below_adjudication_floor,False,ABSTAIN,
591813800_1788837043_120154281_1788844299_GOLD_6464,591813800,591813800_1788837043_120154281,GOLD,1788844299,ASIA,NK,CALL,OTHER_REQUIRED,borderline_prior_requires_fresh_review,OTHER_REQUIRED,borderline_prior_requires_fresh_review,,591813800_1788837043_120154281_1788843091_GOLD_7023,20.15,0.0,FULL_STRUCTURED,ai_abstained,ABSTAIN,False,luna,stored,qualitative_block_upheld,True,ABSTAIN,
591813800_1788837043_120154281_1788845507_GOLD_19917,591813800,591813800_1788837043_120154281,GOLD,1788845507,ASIA,NK,CALL,OTHER_REQUIRED,borderline_prior_requires_fresh_review,OTHER_REQUIRED,borderline_prior_requires_fresh_review,,591813800_1788837043_120154281_1788844299_GOLD_6464,20.133333333333333,0.0,FULL_STRUCTURED,ai_abstained,ABSTAIN,False,luna,stored,qualitative_dispute_unresolved,True,ABSTAIN,
591813800_1788837043_120154281_1788846715_GOLD_20120,591813800,591813800_1788837043_120154281,GOLD,1788846714,ASIA,NK,CALL,UNKNOWN,no_archived_decision,REQUIRED_NEW_DECISION,meaningful_change,new_candidate,591813800_1788837043_120154281_1788845507_GOLD_19917,20.116666666666667,0.0,,,,False,unknown,,,False,,
591813800_1788837043_120154281_1788847924_GOLD_10451,591813800,591813800_1788837043_120154281,GOLD,1788847923,ASIA,NK,CALL,OTHER_REQUIRED,borderline_prior_requires_fresh_review,OTHER_REQUIRED,borderline_prior_requires_fresh_review,,591813800_1788837043_120154281_1788845507_GOLD_19917,40.266666666666666,0.0,FULL_STRUCTURED,ai_abstained,ABSTAIN,False,luna,stored,analyst_abstain_below_adjudication_floor,False,ABSTAIN,
591813800_1788837043_120154281_1788848530_GOLD_5856,591813800,591813800_1788837043_120154281,GOLD,1788848529,ASIA,NK,CALL,OTHER_REQUIRED,borderline_prior_requires_fresh_review,OTHER_REQUIRED,borderline_prior_requires_fresh_review,,591813800_1788837043_120154281_1788847924_GOLD_10451,10.1,0.0,FULL_STRUCTURED,ai_approved,APPROVE,True,luna,stored,analyst_approve_critic_pass,False,APPROVE,
591813800_1788837043_120154281_1788856384_GOLD_26560,591813800,591813800_1788837043_120154281,GOLD,1788856383,ASIA,NK,CALL,REQUIRED_NEW_DECISION,prior_decision_approved_never_reused,REQUIRED_NEW_DECISION,prior_decision_approved_never_reused,,591813800_1788837043_120154281_1788848530_GOLD_5856,130.9,0.0,FULL_STRUCTURED,ai_abstained,ABSTAIN,False,luna,stored,qualitative_block_upheld,True,ABSTAIN,
591813800_1788837043_120154281_1788857593_GOLD_25988,591813800,591813800_1788837043_120154281,GOLD,1788857593,ASIA,NK,CALL,OTHER_REQUIRED,borderline_prior_requires_fresh_review,OTHER_REQUIRED,borderline_prior_requires_fresh_review,,591813800_1788837043_120154281_1788856384_GOLD_26560,20.166666666666668,0.0,FULL_STRUCTURED,ai_abstained,ABSTAIN,False,luna,stored,qualitative_block_upheld,True,ABSTAIN,
591813800_1788837043_120154281_1788858803_GOLD_25447,591813800,591813800_1788837043_120154281,GOLD,1788858802,ASIA,NK,CALL,OTHER_REQUIRED,borderline_prior_requires_fresh_review,OTHER_REQUIRED,borderline_prior_requires_fresh_review,,591813800_1788837043_120154281_1788857593_GOLD_25988,20.15,0.0,FULL_STRUCTURED,ai_abstained,ABSTAIN,False,luna,stored,qualitative_dispute_unresolved,True,ABSTAIN,
591813800_1788837043_120154281_1788859407_GOLD_18709,591813800,591813800_1788837043_120154281,GOLD,1788859406,ASIA,NK,CALL,OTHER_REQUIRED,borderline_prior_requires_fresh_review,OTHER_REQUIRED,borderline_prior_requires_fresh_review,,591813800_1788837043_120154281_1788858803_GOLD_25447,10.066666666666666,0.0,FULL_STRUCTURED,ai_abstained,ABSTAIN,False,luna,stored,qualitative_dispute_unresolved,True,ABSTAIN,
591813800_1788837043_120154281_1788860615_GOLD_17887,591813800,591813800_1788837043_120154281,GOLD,1788860615,ASIA,NK,CALL,REQUIRED_NEW_DECISION,meaningful_change,REQUIRED_NEW_DECISION,meaningful_change,candidate_state:fvg_execution_class+fvg_mid_mitigated+fvg_mitigation_state,591813800_1788837043_120154281_1788859407_GOLD_18709,20.15,0.0,FULL_STRUCTURED,ai_abstained,ABSTAIN,False,luna,stored,analyst_abstain_below_adjudication_floor,False,ABSTAIN,
591813800_1788837043_120154281_1788861824_GOLD_9943,591813800,591813800_1788837043_120154281,GOLD,1788861823,ASIA,NK,CALL,REQUIRED_NEW_DECISION,meaningful_change,REQUIRED_NEW_DECISION,meaningful_change,request_state:is_buy+po3.liquidity_kind+po3.sweep_side+po3.t_bos+po3.t_disp+po3.t_sweep|new_candidate,591813800_1788837043_120154281_1788860615_GOLD_17887,20.133333333333333,0.0,FULL_STRUCTURED,ai_abstained,ABSTAIN,False,luna,stored,qualitative_dispute_unresolved,True,ABSTAIN,
591813800_1788837043_120154281_1788863033_GOLD_25582,591813800,591813800_1788837043_120154281,GOLD,1788863032,ASIA,NK,CALL,OTHER_REQUIRED,borderline_prior_requires_fresh_review,OTHER_REQUIRED,borderline_prior_requires_fresh_review,,591813800_1788837043_120154281_1788861824_GOLD_9943,20.15,0.0,FULL_STRUCTURED,ai_abstained,ABSTAIN,False,luna,stored,qualitative_block_upheld,True,ABSTAIN,
591813800_1788837043_120154281_1788864242_GOLD_27532,591813800,591813800_1788837043_120154281,GOLD,1788864241,ASIA,NK,CALL,REQUIRED_NEW_DECISION,meaningful_change,REQUIRED_NEW_DECISION,meaningful_change,new_candidate|price_drift,591813800_1788837043_120154281_1788863033_GOLD_25582,20.15,0.0,FULL_STRUCTURED,ai_abstained,ABSTAIN,False,luna,stored,qualitative_dispute_unresolved,True,ABSTAIN,
591813800_1788837043_120154281_1788864846_GOLD_23491,591813800,591813800_1788837043_120154281,GOLD,1788864846,ASIA,NK,CALL,OTHER_REQUIRED,borderline_prior_requires_fresh_review,OTHER_REQUIRED,borderline_prior_requires_fresh_review,,591813800_1788837043_120154281_1788864242_GOLD_27532,10.083333333333334,0.0,FULL_STRUCTURED,ai_abstained,ABSTAIN,False,luna,stored,qualitative_block_upheld,True,ABSTAIN,
591813800_1788837043_120154281_1788865450_GOLD_4753,591813800,591813800_1788837043_120154281,GOLD,1788865449,ASIA,NK,CALL,REQUIRED_NEW_DECISION,meaningful_change,REQUIRED_NEW_DECISION,meaningful_change,new_candidate,591813800_1788837043_120154281_1788864846_GOLD_23491,10.05,0.0,FULL_STRUCTURED,ai_abstained,ABSTAIN,False,luna,stored,analyst_abstain_below_adjudication_floor,False,ABSTAIN,
591813800_1788837043_120154281_1788866054_GOLD_19948,591813800,591813800_1788837043_120154281,GOLD,1788866053,ASIA,NK,CALL,OTHER_REQUIRED,borderline_prior_requires_fresh_review,OTHER_REQUIRED,borderline_prior_requires_fresh_review,,591813800_1788837043_120154281_1788865450_GOLD_4753,10.066666666666666,0.0,FULL_STRUCTURED,ai_rejected,REJECT,False,luna,stored,analyst_reject,False,REJECT,
591813800_1788837043_120154281_1788866659_GOLD_15920,591813800,591813800_1788837043_120154281,GOLD,1788866658,ASIA,NK,REUSE,UNCHANGED_STATE,unchanged_decisive_non_approval_within_ttl,UNCHANGED_STATE,unchanged_decisive_non_approval_within_ttl,,591813800_1788837043_120154281_1788866054_GOLD_19948,10.083333333333334,30.0,FULL_STRUCTURED,ai_abstained,ABSTAIN,False,luna,,analyst_abstain_below_adjudication_floor,False,ABSTAIN,
591813800_1788837043_120154281_1788867867_GOLD_6308,591813800,591813800_1788837043_120154281,GOLD,1788867866,ASIA,NK,CALL,OTHER_REQUIRED,decisive_prior_ttl_expired,OTHER_REQUIRED,decisive_prior_ttl_expired,,591813800_1788837043_120154281_1788866054_GOLD_19948,30.216666666666665,30.0,FULL_STRUCTURED,ai_abstained,ABSTAIN,False,luna,stored,qualitative_block_upheld,True,ABSTAIN,
591813800_1788837043_120154281_1788868471_GOLD_6577,591813800,591813800_1788837043_120154281,GOLD,1788868470,ASIA,NK,CALL,OTHER_REQUIRED,borderline_prior_requires_fresh_review,OTHER_REQUIRED,borderline_prior_requires_fresh_review,,591813800_1788837043_120154281_1788867867_GOLD_6308,10.066666666666666,0.0,FULL_STRUCTURED,ai_abstained,ABSTAIN,False,luna,stored,qualitative_block_upheld,True,ABSTAIN,
591813800_1788837043_120154281_1788878753_GOLD_26506,591813800,591813800_1788837043_120154281,GOLD,1788878752,LON,NK,CALL,SCHEDULED_REVIEW_WITH_MEANINGFUL_CHANGE,meaningful_change,SCHEDULED_REVIEW_WITH_MEANINGFUL_CHANGE,meaningful_change,session_transition|new_candidate,591813800_1788837043_120154281_1788868471_GOLD_6577,171.36666666666667,0.0,FULL_STRUCTURED,ai_abstained,ABSTAIN,False,luna,stored,qualitative_dispute_unresolved,True,ABSTAIN,
591813800_1788837043_120154281_1788879961_GOLD_13695,591813800,591813800_1788837043_120154281,GOLD,1788879960,LON,NK,CALL,OTHER_REQUIRED,borderline_prior_requires_fresh_review,OTHER_REQUIRED,borderline_prior_requires_fresh_review,,591813800_1788837043_120154281_1788878753_GOLD_26506,20.133333333333333,0.0,FULL_STRUCTURED,ai_abstained,ABSTAIN,False,luna,stored,qualitative_block_upheld,True,ABSTAIN,
591813800_1788837043_120154281_1788880565_GOLD_25288,591813800,591813800_1788837043_120154281,GOLD,1788880564,LON,NK,CALL,REQUIRED_NEW_DECISION,meaningful_change,REQUIRED_NEW_DECISION,meaningful_change,new_candidate,591813800_1788837043_120154281_1788879961_GOLD_13695,10.066666666666666,0.0,FULL_STRUCTURED,ai_rejected,REJECT,False,luna,stored,analyst_reject,False,REJECT,
591813800_1788837043_120154281_1788881773_GOLD_32652,591813800,591813800_1788837043_120154281,GOLD,1788881772,LON,NK,CALL,OTHER_REQUIRED,decisive_prior_ttl_expired,OTHER_REQUIRED,decisive_prior_ttl_expired,,591813800_1788837043_120154281_1788880565_GOLD_25288,20.133333333333333,15.0,FULL_STRUCTURED,ai_rejected,REJECT,False,luna,stored,analyst_reject,False,REJECT,
591813800_1788891743_174857593_1788891765_GOLD_24517,591813800,591813800_1788891743_174857593,GOLD,1788891764,LON,NK,CALL,SCHEDULED_REVIEW_WITH_MEANINGFUL_CHANGE,meaningful_change,SCHEDULED_REVIEW_WITH_MEANINGFUL_CHANGE,meaningful_change,identity:decision_input_hash+python.family_profile_version+python.model_id+python.prompt_contract_version+python.provider_id+runtime_input_hash|candidate_state:entry_trigger_phase+fvg_execution_class+fvg_mitigation_state+fvg_touched+ote_state|new_candidate,591813800_1788837043_120154281_1788881773_GOLD_32652,166.53333333333333,0.0,DEGRADED_NON_TRADING,local_pipeline_error,REJECT,False,luna,non_full_structured_decision,,False,,
591813800_1788891952_175066921_1788891963_GOLD_22742,591813800,591813800_1788891952_175066921,GOLD,1788891962,LON,NK,CALL,SCHEDULED_REVIEW_WITH_MEANINGFUL_CHANGE,meaningful_change,SCHEDULED_REVIEW_WITH_MEANINGFUL_CHANGE,meaningful_change,identity:decision_input_hash+python.family_profile_version+python.prompt_contract_version+runtime_input_hash|candidate_state:entry_trigger_phase+fvg_execution_class+fvg_mitigation_state+fvg_touched+ote_state|new_candidate,591813800_1788837043_120154281_1788881773_GOLD_32652,169.83333333333334,0.0,DEGRADED_NON_TRADING,local_pipeline_error,REJECT,False,luna,non_full_structured_decision,,False,,
591813800_1788905116_188231343_1788905132_GOLD_5707,591813800,591813800_1788905116_188231343,GOLD,1788905131,OFF,NK,CALL,PREDETERMINED_OUTCOME,python_hard_pre_gate_already_skips_provider,SCHEDULED_REVIEW_WITH_MEANINGFUL_CHANGE,meaningful_change,identity:contract_manifest_hash+decision_input_hash+python.family_profile_version+python.model_id+python.provider_id+runtime_input_hash|session_transition|new_candidate,591813800_1788837043_120154281_1788881773_GOLD_32652,389.31666666666666,0.0,DEGRADED_NON_TRADING,hard_pre_gate,REJECT,False,other,non_full_structured_decision,,False,,
591813800_1788925102_208218984_1788925757_GOLD_22067,591813800,591813800_1788925102_208218984,GOLD,1788925757,ASIA,NK,CALL,SCHEDULED_REVIEW_WITH_MEANINGFUL_CHANGE,meaningful_change,SCHEDULED_REVIEW_WITH_MEANINGFUL_CHANGE,meaningful_change,identity:contract_manifest_hash+decision_input_hash+python.family_profile_version+python.model_id+python.provider_id+runtime_input_hash|session_transition|candidate_state:entry_trigger_phase+fvg_execution_class+fvg_mitigation_state+fvg_touched+ote_state+target_source+tp_model|price_drift|new_candidate|candidate_state:entry_trigger_phase+fvg_execution_class+fvg_mitigation_state+fvg_touched+ote_state,591813800_1788837043_120154281_1788881773_GOLD_32652,733.0833333333334,0.0,FULL_STRUCTURED,ai_approved,APPROVE,True,luna,stored,analyst_approve_critic_pass,False,APPROVE,
591813800_1788925102_208218984_1788926969_GOLD_2322,591813800,591813800_1788925102_208218984,GOLD,1788926968,ASIA,NK,CALL,REQUIRED_NEW_DECISION,prior_decision_approved_never_reused,REQUIRED_NEW_DECISION,prior_decision_approved_never_reused,,591813800_1788925102_208218984_1788925757_GOLD_22067,20.183333333333334,0.0,FULL_STRUCTURED,ai_abstained,ABSTAIN,False,luna,stored,qualitative_block_upheld,True,ABSTAIN,
591813800_1788925102_208218984_1788934248_GOLD_32252,591813800,591813800_1788925102_208218984,GOLD,1788934247,ASIA,NK,CALL,OTHER_REQUIRED,borderline_prior_requires_fresh_review,OTHER_REQUIRED,borderline_prior_requires_fresh_review,,591813800_1788925102_208218984_1788926969_GOLD_2322,121.31666666666666,0.0,FULL_STRUCTURED,ai_abstained,ABSTAIN,False,luna,stored,qualitative_dispute_unresolved,True,ABSTAIN,
591813800_1788925102_208218984_1788935465_GOLD_3977,591813800,591813800_1788925102_208218984,GOLD,1788935464,ASIA,NK,CALL,OTHER_REQUIRED,borderline_prior_requires_fresh_review,OTHER_REQUIRED,borderline_prior_requires_fresh_review,,591813800_1788925102_208218984_1788934248_GOLD_32252,20.283333333333335,0.0,FULL_STRUCTURED,ai_approved,APPROVE,True,luna,stored,analyst_approve_critic_pass,False,APPROVE,
591813800_1786509126_394060796_1786510154_NZDCAD_24538,591813800,591813800_1786509126_394060796,NZDCAD,1786510153,ASIA,NK,CALL,REQUIRED_NEW_DECISION,no_prior_authoritative_decision,REQUIRED_NEW_DECISION,no_prior_authoritative_decision,,,,0.0,FULL_STRUCTURED,ai_abstained,ABSTAIN,False,other,stored,qualitative_dispute_unresolved,True,ABSTAIN,
591813800_1786743010_100874718_1786743041_NZDCAD_13392,591813800,591813800_1786743010_100874718,NZDCAD,1786743041,OFF,NK,CALL,UNKNOWN,no_archived_decision,SCHEDULED_REVIEW_WITH_MEANINGFUL_CHANGE,meaningful_change,identity:decision_input_hash+runtime_input_hash|session_transition|request_state:is_buy+po3.htf_choch+po3.htf_mss+po3.liquidity_kind+po3.ltf_choch+po3.ltf_mss+po3.structure_type+po3.sweep_side+po3.t_bos+po3.t_disp+po3.t_sweep|new_candidate,591813800_1786509126_394060796_1786510154_NZDCAD_24538,3881.4666666666667,0.0,,,,False,unknown,,,False,,
591813800_1786744136_102001000_1786744159_NZDCAD_30863,591813800,591813800_1786744136_102001000,NZDCAD,1786744159,OFF,NK,CALL,SCHEDULED_REVIEW_WITH_MEANINGFUL_CHANGE,meaningful_change,SCHEDULED_REVIEW_WITH_MEANINGFUL_CHANGE,meaningful_change,identity:decision_input_hash+python.model_id+runtime_input_hash|session_transition|request_state:is_buy+po3.htf_choch+po3.htf_mss+po3.liquidity_kind+po3.ltf_choch+po3.ltf_mss+po3.structure_type+po3.sweep_side+po3.t_bos+po3.t_disp+po3.t_sweep|new_candidate,591813800_1786509126_394060796_1786510154_NZDCAD_24538,3900.1,0.0,FULL_STRUCTURED,ai_abstained,ABSTAIN,False,luna,stored,qualitative_block_upheld,True,ABSTAIN,
591813800_1786744136_102001000_1786745075_NZDCAD_6686,591813800,591813800_1786744136_102001000,NZDCAD,1786745075,OFF,NK,CALL,REQUIRED_NEW_DECISION,meaningful_change,REQUIRED_NEW_DECISION,meaningful_change,new_candidate,591813800_1786744136_102001000_1786744159_NZDCAD_30863,15.266666666666667,0.0,FULL_STRUCTURED,ai_abstained,ABSTAIN,False,luna,stored,qualitative_block_upheld,True,ABSTAIN,
591813800_1786932611_30404328_1786940076_NZDCAD_29850,591813800,591813800_1786932611_30404328,NZDCAD,1786940075,ASIA,NK,CALL,SCHEDULED_REVIEW_WITH_MEANINGFUL_CHANGE,meaningful_change,SCHEDULED_REVIEW_WITH_MEANINGFUL_CHANGE,meaningful_change,session_transition|request_state:po3.ltf_choch+po3.ltf_mss+po3.t_bos+po3.t_disp+po3.t_sweep|new_candidate,591813800_1786744136_102001000_1786745075_NZDCAD_6686,3250.0,0.0,FULL_STRUCTURED,ai_abstained,ABSTAIN,False,luna,stored,qualitative_block_upheld,True,ABSTAIN,
591813800_1786932611_30404328_1786940994_NZDCAD_7243,591813800,591813800_1786932611_30404328,NZDCAD,1786940994,ASIA,NK,CALL,REQUIRED_NEW_DECISION,meaningful_change,REQUIRED_NEW_DECISION,meaningful_change,identity:python.model_id+python.provider_id|new_candidate,591813800_1786932611_30404328_1786940076_NZDCAD_29850,15.316666666666666,0.0,DEGRADED_NON_TRADING,provider_transport_error,REJECT,False,other,non_full_structured_decision,,False,,
591813800_1786932611_30404328_1786941924_NZDCAD_491,591813800,591813800_1786932611_30404328,NZDCAD,1786941924,ASIA,NK,CALL,OTHER_REQUIRED,borderline_prior_requires_fresh_review,OTHER_REQUIRED,borderline_prior_requires_fresh_review,,591813800_1786932611_30404328_1786940076_NZDCAD_29850,30.816666666666666,0.0,FULL_STRUCTURED,ai_abstained,ABSTAIN,False,luna,stored,qualitative_block_upheld,True,ABSTAIN,
591813800_1786932611_30404328_1786942843_NZDCAD_6888,591813800,591813800_1786932611_30404328,NZDCAD,1786942842,ASIA,NK,CALL,REQUIRED_NEW_DECISION,prior_decision_approved_never_reused,REQUIRED_NEW_DECISION,prior_decision_approved_never_reused,,591813800_1786932611_30404328_1786941924_NZDCAD_491,15.3,0.0,FULL_STRUCTURED,ai_abstained,ABSTAIN,False,luna,stored,qualitative_block_upheld,True,ABSTAIN,
591813800_1786932611_30404328_1786943761_NZDCAD_22143,591813800,591813800_1786932611_30404328,NZDCAD,1786943761,ASIA,NK,CALL,REQUIRED_NEW_DECISION,meaningful_change,REQUIRED_NEW_DECISION,meaningful_change,candidate_state:fvg_execution_class+fvg_mitigation_state+fvg_touched,591813800_1786932611_30404328_1786942843_NZDCAD_6888,15.316666666666666,0.0,FULL_STRUCTURED,ai_approved,APPROVE,True,luna,stored,adjudicator_resolved_qualitative_dispute,True,APPROVE,
591813800_1786932611_30404328_1786945598_NZDCAD_6770,591813800,591813800_1786932611_30404328,NZDCAD,1786945597,ASIA,NK,CALL,REQUIRED_NEW_DECISION,prior_decision_approved_never_reused,REQUIRED_NEW_DECISION,prior_decision_approved_never_reused,,591813800_1786932611_30404328_1786943761_NZDCAD_22143,30.6,0.0,FULL_STRUCTURED,ai_abstained,ABSTAIN,False,luna,stored,qualitative_block_upheld,True,ABSTAIN,
591813800_1786932611_30404328_1786947433_NZDCAD_3103,591813800,591813800_1786932611_30404328,NZDCAD,1786947433,ASIA,NK,CALL,OTHER_REQUIRED,borderline_prior_requires_fresh_review,OTHER_REQUIRED,borderline_prior_requires_fresh_review,,591813800_1786932611_30404328_1786945598_NZDCAD_6770,30.6,0.0,FULL_STRUCTURED,ai_abstained,ABSTAIN,False,luna,stored,qualitative_block_upheld,True,ABSTAIN,
591813800_1786932611_30404328_1786949268_NZDCAD_15209,591813800,591813800_1786932611_30404328,NZDCAD,1786949267,ASIA,NK,CALL,SCHEDULED_REVIEW_WITH_MEANINGFUL_CHANGE,meaningful_change,SCHEDULED_REVIEW_WITH_MEANINGFUL_CHANGE,meaningful_change,new_candidate|candidate_state:fvg_execution_class+fvg_mid_mitigated+fvg_mitigation_state,591813800_1786932611_30404328_1786947433_NZDCAD_3103,30.566666666666666,0.0,FULL_STRUCTURED,ai_abstained,ABSTAIN,False,luna,stored,qualitative_block_upheld,True,ABSTAIN,
591813800_1786738700_96564671_1786741502_NZDCHF_15614,591813800,591813800_1786738700_96564671,NZDCHF,1786741501,OFF,NK,CALL,REQUIRED_NEW_DECISION,no_prior_authoritative_decision,REQUIRED_NEW_DECISION,no_prior_authoritative_decision,,,,0.0,FULL_STRUCTURED,ai_abstained,ABSTAIN,False,luna,stored,qualitative_block_upheld,True,ABSTAIN,
591813800_1788495063_34619250_1788495119_NZDCHF_8794,591813800,591813800_1788495063_34619250,NZDCHF,1788495118,ASIA,NK,CALL,SCHEDULED_REVIEW_WITH_MEANINGFUL_CHANGE,meaningful_change,SCHEDULED_REVIEW_WITH_MEANINGFUL_CHANGE,meaningful_change,identity:contract_manifest_hash+decision_input_hash+python.family_profile_version+runtime_input_hash|session_transition|new_candidate,591813800_1786738700_96564671_1786741502_NZDCHF_15614,29226.95,0.0,FULL_STRUCTURED,ai_abstained,ABSTAIN,False,luna,stored,qualitative_block_upheld,True,ABSTAIN,
591813800_1788495063_34619250_1788496040_NZDCHF_27355,591813800,591813800_1788495063_34619250,NZDCHF,1788496040,ASIA,NK,CALL,REQUIRED_NEW_DECISION,meaningful_change,REQUIRED_NEW_DECISION,meaningful_change,request_state:po3.t_bos+po3.t_disp+po3.t_sweep|new_candidate,591813800_1788495063_34619250_1788495119_NZDCHF_8794,15.366666666666667,0.0,FULL_STRUCTURED,ai_approved,APPROVE,True,luna,stored,analyst_approve_critic_pass,False,APPROVE,
591813800_1788495063_34619250_1788499704_NZDCHF_6820,591813800,591813800_1788495063_34619250,NZDCHF,1788499703,ASIA,NK,CALL,REQUIRED_NEW_DECISION,prior_decision_approved_never_reused,REQUIRED_NEW_DECISION,prior_decision_approved_never_reused,,591813800_1788495063_34619250_1788496040_NZDCHF_27355,61.05,0.0,FULL_STRUCTURED,ai_abstained,ABSTAIN,False,luna,stored,qualitative_block_upheld,True,ABSTAIN,
591813800_1788495063_34619250_1788501532_NZDCHF_23066,591813800,591813800_1788495063_34619250,NZDCHF,1788501532,ASIA,NK,CALL,OTHER_REQUIRED,borderline_prior_requires_fresh_review,OTHER_REQUIRED,borderline_prior_requires_fresh_review,,591813800_1788495063_34619250_1788499704_NZDCHF_6820,30.483333333333334,0.0,FULL_STRUCTURED,ai_abstained,ABSTAIN,False,luna,stored,qualitative_block_upheld,True,ABSTAIN,
591813800_1788495063_34619250_1788503358_NZDCHF_23385,591813800,591813800_1788495063_34619250,NZDCHF,1788503048,ASIA,NK,CALL,REQUIRED_NEW_DECISION,meaningful_change,REQUIRED_NEW_DECISION,meaningful_change,identity:python.model_id+python.provider_id|new_candidate,591813800_1788495063_34619250_1788501532_NZDCHF_23066,25.266666666666666,0.0,DEGRADED_NON_TRADING,provider_transport_error,REJECT,False,other,non_full_structured_decision,,False,,
591813800_1788495063_34619250_1788505184_NZDCHF_9796,591813800,591813800_1788495063_34619250,NZDCHF,1788503048,ASIA,NK,CALL,REQUIRED_NEW_DECISION,meaningful_change,REQUIRED_NEW_DECISION,meaningful_change,identity:python.model_id+python.provider_id|new_candidate,591813800_1788495063_34619250_1788501532_NZDCHF_23066,25.266666666666666,0.0,DEGRADED_NON_TRADING,provider_transport_error,REJECT,False,other,non_full_structured_decision,,False,,
591813800_1788495063_34619250_1788507010_NZDCHF_31162,591813800,591813800_1788495063_34619250,NZDCHF,1788503048,ASIA,NK,CALL,REQUIRED_NEW_DECISION,meaningful_change,REQUIRED_NEW_DECISION,meaningful_change,identity:python.model_id+python.provider_id|new_candidate,591813800_1788495063_34619250_1788501532_NZDCHF_23066,25.266666666666666,0.0,DEGRADED_NON_TRADING,provider_transport_error,REJECT,False,other,non_full_structured_decision,,False,,
591813800_1788495063_34619250_1788508836_NZDCHF_195,591813800,591813800_1788495063_34619250,NZDCHF,1788503048,ASIA,NK,CALL,REQUIRED_NEW_DECISION,meaningful_change,REQUIRED_NEW_DECISION,meaningful_change,identity:python.model_id+python.provider_id|new_candidate,591813800_1788495063_34619250_1788501532_NZDCHF_23066,25.266666666666666,0.0,DEGRADED_NON_TRADING,provider_transport_error,REJECT,False,other,non_full_structured_decision,,False,,
591813800_1788495063_34619250_1788510662_NZDCHF_16081,591813800,591813800_1788495063_34619250,NZDCHF,1788503048,ASIA,NK,CALL,REQUIRED_NEW_DECISION,meaningful_change,REQUIRED_NEW_DECISION,meaningful_change,identity:python.model_id+python.provider_id|new_candidate,591813800_1788495063_34619250_1788501532_NZDCHF_23066,25.266666666666666,0.0,DEGRADED_NON_TRADING,provider_transport_error,REJECT,False,other,non_full_structured_decision,,False,,
591813800_1788495063_34619250_1788512485_NZDCHF_23886,591813800,591813800_1788495063_34619250,NZDCHF,1788503048,ASIA,NK,CALL,REQUIRED_NEW_DECISION,meaningful_change,REQUIRED_NEW_DECISION,meaningful_change,identity:python.model_id+python.provider_id|new_candidate,591813800_1788495063_34619250_1788501532_NZDCHF_23066,25.266666666666666,0.0,DEGRADED_NON_TRADING,provider_transport_error,REJECT,False,other,non_full_structured_decision,,False,,
591813800_1788495063_34619250_1788514311_NZDCHF_23578,591813800,591813800_1788495063_34619250,NZDCHF,1788503048,ASIA,NK,CALL,REQUIRED_NEW_DECISION,meaningful_change,REQUIRED_NEW_DECISION,meaningful_change,identity:python.model_id+python.provider_id|new_candidate,591813800_1788495063_34619250_1788501532_NZDCHF_23066,25.266666666666666,0.0,DEGRADED_NON_TRADING,provider_transport_error,REJECT,False,other,non_full_structured_decision,,False,,
591813800_1788495063_34619250_1788516137_NZDCHF_1205,591813800,591813800_1788495063_34619250,NZDCHF,1788503048,ASIA,NK,CALL,REQUIRED_NEW_DECISION,meaningful_change,REQUIRED_NEW_DECISION,meaningful_change,identity:python.model_id+python.provider_id|new_candidate,591813800_1788495063_34619250_1788501532_NZDCHF_23066,25.266666666666666,0.0,DEGRADED_NON_TRADING,provider_transport_error,REJECT,False,other,non_full_structured_decision,,False,,
591813800_1788495063_34619250_1788517962_NZDCHF_741,591813800,591813800_1788495063_34619250,NZDCHF,1788503048,ASIA,NK,CALL,REQUIRED_NEW_DECISION,meaningful_change,REQUIRED_NEW_DECISION,meaningful_change,identity:python.model_id+python.provider_id|new_candidate,591813800_1788495063_34619250_1788501532_NZDCHF_23066,25.266666666666666,0.0,DEGRADED_NON_TRADING,provider_transport_error,REJECT,False,other,non_full_structured_decision,,False,,
591813800_1788495063_34619250_1788519787_NZDCHF_11252,591813800,591813800_1788495063_34619250,NZDCHF,1788503048,ASIA,NK,CALL,REQUIRED_NEW_DECISION,meaningful_change,REQUIRED_NEW_DECISION,meaningful_change,identity:python.model_id+python.provider_id|new_candidate,591813800_1788495063_34619250_1788501532_NZDCHF_23066,25.266666666666666,0.0,DEGRADED_NON_TRADING,provider_transport_error,REJECT,False,other,non_full_structured_decision,,False,,
591813800_1788495063_34619250_1788521613_NZDCHF_28567,591813800,591813800_1788495063_34619250,NZDCHF,1788503048,ASIA,NK,CALL,REQUIRED_NEW_DECISION,meaningful_change,REQUIRED_NEW_DECISION,meaningful_change,identity:python.model_id+python.provider_id|new_candidate,591813800_1788495063_34619250_1788501532_NZDCHF_23066,25.266666666666666,0.0,DEGRADED_NON_TRADING,provider_transport_error,REJECT,False,other,non_full_structured_decision,,False,,
591813800_1788495063_34619250_1788523439_NZDCHF_27403,591813800,591813800_1788495063_34619250,NZDCHF,1788503048,ASIA,NK,CALL,REQUIRED_NEW_DECISION,meaningful_change,REQUIRED_NEW_DECISION,meaningful_change,identity:python.model_id+python.provider_id|new_candidate,591813800_1788495063_34619250_1788501532_NZDCHF_23066,25.266666666666666,0.0,DEGRADED_NON_TRADING,provider_transport_error,REJECT,False,other,non_full_structured_decision,,False,,
591813800_1788495063_34619250_1788525265_NZDCHF_4042,591813800,591813800_1788495063_34619250,NZDCHF,1788503048,ASIA,NK,CALL,REQUIRED_NEW_DECISION,meaningful_change,REQUIRED_NEW_DECISION,meaningful_change,identity:python.model_id+python.provider_id|new_candidate,591813800_1788495063_34619250_1788501532_NZDCHF_23066,25.266666666666666,0.0,DEGRADED_NON_TRADING,provider_transport_error,REJECT,False,other,non_full_structured_decision,,False,,
591813800_1788495063_34619250_1788529849_NZDCHF_21676,591813800,591813800_1788495063_34619250,NZDCHF,1788529653,LON,NK,CALL,SCHEDULED_REVIEW_WITH_MEANINGFUL_CHANGE,meaningful_change,SCHEDULED_REVIEW_WITH_MEANINGFUL_CHANGE,meaningful_change,identity:python.model_id+python.provider_id|session_transition|request_state:po3.liquidity_kind+po3.t_bos+po3.t_disp+po3.t_sweep|new_candidate,591813800_1788495063_34619250_1788501532_NZDCHF_23066,468.68333333333334,0.0,DEGRADED_NON_TRADING,provider_transport_error,REJECT,False,other,non_full_structured_decision,,False,,
591813800_1786932611_30404328_1786936373_NZDJPY_14820,591813800,591813800_1786932611_30404328,NZDJPY,1786936373,ASIA,NK,CALL,REQUIRED_NEW_DECISION,no_prior_authoritative_decision,REQUIRED_NEW_DECISION,no_prior_authoritative_decision,,,,0.0,FULL_STRUCTURED,ai_rejected,REJECT,False,luna,stored,qualitative_block_upheld,True,REJECT,
591813800_1788837043_120154281_1788837654_NZDJPY_23250,591813800,591813800_1788837043_120154281,NZDJPY,1788837653,ASIA,NK,CALL,SCHEDULED_REVIEW_WITH_MEANINGFUL_CHANGE,meaningful_change,SCHEDULED_REVIEW_WITH_MEANINGFUL_CHANGE,meaningful_change,identity:contract_manifest_hash+decision_input_hash+python.family_profile_version+runtime_input_hash|request_state:is_buy+po3.context_tier+po3.has_bos+po3.has_sweep+po3.htf_bos+po3.htf_choch+po3.htf_mss+po3.liquidity_kind+po3.ltf_bos+po3.po3_state+po3.structure_type+po3.sweep_side+po3.t_bos+po3.t_disp+po3.t_sweep|new_candidate,591813800_1786932611_30404328_1786936373_NZDJPY_14820,31688.0,0.0,FULL_STRUCTURED,ai_abstained,ABSTAIN,False,luna,stored,analyst_abstain_below_adjudication_floor,False,ABSTAIN,
591813800_1788837043_120154281_1788841885_NZDJPY_23240,591813800,591813800_1788837043_120154281,NZDJPY,1788841884,ASIA,NK,CALL,SCHEDULED_REVIEW_WITH_MEANINGFUL_CHANGE,meaningful_change,SCHEDULED_REVIEW_WITH_MEANINGFUL_CHANGE,meaningful_change,new_candidate|price_drift,591813800_1788837043_120154281_1788837654_NZDJPY_23250,70.51666666666667,0.0,FULL_STRUCTURED,ai_abstained,ABSTAIN,False,luna,stored,analyst_abstain_below_adjudication_floor,False,ABSTAIN,
591813800_1788837043_120154281_1788842488_NZDJPY_21597,591813800,591813800_1788837043_120154281,NZDJPY,1788842488,ASIA,NK,CALL,REQUIRED_NEW_DECISION,meaningful_change,REQUIRED_NEW_DECISION,meaningful_change,new_candidate,591813800_1788837043_120154281_1788841885_NZDJPY_23240,10.066666666666666,0.0,FULL_STRUCTURED,ai_abstained,ABSTAIN,False,luna,stored,analyst_abstain_below_adjudication_floor,False,ABSTAIN,
591813800_1788925102_208218984_1788927574_NZDJPY_20943,591813800,591813800_1788925102_208218984,NZDJPY,1788927574,ASIA,NK,CALL,SCHEDULED_REVIEW_WITH_MEANINGFUL_CHANGE,meaningful_change,SCHEDULED_REVIEW_WITH_MEANINGFUL_CHANGE,meaningful_change,identity:contract_manifest_hash+decision_input_hash+python.family_profile_version+python.model_id+python.provider_id+runtime_input_hash|request_state:po3.developing_bos+po3.has_sweep+po3.liquidity_kind+po3.ltf_bos+po3.structure_type+po3.sweep_side+po3.t_disp+po3.t_sweep|new_candidate,591813800_1788837043_120154281_1788842488_NZDJPY_21597,1418.1,0.0,FULL_STRUCTURED,ai_rejected,REJECT,False,luna,stored,analyst_reject,False,REJECT,
591813800_1788925102_208218984_1788928793_NZDJPY_10733,591813800,591813800_1788925102_208218984,NZDJPY,1788928793,ASIA,NK,REUSE,UNCHANGED_STATE,unchanged_decisive_non_approval_within_ttl,UNCHANGED_STATE,unchanged_decisive_non_approval_within_ttl,,591813800_1788925102_208218984_1788927574_NZDJPY_20943,20.316666666666666,30.0,FULL_STRUCTURED,ai_rejected,REJECT,False,luna,,analyst_reject,False,REJECT,
591813800_1788925102_208218984_1788930010_NZDJPY_28414,591813800,591813800_1788925102_208218984,NZDJPY,1788930010,ASIA,NK,CALL,SCHEDULED_REVIEW_WITH_MEANINGFUL_CHANGE,meaningful_change,SCHEDULED_REVIEW_WITH_MEANINGFUL_CHANGE,meaningful_change,new_candidate,591813800_1788925102_208218984_1788927574_NZDJPY_20943,40.6,0.0,FULL_STRUCTURED,ai_abstained,ABSTAIN,False,luna,stored,qualitative_dispute_unresolved,True,ABSTAIN,
591813800_1788925102_208218984_1788931828_NZDJPY_9052,591813800,591813800_1788925102_208218984,NZDJPY,1788931827,ASIA,NK,CALL,SCHEDULED_REVIEW_WITH_MEANINGFUL_CHANGE,meaningful_change,SCHEDULED_REVIEW_WITH_MEANINGFUL_CHANGE,meaningful_change,candidate_state:entry_trigger_phase+fvg_execution_class+fvg_mitigation_state+fvg_touched|new_candidate,591813800_1788925102_208218984_1788930010_NZDJPY_28414,30.283333333333335,0.0,FULL_STRUCTURED,ai_abstained,ABSTAIN,False,luna,stored,analyst_abstain_below_adjudication_floor,False,ABSTAIN,
591813800_1788925102_208218984_1788933039_NZDJPY_10845,591813800,591813800_1788925102_208218984,NZDJPY,1788933039,ASIA,NK,CALL,REQUIRED_NEW_DECISION,meaningful_change,REQUIRED_NEW_DECISION,meaningful_change,new_candidate,591813800_1788925102_208218984_1788931828_NZDJPY_9052,20.2,0.0,FULL_STRUCTURED,ai_rejected,REJECT,False,luna,stored,analyst_reject,False,REJECT,
591813800_1788925102_208218984_1788934857_NZDJPY_28154,591813800,591813800_1788925102_208218984,NZDJPY,1788934856,ASIA,NK,CALL,OTHER_REQUIRED,decisive_prior_ttl_expired,OTHER_REQUIRED,decisive_prior_ttl_expired,,591813800_1788925102_208218984_1788933039_NZDJPY_10845,30.283333333333335,30.0,FULL_STRUCTURED,ai_abstained,ABSTAIN,False,luna,stored,analyst_abstain_below_adjudication_floor,False,ABSTAIN,
591813800_1788925102_208218984_1788936070_NZDJPY_13627,591813800,591813800_1788925102_208218984,NZDJPY,1788936069,ASIA,NK,CALL,OTHER_REQUIRED,borderline_prior_requires_fresh_review,OTHER_REQUIRED,borderline_prior_requires_fresh_review,,591813800_1788925102_208218984_1788934857_NZDJPY_28154,20.216666666666665,0.0,FULL_STRUCTURED,ai_abstained,ABSTAIN,False,luna,stored,qualitative_dispute_unresolved,True,ABSTAIN,
591813800_1788925102_208218984_1788937284_NZDJPY_24502,591813800,591813800_1788925102_208218984,NZDJPY,1788937283,ASIA,NK,CALL,REQUIRED_NEW_DECISION,meaningful_change,REQUIRED_NEW_DECISION,meaningful_change,request_state:po3.context_tier+po3.developing_bos+po3.has_bos+po3.htf_bos+po3.po3_state+po3.structure_type+po3.t_bos|new_candidate,591813800_1788925102_208218984_1788936070_NZDJPY_13627,20.233333333333334,0.0,FULL_STRUCTURED,ai_rejected,REJECT,False,luna,stored,analyst_reject,False,REJECT,
591813800_1788925102_208218984_1788938495_NZDJPY_13912,591813800,591813800_1788925102_208218984,NZDJPY,1788938495,ASIA,NK,CALL,REQUIRED_NEW_DECISION,meaningful_change,REQUIRED_NEW_DECISION,meaningful_change,new_candidate,591813800_1788925102_208218984_1788937284_NZDJPY_24502,20.2,0.0,FULL_STRUCTURED,ai_rejected,REJECT,False,luna,stored,analyst_reject,False,REJECT,
591813800_1788925102_208218984_1788939105_NZDJPY_17483,591813800,591813800_1788925102_208218984,NZDJPY,1788939105,ASIA,NK,CALL,REQUIRED_NEW_DECISION,meaningful_change,REQUIRED_NEW_DECISION,meaningful_change,new_candidate,591813800_1788925102_208218984_1788938495_NZDJPY_13912,10.166666666666666,0.0,FULL_STRUCTURED,ai_abstained,ABSTAIN,False,luna,stored,analyst_abstain_below_adjudication_floor,False,ABSTAIN,
591813800_1788925102_208218984_1788939709_NZDJPY_27047,591813800,591813800_1788925102_208218984,NZDJPY,1788939708,ASIA,NK,CALL,REQUIRED_NEW_DECISION,meaningful_change,REQUIRED_NEW_DECISION,meaningful_change,new_candidate,591813800_1788925102_208218984_1788939105_NZDJPY_17483,10.05,0.0,FULL_STRUCTURED,ai_rejected,REJECT,False,luna,stored,analyst_reject,False,REJECT,
591813800_1788925102_208218984_1788940923_NZDJPY_20575,591813800,591813800_1788925102_208218984,NZDJPY,1788940922,ASIA,NK,CALL,REQUIRED_NEW_DECISION,meaningful_change,REQUIRED_NEW_DECISION,meaningful_change,new_candidate,591813800_1788925102_208218984_1788939709_NZDJPY_27047,20.233333333333334,0.0,FULL_STRUCTURED,ai_abstained,ABSTAIN,False,luna,stored,analyst_abstain_below_adjudication_floor,False,ABSTAIN,
591813800_1788925102_208218984_1788943364_NZDJPY_10401,591813800,591813800_1788925102_208218984,NZDJPY,1788943364,ASIA,NK,CALL,SCHEDULED_REVIEW_WITH_MEANINGFUL_CHANGE,meaningful_change,SCHEDULED_REVIEW_WITH_MEANINGFUL_CHANGE,meaningful_change,new_candidate,591813800_1788925102_208218984_1788940923_NZDJPY_20575,40.7,0.0,FULL_STRUCTURED,ai_rejected,REJECT,False,luna,stored,analyst_reject,False,REJECT,
591813800_1788925102_208218984_1788944584_NZDJPY_27419,591813800,591813800_1788925102_208218984,NZDJPY,1788944584,ASIA,NK,CALL,REQUIRED_NEW_DECISION,meaningful_change,REQUIRED_NEW_DECISION,meaningful_change,new_candidate,591813800_1788925102_208218984_1788943364_NZDJPY_10401,20.333333333333332,0.0,FULL_STRUCTURED,ai_rejected,REJECT,False,luna,stored,analyst_reject,False,REJECT,
591813800_1788925102_208218984_1788945803_NZDJPY_6292,591813800,591813800_1788925102_208218984,NZDJPY,1788945802,ASIA,NK,CALL,REQUIRED_NEW_DECISION,meaningful_change,REQUIRED_NEW_DECISION,meaningful_change,new_candidate|candidate_state:target_source+tp_model,591813800_1788925102_208218984_1788944584_NZDJPY_27419,20.3,0.0,FULL_STRUCTURED,ai_rejected,REJECT,False,luna,stored,analyst_reject,False,REJECT,
591813800_1788925102_208218984_1788947027_NZDJPY_6426,591813800,591813800_1788925102_208218984,NZDJPY,1788947026,ASIA,NK,CALL,REQUIRED_NEW_DECISION,meaningful_change,REQUIRED_NEW_DECISION,meaningful_change,new_candidate|candidate_state:target_source+tp_model,591813800_1788925102_208218984_1788945803_NZDJPY_6292,20.4,0.0,FULL_STRUCTURED,ai_abstained,ABSTAIN,False,luna,stored,analyst_abstain_below_adjudication_floor,False,ABSTAIN,
591813800_1788925102_208218984_1788948255_NZDJPY_21788,591813800,591813800_1788925102_208218984,NZDJPY,1788948255,ASIA,NK,CALL,REQUIRED_NEW_DECISION,meaningful_change,REQUIRED_NEW_DECISION,meaningful_change,new_candidate,591813800_1788925102_208218984_1788947027_NZDJPY_6426,20.483333333333334,0.0,FULL_STRUCTURED,ai_rejected,REJECT,False,luna,stored,analyst_reject,False,REJECT,
591813800_1788925102_208218984_1788949481_NZDJPY_25092,591813800,591813800_1788925102_208218984,NZDJPY,1788949481,ASIA,NK,CALL,OTHER_REQUIRED,borderline_prior_requires_fresh_review,OTHER_REQUIRED,borderline_prior_requires_fresh_review,,591813800_1788925102_208218984_1788948255_NZDJPY_21788,20.433333333333334,0.0,FULL_STRUCTURED,ai_rejected,REJECT,False,luna,stored,analyst_reject,False,REJECT,
591813800_1788925102_208218984_1788950713_NZDJPY_26951,591813800,591813800_1788925102_208218984,NZDJPY,1788950713,ASIA,NK,REUSE,UNCHANGED_STATE,unchanged_decisive_non_approval_within_ttl,UNCHANGED_STATE,unchanged_decisive_non_approval_within_ttl,,591813800_1788925102_208218984_1788949481_NZDJPY_25092,20.533333333333335,30.0,FULL_STRUCTURED,ai_rejected,REJECT,False,luna,,analyst_reject,False,REJECT,
591813800_1788925102_208218984_1788951947_NZDJPY_23802,591813800,591813800_1788925102_208218984,NZDJPY,1788951947,ASIA,NK,CALL,SCHEDULED_REVIEW_WITH_MEANINGFUL_CHANGE,meaningful_change,SCHEDULED_REVIEW_WITH_MEANINGFUL_CHANGE,meaningful_change,new_candidate,591813800_1788925102_208218984_1788949481_NZDJPY_25092,41.1,0.0,FULL_STRUCTURED,ai_rejected,REJECT,False,luna,stored,analyst_reject,False,REJECT,
591813800_1786506858_391793203_1786506939_NZDUSD_12141,591813800,591813800_1786506858_391793203,NZDUSD,1786506939,ASIA,NK,CALL,REQUIRED_NEW_DECISION,no_prior_authoritative_decision,REQUIRED_NEW_DECISION,no_prior_authoritative_decision,,,,0.0,FULL_STRUCTURED,ai_abstained,ABSTAIN,False,other,stored,qualitative_dispute_unresolved,True,ABSTAIN,
591813800_1788495063_34619250_1788526184_NZDUSD_595,591813800,591813800_1788495063_34619250,NZDUSD,1788526182,ASIA,K,CALL,SCHEDULED_REVIEW_WITH_MEANINGFUL_CHANGE,meaningful_change,SCHEDULED_REVIEW_WITH_MEANINGFUL_CHANGE,meaningful_change,identity:contract_manifest_hash+decision_input_hash+python.family_profile_version+python.model_id+runtime_input_hash|killzone_transition|request_state:po3.developing_bos+po3.has_follow_through+po3.has_sweep+po3.liquidity_kind+po3.ltf_bos+po3.structure_type+po3.sweep_side+po3.t_disp+po3.t_sweep|new_candidate,591813800_1786506858_391793203_1786506939_NZDUSD_12141,33654.05,0.0,DEGRADED_NON_TRADING,final_response_contract_invalid,REJECT,False,luna,non_full_structured_decision,panel_shortcircuit_analyst_cannot_approve_and_expectancy_below_gate_margin,False,ABSTAIN,
591813800_1788495063_34619250_1788528020_NZDUSD_21820,591813800,591813800_1788495063_34619250,NZDUSD,1788528020,LON,NK,CALL,SCHEDULED_REVIEW_WITH_MEANINGFUL_CHANGE,meaningful_change,SCHEDULED_REVIEW_WITH_MEANINGFUL_CHANGE,meaningful_change,identity:contract_manifest_hash+decision_input_hash+python.family_profile_version+python.model_id+runtime_input_hash|session_transition|request_state:po3.context_tier+po3.developing_bos+po3.has_bos+po3.has_follow_through+po3.htf_bos+po3.htf_choch+po3.htf_mss+po3.liquidity_kind+po3.po3_state+po3.structure_type+po3.t_bos+po3.t_disp+po3.t_sweep|new_candidate,591813800_1786506858_391793203_1786506939_NZDUSD_12141,33684.683333333334,0.0,DEGRADED_NON_TRADING,final_response_contract_invalid,REJECT,False,luna,non_full_structured_decision,panel_shortcircuit_analyst_cannot_approve_and_expectancy_below_gate_margin,False,REJECT,
591813800_1788495063_34619250_1788528935_NZDUSD_12873,591813800,591813800_1788495063_34619250,NZDUSD,1788528934,LON,NK,CALL,SCHEDULED_REVIEW_WITH_MEANINGFUL_CHANGE,meaningful_change,SCHEDULED_REVIEW_WITH_MEANINGFUL_CHANGE,meaningful_change,identity:contract_manifest_hash+decision_input_hash+python.family_profile_version+python.model_id+runtime_input_hash|session_transition|request_state:po3.context_tier+po3.developing_bos+po3.has_bos+po3.has_follow_through+po3.htf_bos+po3.htf_choch+po3.htf_mss+po3.liquidity_kind+po3.po3_state+po3.structure_type+po3.t_bos+po3.t_disp+po3.t_sweep|new_candidate,591813800_1786506858_391793203_1786506939_NZDUSD_12141,33699.916666666664,0.0,FULL_STRUCTURED,ai_abstained,ABSTAIN,False,luna,stored,qualitative_block_upheld,True,ABSTAIN,
591813800_1788495063_34619250_1788529849_NZDUSD_19840,591813800,591813800_1788495063_34619250,NZDUSD,1788529653,LON,NK,CALL,REQUIRED_NEW_DECISION,meaningful_change,REQUIRED_NEW_DECISION,meaningful_change,identity:python.model_id+python.provider_id|new_candidate,591813800_1788495063_34619250_1788528935_NZDUSD_12873,11.983333333333333,0.0,DEGRADED_NON_TRADING,provider_transport_error,REJECT,False,other,non_full_structured_decision,,False,,
591813800_1788495063_34619250_1788530771_NZDUSD_29024,591813800,591813800_1788495063_34619250,NZDUSD,1788530770,LON,NK,CALL,SCHEDULED_REVIEW_WITH_MEANINGFUL_CHANGE,meaningful_change,SCHEDULED_REVIEW_WITH_MEANINGFUL_CHANGE,meaningful_change,request_state:po3.context_tier+po3.has_bos+po3.has_sweep+po3.htf_bos+po3.htf_choch+po3.htf_mss+po3.liquidity_kind+po3.ltf_bos+po3.po3_state+po3.structure_type+po3.sweep_side+po3.t_bos+po3.t_disp+po3.t_sweep|new_candidate,591813800_1788495063_34619250_1788528935_NZDUSD_12873,30.6,0.0,DEGRADED_NON_TRADING,final_response_contract_invalid,REJECT,False,luna,non_full_structured_decision,panel_shortcircuit_analyst_cannot_approve_and_expectancy_below_gate_margin,False,ABSTAIN,
591813800_1788495063_34619250_1788532614_NZDUSD_31211,591813800,591813800_1788495063_34619250,NZDUSD,1788532613,LON,NK,CALL,SCHEDULED_REVIEW_WITH_MEANINGFUL_CHANGE,meaningful_change,SCHEDULED_REVIEW_WITH_MEANINGFUL_CHANGE,meaningful_change,identity:python.model_id+python.provider_id|request_state:po3.context_tier+po3.has_bos+po3.has_sweep+po3.htf_bos+po3.htf_choch+po3.htf_mss+po3.liquidity_kind+po3.ltf_bos+po3.po3_state+po3.structure_type+po3.sweep_side+po3.t_bos+po3.t_disp+po3.t_sweep|new_candidate,591813800_1788495063_34619250_1788528935_NZDUSD_12873,61.31666666666667,0.0,DEGRADED_NON_TRADING,provider_transport_error,REJECT,False,other,non_full_structured_decision,,False,,
591813800_1788495063_34619250_1788533536_NZDUSD_27936,591813800,591813800_1788495063_34619250,NZDUSD,1788533417,LON,NK,CALL,SCHEDULED_REVIEW_WITH_MEANINGFUL_CHANGE,meaningful_change,SCHEDULED_REVIEW_WITH_MEANINGFUL_CHANGE,meaningful_change,identity:python.model_id+python.provider_id|new_candidate,591813800_1788495063_34619250_1788528935_NZDUSD_12873,74.71666666666667,0.0,DEGRADED_NON_TRADING,provider_transport_error,REJECT,False,other,non_full_structured_decision,,False,,
591813800_1788540249_79807218_1788545800_NZDUSD_5399,591813800,591813800_1788540249_79807218,NZDUSD,1788545800,LON,NK,CALL,SCHEDULED_REVIEW_WITH_MEANINGFUL_CHANGE,meaningful_change,SCHEDULED_REVIEW_WITH_MEANINGFUL_CHANGE,meaningful_change,new_candidate,591813800_1788495063_34619250_1788528935_NZDUSD_12873,281.1,0.0,FULL_STRUCTURED,ai_abstained,ABSTAIN,False,luna,stored,analyst_abstain_below_adjudication_floor,False,ABSTAIN,
591813800_1788540249_79807218_1788547633_NZDUSD_31176,591813800,591813800_1788540249_79807218,NZDUSD,1788547632,LON,NK,CALL,SCHEDULED_REVIEW_WITH_MEANINGFUL_CHANGE,meaningful_change,SCHEDULED_REVIEW_WITH_MEANINGFUL_CHANGE,meaningful_change,new_candidate,591813800_1788540249_79807218_1788545800_NZDUSD_5399,30.533333333333335,0.0,FULL_STRUCTURED,ai_abstained,ABSTAIN,False,luna,stored,analyst_abstain_below_adjudication_floor,False,ABSTAIN,
591813800_1788795820_78928968_1788795848_NZDUSD_22380,591813800,591813800_1788795820_78928968,NZDUSD,1788795848,LON,NK,CALL,SCHEDULED_REVIEW_WITH_MEANINGFUL_CHANGE,meaningful_change,SCHEDULED_REVIEW_WITH_MEANINGFUL_CHANGE,meaningful_change,identity:decision_input_hash+python.model_id+python.provider_id+runtime_input_hash|request_state:po3.context_tier+po3.developing_bos+po3.has_bos+po3.htf_bos+po3.htf_choch+po3.htf_mss+po3.liquidity_kind+po3.ltf_choch+po3.ltf_mss+po3.po3_state+po3.structure_type+po3.t_bos+po3.t_disp+po3.t_sweep|new_candidate,591813800_1788540249_79807218_1788547633_NZDUSD_31176,4136.933333333333,0.0,DEGRADED_NON_TRADING,provider_health_no_trade,ABSTAIN,False,other,non_full_structured_decision,,False,,
591813800_1788798902_82010906_1788799823_NZDUSD_13683,591813800,591813800_1788798902_82010906,NZDUSD,1788799823,LON,NK,CALL,SCHEDULED_REVIEW_WITH_MEANINGFUL_CHANGE,meaningful_change,SCHEDULED_REVIEW_WITH_MEANINGFUL_CHANGE,meaningful_change,identity:decision_input_hash+runtime_input_hash|request_state:po3.context_tier+po3.developing_bos+po3.has_bos+po3.htf_bos+po3.htf_choch+po3.htf_mss+po3.liquidity_kind+po3.ltf_choch+po3.ltf_mss+po3.po3_state+po3.structure_type+po3.t_bos+po3.t_disp+po3.t_sweep|new_candidate,591813800_1788540249_79807218_1788547633_NZDUSD_31176,4203.183333333333,0.0,FULL_STRUCTURED,ai_rejected,REJECT,False,luna,stored,analyst_reject,False,REJECT,
591813800_1788798902_82010906_1788803450_NZDUSD_26887,591813800,591813800_1788798902_82010906,NZDUSD,1788803449,LON,NK,CALL,SCHEDULED_REVIEW_WITH_MEANINGFUL_CHANGE,meaningful_change,SCHEDULED_REVIEW_WITH_MEANINGFUL_CHANGE,meaningful_change,new_candidate,591813800_1788798902_82010906_1788799823_NZDUSD_13683,60.43333333333333,0.0,FULL_STRUCTURED,ai_rejected,REJECT,False,luna,stored,analyst_reject,False,REJECT,
591813800_1788798902_82010906_1788804354_NZDUSD_4381,591813800,591813800_1788798902_82010906,NZDUSD,1788804354,LON,NK,CALL,OTHER_REQUIRED,decisive_prior_ttl_expired,OTHER_REQUIRED,decisive_prior_ttl_expired,,591813800_1788798902_82010906_1788803450_NZDUSD_26887,15.083333333333334,15.0,FULL_STRUCTURED,ai_rejected,REJECT,False,luna,stored,analyst_reject,False,REJECT,
591813800_1788798902_82010906_1788806166_NZDUSD_30613,591813800,591813800_1788798902_82010906,NZDUSD,1788806166,LON,NK,CALL,SCHEDULED_REVIEW_WITH_MEANINGFUL_CHANGE,meaningful_change,SCHEDULED_REVIEW_WITH_MEANINGFUL_CHANGE,meaningful_change,candidate_state:fvg_execution_class+fvg_mid_mitigated+fvg_mitigation_state+fvg_touched,591813800_1788798902_82010906_1788804354_NZDUSD_4381,30.2,0.0,FULL_STRUCTURED,ai_rejected,REJECT,False,luna,stored,analyst_reject,False,REJECT,
591813800_1788798902_82010906_1788807977_NZDUSD_5404,591813800,591813800_1788798902_82010906,NZDUSD,1788807977,OFF,NK,CALL,SCHEDULED_REVIEW_WITH_MEANINGFUL_CHANGE,meaningful_change,SCHEDULED_REVIEW_WITH_MEANINGFUL_CHANGE,meaningful_change,session_transition,591813800_1788798902_82010906_1788806166_NZDUSD_30613,30.183333333333334,0.0,FULL_STRUCTURED,ai_rejected,REJECT,False,luna,stored,analyst_reject,False,REJECT,
591813800_1788798902_82010906_1788809788_NZDUSD_11738,591813800,591813800_1788798902_82010906,NZDUSD,1788809788,OFF,NK,CALL,OTHER_REQUIRED,borderline_prior_requires_fresh_review,OTHER_REQUIRED,borderline_prior_requires_fresh_review,,591813800_1788798902_82010906_1788807977_NZDUSD_5404,30.183333333333334,0.0,FULL_STRUCTURED,ai_abstained,ABSTAIN,False,luna,stored,analyst_abstain_below_adjudication_floor,False,ABSTAIN,
591813800_1788798902_82010906_1788810694_NZDUSD_3385,591813800,591813800_1788798902_82010906,NZDUSD,1788810694,OFF,NK,CALL,OTHER_REQUIRED,borderline_prior_requires_fresh_review,OTHER_REQUIRED,borderline_prior_requires_fresh_review,,591813800_1788798902_82010906_1788809788_NZDUSD_11738,15.1,0.0,FULL_STRUCTURED,ai_rejected,REJECT,False,luna,stored,analyst_reject,False,REJECT,
591813800_1788798902_82010906_1788812506_NZDUSD_20153,591813800,591813800_1788798902_82010906,NZDUSD,1788812505,OFF,NK,CALL,SCHEDULED_REVIEW_WITH_MEANINGFUL_CHANGE,meaningful_change,SCHEDULED_REVIEW_WITH_MEANINGFUL_CHANGE,meaningful_change,identity:python.model_id+python.provider_id,591813800_1788798902_82010906_1788810694_NZDUSD_3385,30.183333333333334,0.0,DEGRADED_NON_TRADING,provider_transport_error,REJECT,False,other,non_full_structured_decision,,False,,
591813800_1788798902_82010906_1788814317_NZDUSD_5384,591813800,591813800_1788798902_82010906,NZDUSD,1788814316,OFF,NK,CALL,OTHER_REQUIRED,decisive_prior_ttl_expired,OTHER_REQUIRED,decisive_prior_ttl_expired,,591813800_1788798902_82010906_1788810694_NZDUSD_3385,60.36666666666667,30.0,FULL_STRUCTURED,ai_rejected,REJECT,False,luna,stored,analyst_reject,False,REJECT,
591813800_1788798902_82010906_1788815222_NZDUSD_27203,591813800,591813800_1788798902_82010906,NZDUSD,1788815221,OFF,NK,CALL,REQUIRED_NEW_DECISION,meaningful_change,REQUIRED_NEW_DECISION,meaningful_change,identity:python.model_id+python.provider_id,591813800_1788798902_82010906_1788814317_NZDUSD_5384,15.083333333333334,0.0,DEGRADED_NON_TRADING,provider_transport_error,REJECT,False,other,non_full_structured_decision,,False,,
591813800_1788798902_82010906_1788817034_NZDUSD_30575,591813800,591813800_1788798902_82010906,NZDUSD,1788817033,OFF,NK,CALL,OTHER_REQUIRED,decisive_prior_ttl_expired,OTHER_REQUIRED,decisive_prior_ttl_expired,,591813800_1788798902_82010906_1788814317_NZDUSD_5384,45.28333333333333,30.0,FULL_STRUCTURED,ai_rejected,REJECT,False,luna,stored,analyst_reject,False,REJECT,
591813800_1788817575_100685484_1788817593_NZDUSD_26605,591813800,591813800_1788817575_100685484,NZDUSD,1788817593,OFF,NK,REUSE,UNCHANGED_STATE,unchanged_decisive_non_approval_within_ttl,UNCHANGED_STATE,unchanged_decisive_non_approval_within_ttl,,591813800_1788798902_82010906_1788817034_NZDUSD_30575,9.333333333333334,30.0,FULL_STRUCTURED,ai_rejected,REJECT,False,luna,,analyst_reject,False,REJECT,
591813800_1788817590_100700078_1788817598_NZDUSD_6081,591813800,591813800_1788817590_100700078,NZDUSD,1788817597,OFF,NK,REUSE,UNCHANGED_STATE,unchanged_decisive_non_approval_within_ttl,UNCHANGED_STATE,unchanged_decisive_non_approval_within_ttl,,591813800_1788798902_82010906_1788817034_NZDUSD_30575,9.4,30.0,FULL_STRUCTURED,ai_abstained,ABSTAIN,False,luna,,analyst_abstain_below_adjudication_floor,False,ABSTAIN,
591813800_1788817575_100685484_1788819406_NZDUSD_30015,591813800,591813800_1788817575_100685484,NZDUSD,1788819405,OFF,NK,CALL,OTHER_REQUIRED,decisive_prior_ttl_expired,OTHER_REQUIRED,decisive_prior_ttl_expired,,591813800_1788798902_82010906_1788817034_NZDUSD_30575,39.53333333333333,30.0,FULL_STRUCTURED,ai_abstained,ABSTAIN,False,luna,stored,qualitative_block_upheld,True,ABSTAIN,
591813800_1788817590_100700078_1788819410_NZDUSD_22617,591813800,591813800_1788817590_100700078,NZDUSD,1788819409,OFF,NK,CALL,OTHER_REQUIRED,borderline_prior_requires_fresh_review,OTHER_REQUIRED,borderline_prior_requires_fresh_review,,591813800_1788817575_100685484_1788819406_NZDUSD_30015,0.06666666666666667,0.0,FULL_STRUCTURED,ai_rejected,REJECT,False,luna,stored,analyst_reject,False,REJECT,
591813800_1788891743_174857593_1788891765_NZDUSD_15920,591813800,591813800_1788891743_174857593,NZDUSD,1788891764,LON,NK,CALL,SCHEDULED_REVIEW_WITH_MEANINGFUL_CHANGE,meaningful_change,SCHEDULED_REVIEW_WITH_MEANINGFUL_CHANGE,meaningful_change,identity:decision_input_hash+python.family_profile_version+python.model_id+python.prompt_contract_version+python.provider_id+runtime_input_hash|session_transition|request_state:is_buy+po3.developing_bos+po3.has_sweep+po3.liquidity_kind+po3.ltf_bos+po3.ltf_choch+po3.ltf_mss+po3.structure_type+po3.sweep_side+po3.t_disp+po3.t_sweep|new_candidate,591813800_1788817590_100700078_1788819410_NZDUSD_22617,1205.9166666666667,0.0,DEGRADED_NON_TRADING,local_pipeline_error,REJECT,False,luna,non_full_structured_decision,,False,,
591813800_1788925102_208218984_1788925149_NZDUSD_14313,591813800,591813800_1788925102_208218984,NZDUSD,1788925148,ASIA,NK,CALL,SCHEDULED_REVIEW_WITH_MEANINGFUL_CHANGE,meaningful_change,SCHEDULED_REVIEW_WITH_MEANINGFUL_CHANGE,meaningful_change,identity:contract_manifest_hash+decision_input_hash+python.family_profile_version+python.model_id+python.provider_id+runtime_input_hash|session_transition|request_state:is_buy+po3.liquidity_kind+po3.sweep_side+po3.t_disp+po3.t_sweep|new_candidate,591813800_1788817590_100700078_1788819410_NZDUSD_22617,1762.3166666666666,0.0,FULL_STRUCTURED,ai_abstained,ABSTAIN,False,luna,stored,qualitative_dispute_unresolved,True,ABSTAIN,
591813800_1788925102_208218984_1788925757_NZDUSD_24345,591813800,591813800_1788925102_208218984,NZDUSD,1788925757,ASIA,NK,CALL,OTHER_REQUIRED,borderline_prior_requires_fresh_review,OTHER_REQUIRED,borderline_prior_requires_fresh_review,,591813800_1788925102_208218984_1788925149_NZDUSD_14313,10.15,0.0,FULL_STRUCTURED,ai_abstained,ABSTAIN,False,luna,stored,analyst_abstain_below_adjudication_floor,False,ABSTAIN,
591813800_1788925102_208218984_1788926968_NZDUSD_9906,591813800,591813800_1788925102_208218984,NZDUSD,1788926968,ASIA,NK,CALL,REQUIRED_NEW_DECISION,meaningful_change,REQUIRED_NEW_DECISION,meaningful_change,new_candidate,591813800_1788925102_208218984_1788925757_NZDUSD_24345,20.183333333333334,0.0,FULL_STRUCTURED,ai_abstained,ABSTAIN,False,luna,stored,qualitative_dispute_unresolved,True,ABSTAIN,
591813800_1788925102_208218984_1788928180_NZDUSD_22691,591813800,591813800_1788925102_208218984,NZDUSD,1788928179,ASIA,NK,CALL,REQUIRED_NEW_DECISION,meaningful_change,REQUIRED_NEW_DECISION,meaningful_change,identity:python.model_id+python.provider_id|new_candidate,591813800_1788925102_208218984_1788926968_NZDUSD_9906,20.183333333333334,0.0,DEGRADED_NON_TRADING,local_pipeline_error,REJECT,False,other,non_full_structured_decision,,False,,
591813800_1788925102_208218984_1788928793_NZDUSD_22815,591813800,591813800_1788925102_208218984,NZDUSD,1788928792,ASIA,NK,CALL,SCHEDULED_REVIEW_WITH_MEANINGFUL_CHANGE,meaningful_change,SCHEDULED_REVIEW_WITH_MEANINGFUL_CHANGE,meaningful_change,new_candidate,591813800_1788925102_208218984_1788926968_NZDUSD_9906,30.4,0.0,FULL_STRUCTURED,ai_abstained,ABSTAIN,False,luna,stored,qualitative_dispute_unresolved,True,ABSTAIN,
591813800_1786490403_375335906_1786490459_SILVER_18702,591813800,591813800_1786490403_375335906,SILVER,1786490457,NY,K,CALL,REQUIRED_NEW_DECISION,no_prior_authoritative_decision,REQUIRED_NEW_DECISION,no_prior_authoritative_decision,,,,0.0,FULL_STRUCTURED,ai_abstained,ABSTAIN,False,other,stored,qualitative_dispute_unresolved,True,ABSTAIN,
591813800_1786932611_30404328_1786933584_SILVER_2417,591813800,591813800_1786932611_30404328,SILVER,1786933583,NY,NK,CALL,SCHEDULED_REVIEW_WITH_MEANINGFUL_CHANGE,meaningful_change,SCHEDULED_REVIEW_WITH_MEANINGFUL_CHANGE,meaningful_change,identity:decision_input_hash+python.model_id+runtime_input_hash|killzone_transition|request_state:po3.has_follow_through+po3.htf_choch+po3.htf_mss+po3.ltf_choch+po3.ltf_mss+po3.structure_type+po3.t_bos+po3.t_disp+po3.t_sweep|new_candidate,591813800_1786490403_375335906_1786490459_SILVER_18702,7385.433333333333,0.0,FULL_STRUCTURED,ai_rejected,REJECT,False,luna,stored,qualitative_block_upheld,True,REJECT,
591813800_1786932611_30404328_1786937294_SILVER_4658,591813800,591813800_1786932611_30404328,SILVER,1786937294,ASIA,NK,CALL,SCHEDULED_REVIEW_WITH_MEANINGFUL_CHANGE,meaningful_change,SCHEDULED_REVIEW_WITH_MEANINGFUL_CHANGE,meaningful_change,session_transition,591813800_1786932611_30404328_1786933584_SILVER_2417,61.85,0.0,FULL_STRUCTURED,ai_rejected,REJECT,False,luna,stored,qualitative_block_upheld,True,REJECT,
591813800_1786932611_30404328_1786938241_SILVER_16574,591813800,591813800_1786932611_30404328,SILVER,1786938241,ASIA,NK,CALL,REQUIRED_NEW_DECISION,meaningful_change,REQUIRED_NEW_DECISION,meaningful_change,candidate_state:target_source+tp_model|price_drift,591813800_1786932611_30404328_1786937294_SILVER_4658,15.783333333333333,0.0,FULL_STRUCTURED,ai_rejected,REJECT,False,luna,stored,qualitative_block_upheld,True,REJECT,
591813800_1786932611_30404328_1786941925_SILVER_4183,591813800,591813800_1786932611_30404328,SILVER,1786941924,ASIA,NK,CALL,SCHEDULED_REVIEW_WITH_MEANINGFUL_CHANGE,meaningful_change,SCHEDULED_REVIEW_WITH_MEANINGFUL_CHANGE,meaningful_change,request_state:is_buy+po3.has_follow_through+po3.liquidity_kind+po3.sweep_side+po3.t_bos+po3.t_disp+po3.t_sweep|new_candidate,591813800_1786932611_30404328_1786938241_SILVER_16574,61.38333333333333,0.0,FULL_STRUCTURED,ai_abstained,ABSTAIN,False,luna,stored,qualitative_block_upheld,True,ABSTAIN,
591813800_1786932611_30404328_1786942843_SILVER_15226,591813800,591813800_1786932611_30404328,SILVER,1786942842,ASIA,NK,CALL,OTHER_REQUIRED,borderline_prior_requires_fresh_review,OTHER_REQUIRED,borderline_prior_requires_fresh_review,,591813800_1786932611_30404328_1786941925_SILVER_4183,15.3,0.0,FULL_STRUCTURED,ai_abstained,ABSTAIN,False,luna,stored,qualitative_block_upheld,True,ABSTAIN,
591813800_1786932611_30404328_1786944679_SILVER_31841,591813800,591813800_1786932611_30404328,SILVER,1786944679,ASIA,NK,CALL,OTHER_REQUIRED,borderline_prior_requires_fresh_review,OTHER_REQUIRED,borderline_prior_requires_fresh_review,,591813800_1786932611_30404328_1786942843_SILVER_15226,30.616666666666667,0.0,FULL_STRUCTURED,ai_rejected,REJECT,False,luna,stored,qualitative_block_upheld,True,REJECT,
591813800_1788495063_34619250_1788496961_SILVER_27022,591813800,591813800_1788495063_34619250,SILVER,1788496961,ASIA,NK,CALL,SCHEDULED_REVIEW_WITH_MEANINGFUL_CHANGE,meaningful_change,SCHEDULED_REVIEW_WITH_MEANINGFUL_CHANGE,meaningful_change,identity:contract_manifest_hash+decision_input_hash+python.family_profile_version+runtime_input_hash|request_state:is_buy+po3.context_tier+po3.has_bos+po3.has_follow_through+po3.has_sweep+po3.htf_bos+po3.htf_choch+po3.htf_mss+po3.liquidity_kind+po3.ltf_bos+po3.ltf_choch+po3.ltf_mss+po3.po3_state+po3.structure_type+po3.sweep_side+po3.t_bos+po3.t_disp+po3.t_sweep|new_candidate,591813800_1786932611_30404328_1786944679_SILVER_31841,25871.366666666665,0.0,DEGRADED_NON_TRADING,final_response_contract_invalid,REJECT,False,luna,non_full_structured_decision,panel_shortcircuit_analyst_cannot_approve_and_expectancy_below_gate_margin,False,ABSTAIN,
591813800_1788767828_50935000_1788767839_SILVER_14872,591813800,591813800_1788767828_50935000,SILVER,1788767838,ASIA,NK,CALL,SCHEDULED_REVIEW_WITH_MEANINGFUL_CHANGE,meaningful_change,SCHEDULED_REVIEW_WITH_MEANINGFUL_CHANGE,meaningful_change,identity:contract_manifest_hash+decision_input_hash+python.family_profile_version+python.model_id+python.provider_id+runtime_input_hash|request_state:is_buy+po3.context_tier+po3.has_bos+po3.has_follow_through+po3.has_sweep+po3.htf_bos+po3.htf_choch+po3.htf_mss+po3.liquidity_kind+po3.ltf_bos+po3.ltf_choch+po3.ltf_mss+po3.po3_state+po3.structure_type+po3.sweep_side+po3.t_bos+po3.t_disp+po3.t_sweep|new_candidate,591813800_1786932611_30404328_1786944679_SILVER_31841,30385.983333333334,0.0,FULL_STRUCTURED,ai_abstained,ABSTAIN,False,other,stored,analyst_abstain_below_adjudication_floor,False,ABSTAIN,
591813800_1788767828_50935000_1788783313_SILVER_24960,591813800,591813800_1788767828_50935000,SILVER,1788783313,ASIA,K,CALL,SCHEDULED_REVIEW_WITH_MEANINGFUL_CHANGE,meaningful_change,SCHEDULED_REVIEW_WITH_MEANINGFUL_CHANGE,meaningful_change,identity:python.model_id+python.provider_id|killzone_transition|request_state:po3.t_disp|new_candidate,591813800_1788767828_50935000_1788767839_SILVER_14872,257.9166666666667,0.0,DEGRADED_NON_TRADING,structured_response_invalid,REJECT,False,other,non_full_structured_decision,,False,,
591813800_1786561284_9977718_1786564217_USDCAD_21795,591813800,591813800_1786561284_9977718,USDCAD,1786564216,OFF,NK,CALL,REQUIRED_NEW_DECISION,no_prior_authoritative_decision,REQUIRED_NEW_DECISION,no_prior_authoritative_decision,,,,0.0,FULL_STRUCTURED,ai_abstained,ABSTAIN,False,other,stored,qualitative_dispute_unresolved,True,ABSTAIN,
591813800_1786561284_9977718_1786564531_USDCAD_22042,591813800,591813800_1786561284_9977718,USDCAD,1786564530,OFF,NK,CALL,REQUIRED_NEW_DECISION,meaningful_change,REQUIRED_NEW_DECISION,meaningful_change,identity:python.model_id+python.provider_id|new_candidate,591813800_1786561284_9977718_1786564217_USDCAD_21795,5.233333333333333,0.0,DEGRADED_NON_TRADING,local_pipeline_error,REJECT,False,other,non_full_structured_decision,,False,,
591813800_1786738700_96564671_1786739667_USDCAD_7783,591813800,591813800_1786738700_96564671,USDCAD,1786739667,OFF,NK,CALL,SCHEDULED_REVIEW_WITH_MEANINGFUL_CHANGE,meaningful_change,SCHEDULED_REVIEW_WITH_MEANINGFUL_CHANGE,meaningful_change,identity:decision_input_hash+python.model_id+runtime_input_hash|request_state:is_buy+po3.has_follow_through+po3.liquidity_kind+po3.ltf_choch+po3.ltf_mss+po3.sweep_side+po3.t_bos+po3.t_disp+po3.t_sweep|new_candidate,591813800_1786561284_9977718_1786564217_USDCAD_21795,2924.1833333333334,0.0,FULL_STRUCTURED,ai_abstained,ABSTAIN,False,luna,stored,qualitative_block_upheld,True,ABSTAIN,
591813800_1786738700_96564671_1786740584_USDCAD_24907,591813800,591813800_1786738700_96564671,USDCAD,1786740584,OFF,NK,CALL,REQUIRED_NEW_DECISION,meaningful_change,REQUIRED_NEW_DECISION,meaningful_change,new_candidate,591813800_1786738700_96564671_1786739667_USDCAD_7783,15.283333333333333,0.0,FULL_STRUCTURED,ai_abstained,ABSTAIN,False,luna,stored,qualitative_dispute_unresolved,True,ABSTAIN,
591813800_1788495063_34619250_1788535381_USDCAD_6937,591813800,591813800_1788495063_34619250,USDCAD,1788535381,LON,NK,CALL,SCHEDULED_REVIEW_WITH_MEANINGFUL_CHANGE,meaningful_change,SCHEDULED_REVIEW_WITH_MEANINGFUL_CHANGE,meaningful_change,identity:contract_manifest_hash+decision_input_hash+python.family_profile_version+python.model_id+python.provider_id+runtime_input_hash|session_transition|request_state:po3.context_tier+po3.has_bos+po3.has_sweep+po3.htf_bos+po3.htf_choch+po3.htf_mss+po3.liquidity_kind+po3.ltf_bos+po3.ltf_choch+po3.ltf_mss+po3.po3_state+po3.structure_type+po3.sweep_side+po3.t_bos+po3.t_disp+po3.t_sweep|new_candidate,591813800_1786738700_96564671_1786740584_USDCAD_24907,29913.283333333333,0.0,DEGRADED_NON_TRADING,local_pipeline_error,REJECT,False,other,non_full_structured_decision,,False,,
591813800_1788767828_50935000_1788768766_USDCAD_2755,591813800,591813800_1788767828_50935000,USDCAD,1788768765,ASIA,NK,CALL,SCHEDULED_REVIEW_WITH_MEANINGFUL_CHANGE,meaningful_change,SCHEDULED_REVIEW_WITH_MEANINGFUL_CHANGE,meaningful_change,identity:contract_manifest_hash+decision_input_hash+python.family_profile_version+python.model_id+python.provider_id+runtime_input_hash|session_transition|request_state:po3.liquidity_kind+po3.ltf_choch+po3.ltf_mss+po3.t_bos+po3.t_disp+po3.t_sweep|new_candidate,591813800_1786738700_96564671_1786740584_USDCAD_24907,33803.01666666667,0.0,FULL_STRUCTURED,ai_abstained,ABSTAIN,False,other,stored,qualitative_dispute_unresolved,True,ABSTAIN,
591813800_1788767828_50935000_1788776041_USDCAD_5075,591813800,591813800_1788767828_50935000,USDCAD,1788776041,ASIA,NK,CALL,SCHEDULED_REVIEW_WITH_MEANINGFUL_CHANGE,meaningful_change,SCHEDULED_REVIEW_WITH_MEANINGFUL_CHANGE,meaningful_change,identity:python.model_id+python.provider_id,591813800_1788767828_50935000_1788768766_USDCAD_2755,121.26666666666667,0.0,DEGRADED_NON_TRADING,local_pipeline_error,REJECT,False,other,non_full_structured_decision,,False,,
591813800_1788767828_50935000_1788779677_USDCAD_8294,591813800,591813800_1788767828_50935000,USDCAD,1788779677,ASIA,NK,CALL,SCHEDULED_REVIEW_WITH_MEANINGFUL_CHANGE,meaningful_change,SCHEDULED_REVIEW_WITH_MEANINGFUL_CHANGE,meaningful_change,identity:python.model_id+python.provider_id,591813800_1788767828_50935000_1788768766_USDCAD_2755,181.86666666666667,0.0,DEGRADED_NON_TRADING,provider_deadline_exceeded,REJECT,False,other,non_full_structured_decision,,False,,
591813800_1788767828_50935000_1788782405_USDCAD_9321,591813800,591813800_1788767828_50935000,USDCAD,1788782404,ASIA,K,CALL,SCHEDULED_REVIEW_WITH_MEANINGFUL_CHANGE,meaningful_change,SCHEDULED_REVIEW_WITH_MEANINGFUL_CHANGE,meaningful_change,identity:python.model_id+python.provider_id|killzone_transition|new_candidate,591813800_1788767828_50935000_1788768766_USDCAD_2755,227.31666666666666,0.0,DEGRADED_NON_TRADING,provider_deadline_exceeded,REJECT,False,other,non_full_structured_decision,,False,,
591813800_1788798902_82010906_1788802543_USDCAD_15338,591813800,591813800_1788798902_82010906,USDCAD,1788802543,LON,NK,CALL,SCHEDULED_REVIEW_WITH_MEANINGFUL_CHANGE,meaningful_change,SCHEDULED_REVIEW_WITH_MEANINGFUL_CHANGE,meaningful_change,identity:python.model_id+python.provider_id|session_transition|request_state:po3.context_tier+po3.has_bos+po3.has_sweep+po3.htf_bos+po3.htf_choch+po3.htf_mss+po3.liquidity_kind+po3.ltf_bos+po3.po3_state+po3.structure_type+po3.sweep_side+po3.t_bos+po3.t_disp+po3.t_sweep|new_candidate,591813800_1788767828_50935000_1788768766_USDCAD_2755,562.9666666666667,0.0,DEGRADED_NON_TRADING,provider_transport_error,REJECT,False,other,non_full_structured_decision,,False,,
591813800_1788798902_82010906_1788803450_USDCAD_30805,591813800,591813800_1788798902_82010906,USDCAD,1788803449,LON,NK,CALL,SCHEDULED_REVIEW_WITH_MEANINGFUL_CHANGE,meaningful_change,SCHEDULED_REVIEW_WITH_MEANINGFUL_CHANGE,meaningful_change,identity:python.model_id+python.provider_id|session_transition|request_state:po3.context_tier+po3.has_bos+po3.has_sweep+po3.htf_bos+po3.htf_choch+po3.htf_mss+po3.liquidity_kind+po3.ltf_bos+po3.po3_state+po3.structure_type+po3.sweep_side+po3.t_bos+po3.t_disp+po3.t_sweep|new_candidate,591813800_1788767828_50935000_1788768766_USDCAD_2755,578.0666666666667,0.0,FULL_STRUCTURED,ai_rejected,REJECT,False,luna,stored,analyst_reject,False,REJECT,
591813800_1788798902_82010906_1788805261_USDCAD_27960,591813800,591813800_1788798902_82010906,USDCAD,1788805260,LON,NK,CALL,OTHER_REQUIRED,borderline_prior_requires_fresh_review,OTHER_REQUIRED,borderline_prior_requires_fresh_review,,591813800_1788798902_82010906_1788803450_USDCAD_30805,30.183333333333334,0.0,FULL_STRUCTURED,ai_abstained,ABSTAIN,False,luna,stored,qualitative_block_upheld,True,ABSTAIN,
591813800_1788798902_82010906_1788806166_USDCAD_4204,591813800,591813800_1788798902_82010906,USDCAD,1788806166,LON,NK,CALL,OTHER_REQUIRED,borderline_prior_requires_fresh_review,OTHER_REQUIRED,borderline_prior_requires_fresh_review,,591813800_1788798902_82010906_1788805261_USDCAD_27960,15.1,0.0,FULL_STRUCTURED,ai_abstained,ABSTAIN,False,luna,stored,qualitative_block_upheld,True,ABSTAIN,
591813800_1788798902_82010906_1788807072_USDCAD_291,591813800,591813800_1788798902_82010906,USDCAD,1788807071,LON,NK,CALL,SCHEDULED_REVIEW_WITH_MEANINGFUL_CHANGE,meaningful_change,SCHEDULED_REVIEW_WITH_MEANINGFUL_CHANGE,meaningful_change,price_drift,591813800_1788798902_82010906_1788806166_USDCAD_4204,15.083333333333334,0.0,FULL_STRUCTURED,ai_abstained,ABSTAIN,False,luna,stored,qualitative_block_upheld,True,ABSTAIN,
591813800_1788798902_82010906_1788807977_USDCAD_22235,591813800,591813800_1788798902_82010906,USDCAD,1788807977,OFF,NK,CALL,REQUIRED_NEW_DECISION,meaningful_change,REQUIRED_NEW_DECISION,meaningful_change,session_transition|candidate_state:fvg_execution_class+fvg_mid_mitigated+fvg_mitigation_state+target_source+tp_model|price_drift|candidate_state:fvg_execution_class+fvg_mid_mitigated+fvg_mitigation_state,591813800_1788798902_82010906_1788807072_USDCAD_291,15.1,0.0,FULL_STRUCTURED,ai_abstained,ABSTAIN,False,luna,stored,analyst_abstain_below_adjudication_floor,False,ABSTAIN,
591813800_1788837043_120154281_1788846715_USDCAD_17760,591813800,591813800_1788837043_120154281,USDCAD,1788846714,ASIA,NK,CALL,UNKNOWN,no_archived_decision,SCHEDULED_REVIEW_WITH_MEANINGFUL_CHANGE,meaningful_change,identity:decision_input_hash+runtime_input_hash|session_transition|request_state:is_buy+po3.liquidity_kind+po3.structure_type+po3.sweep_side+po3.t_disp+po3.t_sweep|new_candidate,591813800_1788798902_82010906_1788807977_USDCAD_22235,645.6166666666667,0.0,,,,False,unknown,,,False,,
591813800_1788837043_120154281_1788847924_USDCAD_13150,591813800,591813800_1788837043_120154281,USDCAD,1788847923,ASIA,NK,CALL,SCHEDULED_REVIEW_WITH_MEANINGFUL_CHANGE,meaningful_change,SCHEDULED_REVIEW_WITH_MEANINGFUL_CHANGE,meaningful_change,identity:decision_input_hash+runtime_input_hash|session_transition|request_state:is_buy+po3.liquidity_kind+po3.structure_type+po3.sweep_side+po3.t_disp+po3.t_sweep|new_candidate,591813800_1788798902_82010906_1788807977_USDCAD_22235,665.7666666666667,0.0,FULL_STRUCTURED,ai_rejected,REJECT,False,luna,stored,analyst_reject,False,REJECT,
591813800_1788891743_174857593_1788891764_USDCAD_9482,591813800,591813800_1788891743_174857593,USDCAD,1788891764,LON,NK,CALL,SCHEDULED_REVIEW_WITH_MEANINGFUL_CHANGE,meaningful_change,SCHEDULED_REVIEW_WITH_MEANINGFUL_CHANGE,meaningful_change,identity:decision_input_hash+python.family_profile_version+python.model_id+python.prompt_contract_version+python.provider_id+runtime_input_hash|session_transition|request_state:po3.liquidity_kind+po3.structure_type+po3.sweep_side+po3.t_disp+po3.t_sweep|new_candidate,591813800_1788837043_120154281_1788847924_USDCAD_13150,730.6833333333333,0.0,DEGRADED_NON_TRADING,local_pipeline_error,REJECT,False,luna,non_full_structured_decision,,False,,
591813800_1788891952_175066921_1788891963_USDCAD_23077,591813800,591813800_1788891952_175066921,USDCAD,1788891962,LON,NK,CALL,SCHEDULED_REVIEW_WITH_MEANINGFUL_CHANGE,meaningful_change,SCHEDULED_REVIEW_WITH_MEANINGFUL_CHANGE,meaningful_change,identity:decision_input_hash+python.family_profile_version+python.prompt_contract_version+runtime_input_hash|session_transition|request_state:po3.liquidity_kind+po3.structure_type+po3.sweep_side+po3.t_disp+po3.t_sweep|new_candidate,591813800_1788837043_120154281_1788847924_USDCAD_13150,733.9833333333333,0.0,DEGRADED_NON_TRADING,local_pipeline_error,REJECT,False,luna,non_full_structured_decision,,False,,
591813800_1788925102_208218984_1788925149_USDCAD_6193,591813800,591813800_1788925102_208218984,USDCAD,1788925148,ASIA,NK,CALL,SCHEDULED_REVIEW_WITH_MEANINGFUL_CHANGE,meaningful_change,SCHEDULED_REVIEW_WITH_MEANINGFUL_CHANGE,meaningful_change,identity:contract_manifest_hash+decision_input_hash+python.family_profile_version+python.model_id+python.provider_id+runtime_input_hash|request_state:is_buy+po3.liquidity_kind+po3.structure_type+po3.sweep_side+po3.t_disp+po3.t_sweep|new_candidate,591813800_1788837043_120154281_1788847924_USDCAD_13150,1287.0833333333333,0.0,FULL_STRUCTURED,ai_abstained,ABSTAIN,False,luna,stored,analyst_abstain_below_adjudication_floor,False,ABSTAIN,
591813800_1788925102_208218984_1788925758_USDCAD_18369,591813800,591813800_1788925102_208218984,USDCAD,1788925757,ASIA,NK,CALL,REQUIRED_NEW_DECISION,meaningful_change,REQUIRED_NEW_DECISION,meaningful_change,new_candidate,591813800_1788925102_208218984_1788925149_USDCAD_6193,10.15,0.0,FULL_STRUCTURED,ai_abstained,ABSTAIN,False,luna,stored,analyst_abstain_below_adjudication_floor,False,ABSTAIN,
591813800_1788925102_208218984_1788940923_USDCAD_8498,591813800,591813800_1788925102_208218984,USDCAD,1788940922,ASIA,NK,CALL,SCHEDULED_REVIEW_WITH_MEANINGFUL_CHANGE,meaningful_change,SCHEDULED_REVIEW_WITH_MEANINGFUL_CHANGE,meaningful_change,request_state:po3.t_disp|new_candidate,591813800_1788925102_208218984_1788925758_USDCAD_18369,252.75,0.0,FULL_STRUCTURED,ai_abstained,ABSTAIN,False,luna,stored,analyst_abstain_below_adjudication_floor,False,ABSTAIN,
591813800_1788925102_208218984_1788942756_USDCAD_11133,591813800,591813800_1788925102_208218984,USDCAD,1788942756,ASIA,NK,CALL,SCHEDULED_REVIEW_WITH_MEANINGFUL_CHANGE,meaningful_change,SCHEDULED_REVIEW_WITH_MEANINGFUL_CHANGE,meaningful_change,new_candidate,591813800_1788925102_208218984_1788940923_USDCAD_8498,30.566666666666666,0.0,FULL_STRUCTURED,ai_abstained,ABSTAIN,False,luna,stored,analyst_abstain_below_adjudication_floor,False,ABSTAIN,
591813800_1788925102_208218984_1788944584_USDCAD_15928,591813800,591813800_1788925102_208218984,USDCAD,1788944583,ASIA,NK,CALL,SCHEDULED_REVIEW_WITH_MEANINGFUL_CHANGE,meaningful_change,SCHEDULED_REVIEW_WITH_MEANINGFUL_CHANGE,meaningful_change,request_state:po3.t_disp|new_candidate,591813800_1788925102_208218984_1788942756_USDCAD_11133,30.45,0.0,FULL_STRUCTURED,ai_abstained,ABSTAIN,False,luna,stored,qualitative_dispute_unresolved,True,ABSTAIN,
591813800_1788925102_208218984_1788945194_USDCAD_5018,591813800,591813800_1788925102_208218984,USDCAD,1788945194,ASIA,NK,CALL,REQUIRED_NEW_DECISION,meaningful_change,REQUIRED_NEW_DECISION,meaningful_change,price_drift,591813800_1788925102_208218984_1788944584_USDCAD_15928,10.183333333333334,0.0,FULL_STRUCTURED,ai_abstained,ABSTAIN,False,luna,stored,analyst_abstain_below_adjudication_floor,False,ABSTAIN,
591813800_1788925102_208218984_1788948255_USDCAD_11489,591813800,591813800_1788925102_208218984,USDCAD,1788948255,ASIA,NK,CALL,SCHEDULED_REVIEW_WITH_MEANINGFUL_CHANGE,meaningful_change,SCHEDULED_REVIEW_WITH_MEANINGFUL_CHANGE,meaningful_change,request_state:is_buy+po3.developing_bos+po3.has_sweep+po3.liquidity_kind+po3.ltf_bos+po3.ltf_choch+po3.ltf_mss+po3.structure_type+po3.sweep_side+po3.t_disp+po3.t_sweep|new_candidate,591813800_1788925102_208218984_1788945194_USDCAD_5018,51.016666666666666,0.0,FULL_STRUCTURED,ai_abstained,ABSTAIN,False,luna,stored,analyst_abstain_below_adjudication_floor,False,ABSTAIN,
591813800_1788925102_208218984_1788949481_USDCAD_18073,591813800,591813800_1788925102_208218984,USDCAD,1788949480,ASIA,NK,REUSE,UNCHANGED_STATE,unchanged_decisive_non_approval_within_ttl,UNCHANGED_STATE,unchanged_decisive_non_approval_within_ttl,,591813800_1788925102_208218984_1788948255_USDCAD_11489,20.416666666666668,30.0,FULL_STRUCTURED,ai_abstained,ABSTAIN,False,luna,,analyst_abstain_below_adjudication_floor,False,ABSTAIN,
591813800_1788925102_208218984_1788950713_USDCAD_19120,591813800,591813800_1788925102_208218984,USDCAD,1788950712,ASIA,NK,CALL,SCHEDULED_REVIEW_WITH_MEANINGFUL_CHANGE,meaningful_change,SCHEDULED_REVIEW_WITH_MEANINGFUL_CHANGE,meaningful_change,new_candidate,591813800_1788925102_208218984_1788948255_USDCAD_11489,40.95,0.0,FULL_STRUCTURED,ai_rejected,REJECT,False,luna,stored,analyst_reject,False,REJECT,
591813800_1788925102_208218984_1788951325_USDCAD_6280,591813800,591813800_1788925102_208218984,USDCAD,1788951324,ASIA,NK,CALL,OTHER_REQUIRED,borderline_prior_requires_fresh_review,OTHER_REQUIRED,borderline_prior_requires_fresh_review,,591813800_1788925102_208218984_1788950713_USDCAD_19120,10.2,0.0,FULL_STRUCTURED,ai_approved,APPROVE,True,luna,stored,analyst_approve_critic_pass,False,APPROVE,
591813800_1786932611_30404328_1786932664_USDCHF_12861,591813800,591813800_1786932611_30404328,USDCHF,1786932664,NY,NK,CALL,REQUIRED_NEW_DECISION,no_prior_authoritative_decision,REQUIRED_NEW_DECISION,no_prior_authoritative_decision,,,,0.0,FULL_STRUCTURED,ai_rejected,REJECT,False,luna,stored,qualitative_block_upheld,True,REJECT,
591813800_1786932611_30404328_1786934502_USDCHF_6164,591813800,591813800_1786932611_30404328,USDCHF,1786934502,NY,NK,CALL,SCHEDULED_REVIEW_WITH_MEANINGFUL_CHANGE,meaningful_change,SCHEDULED_REVIEW_WITH_MEANINGFUL_CHANGE,meaningful_change,new_candidate,591813800_1786932611_30404328_1786932664_USDCHF_12861,30.633333333333333,0.0,FULL_STRUCTURED,ai_abstained,ABSTAIN,False,luna,stored,qualitative_block_upheld,True,ABSTAIN,
591813800_1786932611_30404328_1786935436_USDCHF_2453,591813800,591813800_1786932611_30404328,USDCHF,1786935436,NY,NK,CALL,SCHEDULED_REVIEW_WITH_MEANINGFUL_CHANGE,meaningful_change,SCHEDULED_REVIEW_WITH_MEANINGFUL_CHANGE,meaningful_change,new_candidate,591813800_1786932611_30404328_1786934502_USDCHF_6164,15.566666666666666,0.0,FULL_STRUCTURED,ai_abstained,ABSTAIN,False,luna,stored,qualitative_block_upheld,True,ABSTAIN,
591813800_1786932611_30404328_1786936373_USDCHF_13463,591813800,591813800_1786932611_30404328,USDCHF,1786936373,ASIA,NK,CALL,REQUIRED_NEW_DECISION,meaningful_change,REQUIRED_NEW_DECISION,meaningful_change,session_transition,591813800_1786932611_30404328_1786935436_USDCHF_2453,15.616666666666667,0.0,FULL_STRUCTURED,ai_abstained,ABSTAIN,False,luna,stored,qualitative_block_upheld,True,ABSTAIN,
591813800_1786932611_30404328_1786938241_USDCHF_10000,591813800,591813800_1786932611_30404328,USDCHF,1786938241,ASIA,NK,CALL,OTHER_REQUIRED,borderline_prior_requires_fresh_review,OTHER_REQUIRED,borderline_prior_requires_fresh_review,,591813800_1786932611_30404328_1786936373_USDCHF_13463,31.133333333333333,0.0,FULL_STRUCTURED,ai_abstained,ABSTAIN,False,luna,stored,qualitative_block_upheld,True,ABSTAIN,
591813800_1786932611_30404328_1786940076_USDCHF_889,591813800,591813800_1786932611_30404328,USDCHF,1786940075,ASIA,NK,CALL,OTHER_REQUIRED,borderline_prior_requires_fresh_review,OTHER_REQUIRED,borderline_prior_requires_fresh_review,,591813800_1786932611_30404328_1786938241_USDCHF_10000,30.566666666666666,0.0,FULL_STRUCTURED,ai_abstained,ABSTAIN,False,luna,stored,qualitative_block_upheld,True,ABSTAIN,
591813800_1786932611_30404328_1786941924_USDCHF_8177,591813800,591813800_1786932611_30404328,USDCHF,1786941924,ASIA,NK,CALL,OTHER_REQUIRED,borderline_prior_requires_fresh_review,OTHER_REQUIRED,borderline_prior_requires_fresh_review,,591813800_1786932611_30404328_1786940076_USDCHF_889,30.816666666666666,0.0,FULL_STRUCTURED,ai_rejected,REJECT,False,luna,stored,qualitative_block_upheld,True,REJECT,
591813800_1786932611_30404328_1786943761_USDCHF_7571,591813800,591813800_1786932611_30404328,USDCHF,1786943761,ASIA,NK,CALL,OTHER_REQUIRED,borderline_prior_requires_fresh_review,OTHER_REQUIRED,borderline_prior_requires_fresh_review,,591813800_1786932611_30404328_1786941924_USDCHF_8177,30.616666666666667,0.0,FULL_STRUCTURED,ai_abstained,ABSTAIN,False,luna,stored,qualitative_block_upheld,True,ABSTAIN,
591813800_1786932611_30404328_1786945598_USDCHF_20482,591813800,591813800_1786932611_30404328,USDCHF,1786945597,ASIA,NK,CALL,OTHER_REQUIRED,borderline_prior_requires_fresh_review,OTHER_REQUIRED,borderline_prior_requires_fresh_review,,591813800_1786932611_30404328_1786943761_USDCHF_7571,30.6,0.0,FULL_STRUCTURED,ai_rejected,REJECT,False,luna,stored,qualitative_block_upheld,True,REJECT,
591813800_1786932611_30404328_1786947433_USDCHF_26196,591813800,591813800_1786932611_30404328,USDCHF,1786947433,ASIA,NK,CALL,OTHER_REQUIRED,borderline_prior_requires_fresh_review,OTHER_REQUIRED,borderline_prior_requires_fresh_review,,591813800_1786932611_30404328_1786945598_USDCHF_20482,30.6,0.0,FULL_STRUCTURED,ai_rejected,REJECT,False,luna,stored,qualitative_block_upheld,True,REJECT,
591813800_1786932611_30404328_1786949268_USDCHF_22726,591813800,591813800_1786932611_30404328,USDCHF,1786949267,ASIA,NK,CALL,OTHER_REQUIRED,borderline_prior_requires_fresh_review,OTHER_REQUIRED,borderline_prior_requires_fresh_review,,591813800_1786932611_30404328_1786947433_USDCHF_26196,30.566666666666666,0.0,FULL_STRUCTURED,ai_rejected,REJECT,False,luna,stored,qualitative_block_upheld,True,REJECT,
591813800_1786999708_97504390_1786999757_USDCHF_24670,591813800,591813800_1786999708_97504390,USDCHF,1786999756,OFF,NK,CALL,SCHEDULED_REVIEW_WITH_MEANINGFUL_CHANGE,meaningful_change,SCHEDULED_REVIEW_WITH_MEANINGFUL_CHANGE,meaningful_change,session_transition,591813800_1786932611_30404328_1786949268_USDCHF_22726,841.4833333333333,0.0,FULL_STRUCTURED,ai_abstained,ABSTAIN,False,luna,stored,qualitative_block_upheld,True,ABSTAIN,
591813800_1786999708_97504390_1787001594_USDCHF_4006,591813800,591813800_1786999708_97504390,USDCHF,1787001593,OFF,NK,CALL,OTHER_REQUIRED,borderline_prior_requires_fresh_review,OTHER_REQUIRED,borderline_prior_requires_fresh_review,,591813800_1786999708_97504390_1786999757_USDCHF_24670,30.616666666666667,0.0,FULL_STRUCTURED,ai_rejected,REJECT,False,luna,stored,qualitative_block_upheld,True,REJECT,
591813800_1786999708_97504390_1787003430_USDCHF_974,591813800,591813800_1786999708_97504390,USDCHF,1787003429,OFF,NK,CALL,OTHER_REQUIRED,borderline_prior_requires_fresh_review,OTHER_REQUIRED,borderline_prior_requires_fresh_review,,591813800_1786999708_97504390_1787001594_USDCHF_4006,30.6,0.0,FULL_STRUCTURED,ai_rejected,REJECT,False,luna,stored,qualitative_block_upheld,True,REJECT,
591813800_1786999708_97504390_1787004356_USDCHF_24979,591813800,591813800_1786999708_97504390,USDCHF,1787004356,OFF,NK,CALL,OTHER_REQUIRED,borderline_prior_requires_fresh_review,OTHER_REQUIRED,borderline_prior_requires_fresh_review,,591813800_1786999708_97504390_1787003430_USDCHF_974,15.45,0.0,FULL_STRUCTURED,ai_rejected,REJECT,False,luna,stored,qualitative_block_upheld,True,REJECT,
591813800_1786999708_97504390_1787005278_USDCHF_11316,591813800,591813800_1786999708_97504390,USDCHF,1787005278,OFF,NK,REUSE,UNCHANGED_STATE,unchanged_decisive_non_approval_within_ttl,UNCHANGED_STATE,unchanged_decisive_non_approval_within_ttl,,591813800_1786999708_97504390_1787004356_USDCHF_24979,15.366666666666667,30.0,FULL_STRUCTURED,ai_abstained,ABSTAIN,False,luna,,qualitative_block_upheld,True,ABSTAIN,
591813800_1786999708_97504390_1787006200_USDCHF_17190,591813800,591813800_1786999708_97504390,USDCHF,1787006199,OFF,NK,CALL,OTHER_REQUIRED,decisive_prior_ttl_expired,OTHER_REQUIRED,decisive_prior_ttl_expired,,591813800_1786999708_97504390_1787004356_USDCHF_24979,30.716666666666665,30.0,FULL_STRUCTURED,ai_rejected,REJECT,False,luna,stored,qualitative_block_upheld,True,REJECT,
591813800_1786999708_97504390_1787008042_USDCHF_19249,591813800,591813800_1786999708_97504390,USDCHF,1787008042,NY,K,CALL,SCHEDULED_REVIEW_WITH_MEANINGFUL_CHANGE,meaningful_change,SCHEDULED_REVIEW_WITH_MEANINGFUL_CHANGE,meaningful_change,session_transition|killzone_transition|price_drift,591813800_1786999708_97504390_1787006200_USDCHF_17190,30.716666666666665,0.0,FULL_STRUCTURED,ai_abstained,ABSTAIN,False,luna,stored,qualitative_block_upheld,True,ABSTAIN,
591813800_1786999708_97504390_1787009887_USDCHF_4810,591813800,591813800_1786999708_97504390,USDCHF,1787009887,NY,K,CALL,OTHER_REQUIRED,borderline_prior_requires_fresh_review,OTHER_REQUIRED,borderline_prior_requires_fresh_review,,591813800_1786999708_97504390_1787008042_USDCHF_19249,30.75,0.0,FULL_STRUCTURED,ai_rejected,REJECT,False,luna,stored,qualitative_block_upheld,True,REJECT,
591813800_1788495063_34619250_1788495119_USDCHF_12846,591813800,591813800_1788495063_34619250,USDCHF,1788495118,ASIA,NK,CALL,SCHEDULED_REVIEW_WITH_MEANINGFUL_CHANGE,meaningful_change,SCHEDULED_REVIEW_WITH_MEANINGFUL_CHANGE,meaningful_change,identity:contract_manifest_hash+decision_input_hash+python.family_profile_version+runtime_input_hash|session_transition|killzone_transition|request_state:po3.liquidity_kind|new_candidate,591813800_1786999708_97504390_1787009887_USDCHF_4810,24753.85,0.0,FULL_STRUCTURED,ai_abstained,ABSTAIN,False,luna,stored,qualitative_block_upheld,True,ABSTAIN,
591813800_1788495063_34619250_1788496040_USDCHF_12555,591813800,591813800_1788495063_34619250,USDCHF,1788496040,ASIA,NK,CALL,REQUIRED_NEW_DECISION,meaningful_change,REQUIRED_NEW_DECISION,meaningful_change,request_state:po3.ltf_choch+po3.ltf_mss+po3.t_bos+po3.t_disp+po3.t_sweep|new_candidate,591813800_1788495063_34619250_1788495119_USDCHF_12846,15.366666666666667,0.0,FULL_STRUCTURED,ai_abstained,ABSTAIN,False,luna,stored,qualitative_block_upheld,True,ABSTAIN,
591813800_1788495063_34619250_1788497875_USDCHF_14110,591813800,591813800_1788495063_34619250,USDCHF,1788497875,ASIA,NK,CALL,OTHER_REQUIRED,borderline_prior_requires_fresh_review,OTHER_REQUIRED,borderline_prior_requires_fresh_review,,591813800_1788495063_34619250_1788496040_USDCHF_12555,30.583333333333332,0.0,FULL_STRUCTURED,ai_abstained,ABSTAIN,False,luna,stored,qualitative_block_upheld,True,ABSTAIN,
591813800_1788495063_34619250_1788499704_USDCHF_9507,591813800,591813800_1788495063_34619250,USDCHF,1788499703,ASIA,NK,CALL,OTHER_REQUIRED,borderline_prior_requires_fresh_review,OTHER_REQUIRED,borderline_prior_requires_fresh_review,,591813800_1788495063_34619250_1788497875_USDCHF_14110,30.466666666666665,0.0,FULL_STRUCTURED,ai_abstained,ABSTAIN,False,luna,stored,qualitative_block_upheld,True,ABSTAIN,
591813800_1788495063_34619250_1788501532_USDCHF_3079,591813800,591813800_1788495063_34619250,USDCHF,1788501532,ASIA,NK,CALL,OTHER_REQUIRED,borderline_prior_requires_fresh_review,OTHER_REQUIRED,borderline_prior_requires_fresh_review,,591813800_1788495063_34619250_1788499704_USDCHF_9507,30.483333333333334,0.0,FULL_STRUCTURED,ai_abstained,ABSTAIN,False,luna,stored,qualitative_block_upheld,True,ABSTAIN,
591813800_1788767828_50935000_1788781495_USDCHF_12314,591813800,591813800_1788767828_50935000,USDCHF,1788781495,ASIA,NK,CALL,PREDETERMINED_OUTCOME,python_hard_pre_gate_already_skips_provider,SCHEDULED_REVIEW_WITH_MEANINGFUL_CHANGE,meaningful_change,identity:decision_input_hash+python.model_id+python.provider_id+runtime_input_hash|new_candidate,591813800_1788495063_34619250_1788501532_USDCHF_3079,4666.05,0.0,DEGRADED_NON_TRADING,hard_pre_gate,REJECT,False,other,non_full_structured_decision,,False,,
591813800_1788767828_50935000_1788784223_USDCHF_2913,591813800,591813800_1788767828_50935000,USDCHF,1788784222,ASIA,K,CALL,PREDETERMINED_OUTCOME,python_hard_pre_gate_already_skips_provider,SCHEDULED_REVIEW_WITH_MEANINGFUL_CHANGE,meaningful_change,identity:decision_input_hash+python.model_id+python.provider_id+runtime_input_hash|killzone_transition|new_candidate,591813800_1788495063_34619250_1788501532_USDCHF_3079,4711.5,0.0,DEGRADED_NON_TRADING,hard_pre_gate,REJECT,False,other,non_full_structured_decision,,False,,
591813800_1788817575_100685484_1788818500_USDCHF_16370,591813800,591813800_1788817575_100685484,USDCHF,1788818499,OFF,NK,CALL,PREDETERMINED_OUTCOME,python_hard_pre_gate_already_skips_provider,SCHEDULED_REVIEW_WITH_MEANINGFUL_CHANGE,meaningful_change,identity:decision_input_hash+python.model_id+python.provider_id+runtime_input_hash|session_transition|new_candidate,591813800_1788495063_34619250_1788501532_USDCHF_3079,5282.783333333334,0.0,DEGRADED_NON_TRADING,hard_pre_gate,REJECT,False,other,non_full_structured_decision,,False,,
591813800_1788817590_100700078_1788818504_USDCHF_31188,591813800,591813800_1788817590_100700078,USDCHF,1788818503,OFF,NK,CALL,PREDETERMINED_OUTCOME,python_hard_pre_gate_already_skips_provider,SCHEDULED_REVIEW_WITH_MEANINGFUL_CHANGE,meaningful_change,identity:decision_input_hash+python.model_id+python.provider_id+runtime_input_hash|session_transition|new_candidate,591813800_1788495063_34619250_1788501532_USDCHF_3079,5282.85,0.0,DEGRADED_NON_TRADING,hard_pre_gate,REJECT,False,other,non_full_structured_decision,,False,,
591813800_1788817575_100685484_1788820311_USDCHF_14602,591813800,591813800_1788817575_100685484,USDCHF,1788820310,OFF,NK,CALL,PREDETERMINED_OUTCOME,python_hard_pre_gate_already_skips_provider,SCHEDULED_REVIEW_WITH_MEANINGFUL_CHANGE,meaningful_change,identity:decision_input_hash+python.model_id+python.provider_id+runtime_input_hash|session_transition|new_candidate,591813800_1788495063_34619250_1788501532_USDCHF_3079,5312.966666666666,0.0,DEGRADED_NON_TRADING,hard_pre_gate,REJECT,False,other,non_full_structured_decision,,False,,
591813800_1788817590_100700078_1788820315_USDCHF_12598,591813800,591813800_1788817590_100700078,USDCHF,1788820314,OFF,NK,CALL,PREDETERMINED_OUTCOME,python_hard_pre_gate_already_skips_provider,SCHEDULED_REVIEW_WITH_MEANINGFUL_CHANGE,meaningful_change,identity:decision_input_hash+python.model_id+python.provider_id+runtime_input_hash|session_transition|new_candidate,591813800_1788495063_34619250_1788501532_USDCHF_3079,5313.033333333334,0.0,DEGRADED_NON_TRADING,hard_pre_gate,REJECT,False,other,non_full_structured_decision,,False,,
591813800_1788817575_100685484_1788821217_USDCHF_15016,591813800,591813800_1788817575_100685484,USDCHF,1788821216,OFF,NK,CALL,PREDETERMINED_OUTCOME,python_hard_pre_gate_already_skips_provider,SCHEDULED_REVIEW_WITH_MEANINGFUL_CHANGE,meaningful_change,identity:decision_input_hash+python.model_id+python.provider_id+runtime_input_hash|session_transition|new_candidate,591813800_1788495063_34619250_1788501532_USDCHF_3079,5328.066666666667,0.0,DEGRADED_NON_TRADING,hard_pre_gate,REJECT,False,other,non_full_structured_decision,,False,,
591813800_1788817590_100700078_1788821221_USDCHF_15394,591813800,591813800_1788817590_100700078,USDCHF,1788821221,OFF,NK,CALL,PREDETERMINED_OUTCOME,python_hard_pre_gate_already_skips_provider,SCHEDULED_REVIEW_WITH_MEANINGFUL_CHANGE,meaningful_change,identity:decision_input_hash+python.model_id+python.provider_id+runtime_input_hash|session_transition|new_candidate,591813800_1788495063_34619250_1788501532_USDCHF_3079,5328.15,0.0,DEGRADED_NON_TRADING,hard_pre_gate,REJECT,False,other,non_full_structured_decision,,False,,
591813800_1788833236_116347031_1788834161_USDCHF_17167,591813800,591813800_1788833236_116347031,USDCHF,1788834160,NY,NK,CALL,PREDETERMINED_OUTCOME,python_hard_pre_gate_already_skips_provider,SCHEDULED_REVIEW_WITH_MEANINGFUL_CHANGE,meaningful_change,identity:decision_input_hash+python.model_id+python.provider_id+runtime_input_hash|session_transition|new_candidate,591813800_1788495063_34619250_1788501532_USDCHF_3079,5543.8,0.0,DEGRADED_NON_TRADING,hard_pre_gate,REJECT,False,other,non_full_structured_decision,,False,,
591813800_1788837043_120154281_1788843695_USDCHF_20876,591813800,591813800_1788837043_120154281,USDCHF,1788843695,ASIA,NK,CALL,PREDETERMINED_OUTCOME,python_hard_pre_gate_already_skips_provider,SCHEDULED_REVIEW_WITH_MEANINGFUL_CHANGE,meaningful_change,identity:decision_input_hash+python.model_id+python.provider_id+runtime_input_hash|request_state:po3.context_tier+po3.has_bos+po3.has_sweep+po3.htf_bos+po3.htf_choch+po3.htf_mss+po3.liquidity_kind+po3.ltf_bos+po3.po3_state+po3.structure_type+po3.sweep_side+po3.t_bos+po3.t_disp+po3.t_sweep|new_candidate,591813800_1788495063_34619250_1788501532_USDCHF_3079,5702.716666666666,0.0,DEGRADED_NON_TRADING,hard_pre_gate,REJECT,False,other,non_full_structured_decision,,False,,
591813800_1788837043_120154281_1788844903_USDCHF_25187,591813800,591813800_1788837043_120154281,USDCHF,1788844903,ASIA,NK,CALL,PREDETERMINED_OUTCOME,python_hard_pre_gate_already_skips_provider,SCHEDULED_REVIEW_WITH_MEANINGFUL_CHANGE,meaningful_change,identity:decision_input_hash+python.model_id+python.provider_id+runtime_input_hash|request_state:po3.context_tier+po3.has_bos+po3.has_sweep+po3.htf_bos+po3.htf_choch+po3.htf_mss+po3.liquidity_kind+po3.ltf_bos+po3.po3_state+po3.structure_type+po3.sweep_side+po3.t_bos+po3.t_disp+po3.t_sweep|new_candidate,591813800_1788495063_34619250_1788501532_USDCHF_3079,5722.85,0.0,DEGRADED_NON_TRADING,hard_pre_gate,REJECT,False,other,non_full_structured_decision,,False,,
591813800_1788837043_120154281_1788847319_USDCHF_18942,591813800,591813800_1788837043_120154281,USDCHF,1788847318,ASIA,NK,CALL,UNKNOWN,no_archived_decision,SCHEDULED_REVIEW_WITH_MEANINGFUL_CHANGE,meaningful_change,identity:decision_input_hash+python.model_id+python.provider_id+runtime_input_hash|request_state:is_buy+po3.context_tier+po3.has_bos+po3.has_sweep+po3.htf_bos+po3.htf_choch+po3.htf_mss+po3.liquidity_kind+po3.ltf_bos+po3.po3_state+po3.structure_type+po3.sweep_side+po3.t_bos+po3.t_disp+po3.t_sweep|new_candidate,591813800_1788495063_34619250_1788501532_USDCHF_3079,5763.1,0.0,,,,False,unknown,,,False,,
591813800_1788837043_120154281_1788859407_USDCHF_27371,591813800,591813800_1788837043_120154281,USDCHF,1788859406,ASIA,NK,CALL,PREDETERMINED_OUTCOME,python_hard_pre_gate_already_skips_provider,SCHEDULED_REVIEW_WITH_MEANINGFUL_CHANGE,meaningful_change,identity:decision_input_hash+python.model_id+python.provider_id+runtime_input_hash|request_state:po3.context_tier+po3.has_bos+po3.has_sweep+po3.htf_bos+po3.htf_choch+po3.htf_mss+po3.liquidity_kind+po3.ltf_bos+po3.po3_state+po3.structure_type+po3.sweep_side+po3.t_bos+po3.t_disp+po3.t_sweep|new_candidate,591813800_1788495063_34619250_1788501532_USDCHF_3079,5964.566666666667,0.0,DEGRADED_NON_TRADING,hard_pre_gate,REJECT,False,other,non_full_structured_decision,,False,,
591813800_1788837043_120154281_1788861824_USDCHF_9522,591813800,591813800_1788837043_120154281,USDCHF,1788861823,ASIA,NK,CALL,SCHEDULED_REVIEW_WITH_MEANINGFUL_CHANGE,meaningful_change,SCHEDULED_REVIEW_WITH_MEANINGFUL_CHANGE,meaningful_change,identity:decision_input_hash+runtime_input_hash|request_state:is_buy+po3.context_tier+po3.developing_bos+po3.has_bos+po3.htf_bos+po3.htf_choch+po3.htf_mss+po3.liquidity_kind+po3.ltf_choch+po3.ltf_mss+po3.po3_state+po3.structure_type+po3.sweep_side+po3.t_bos+po3.t_disp+po3.t_sweep|new_candidate,591813800_1788495063_34619250_1788501532_USDCHF_3079,6004.85,0.0,FULL_STRUCTURED,ai_rejected,REJECT,False,luna,stored,analyst_reject,False,REJECT,
591813800_1788837043_120154281_1788862428_USDCHF_30404,591813800,591813800_1788837043_120154281,USDCHF,1788862428,ASIA,NK,REUSE,UNCHANGED_STATE,unchanged_decisive_non_approval_within_ttl,UNCHANGED_STATE,unchanged_decisive_non_approval_within_ttl,,591813800_1788837043_120154281_1788861824_USDCHF_9522,10.083333333333334,30.0,FULL_STRUCTURED,ai_abstained,ABSTAIN,False,luna,,qualitative_block_upheld,True,ABSTAIN,
591813800_1788837043_120154281_1788863033_USDCHF_213,591813800,591813800_1788837043_120154281,USDCHF,1788863032,ASIA,NK,CALL,REQUIRED_NEW_DECISION,meaningful_change,REQUIRED_NEW_DECISION,meaningful_change,new_candidate,591813800_1788837043_120154281_1788861824_USDCHF_9522,20.15,0.0,FULL_STRUCTURED,ai_abstained,ABSTAIN,False,luna,stored,qualitative_block_upheld,True,ABSTAIN,
591813800_1788837043_120154281_1788863637_USDCHF_24069,591813800,591813800_1788837043_120154281,USDCHF,1788863637,ASIA,NK,CALL,OTHER_REQUIRED,borderline_prior_requires_fresh_review,OTHER_REQUIRED,borderline_prior_requires_fresh_review,,591813800_1788837043_120154281_1788863033_USDCHF_213,10.083333333333334,0.0,FULL_STRUCTURED,ai_abstained,ABSTAIN,False,luna,stored,qualitative_block_upheld,True,ABSTAIN,
591813800_1788837043_120154281_1788864242_USDCHF_31506,591813800,591813800_1788837043_120154281,USDCHF,1788864242,ASIA,NK,CALL,REQUIRED_NEW_DECISION,meaningful_change,REQUIRED_NEW_DECISION,meaningful_change,identity:python.model_id+python.provider_id|candidate_state:target_source+tp_model|price_drift|new_candidate,591813800_1788837043_120154281_1788863637_USDCHF_24069,10.083333333333334,0.0,DEGRADED_NON_TRADING,provider_transport_error,REJECT,False,other,non_full_structured_decision,,False,,
591813800_1788837043_120154281_1788864846_USDCHF_17086,591813800,591813800_1788837043_120154281,USDCHF,1788864846,ASIA,NK,CALL,REQUIRED_NEW_DECISION,meaningful_change,REQUIRED_NEW_DECISION,meaningful_change,candidate_state:target_source+tp_model|price_drift|new_candidate,591813800_1788837043_120154281_1788863637_USDCHF_24069,20.15,0.0,FULL_STRUCTURED,ai_abstained,ABSTAIN,False,luna,stored,analyst_abstain_below_adjudication_floor,False,ABSTAIN,
591813800_1788837043_120154281_1788865450_USDCHF_9387,591813800,591813800_1788837043_120154281,USDCHF,1788865449,ASIA,NK,CALL,REQUIRED_NEW_DECISION,meaningful_change,REQUIRED_NEW_DECISION,meaningful_change,request_state:po3.context_tier+po3.developing_bos+po3.has_bos+po3.has_follow_through+po3.htf_bos+po3.po3_state+po3.structure_type+po3.t_bos|new_candidate,591813800_1788837043_120154281_1788864846_USDCHF_17086,10.05,0.0,FULL_STRUCTURED,ai_rejected,REJECT,False,luna,stored,analyst_reject,False,REJECT,
591813800_1788837043_120154281_1788866054_USDCHF_18960,591813800,591813800_1788837043_120154281,USDCHF,1788866053,ASIA,NK,CALL,REQUIRED_NEW_DECISION,meaningful_change,REQUIRED_NEW_DECISION,meaningful_change,new_candidate,591813800_1788837043_120154281_1788865450_USDCHF_9387,10.066666666666666,0.0,FULL_STRUCTURED,ai_rejected,REJECT,False,luna,stored,analyst_reject,False,REJECT,
591813800_1788837043_120154281_1788866659_USDCHF_14366,591813800,591813800_1788837043_120154281,USDCHF,1788866658,ASIA,NK,CALL,REQUIRED_NEW_DECISION,meaningful_change,REQUIRED_NEW_DECISION,meaningful_change,regime_label,591813800_1788837043_120154281_1788866054_USDCHF_18960,10.083333333333334,0.0,FULL_STRUCTURED,ai_rejected,REJECT,False,luna,stored,analyst_reject,False,REJECT,
591813800_1788837043_120154281_1788867263_USDCHF_30943,591813800,591813800_1788837043_120154281,USDCHF,1788867262,ASIA,NK,CALL,REQUIRED_NEW_DECISION,meaningful_change,REQUIRED_NEW_DECISION,meaningful_change,new_candidate,591813800_1788837043_120154281_1788866659_USDCHF_14366,10.066666666666666,0.0,FULL_STRUCTURED,ai_rejected,REJECT,False,luna,stored,analyst_reject,False,REJECT,
591813800_1788837043_120154281_1788867867_USDCHF_237,591813800,591813800_1788837043_120154281,USDCHF,1788867866,ASIA,NK,CALL,REQUIRED_NEW_DECISION,meaningful_change,REQUIRED_NEW_DECISION,meaningful_change,new_candidate,591813800_1788837043_120154281_1788867263_USDCHF_30943,10.066666666666666,0.0,FULL_STRUCTURED,ai_rejected,REJECT,False,luna,stored,analyst_reject,False,REJECT,
591813800_1788837043_120154281_1788868471_USDCHF_13915,591813800,591813800_1788837043_120154281,USDCHF,1788868470,ASIA,NK,CALL,REQUIRED_NEW_DECISION,meaningful_change,REQUIRED_NEW_DECISION,meaningful_change,new_candidate,591813800_1788837043_120154281_1788867867_USDCHF_237,10.066666666666666,0.0,FULL_STRUCTURED,ai_rejected,REJECT,False,luna,stored,analyst_reject,False,REJECT,
591813800_1788891952_175066921_1788891963_USDCHF_31722,591813800,591813800_1788891952_175066921,USDCHF,1788891962,LON,NK,CALL,SCHEDULED_REVIEW_WITH_MEANINGFUL_CHANGE,meaningful_change,SCHEDULED_REVIEW_WITH_MEANINGFUL_CHANGE,meaningful_change,identity:decision_input_hash+python.family_profile_version+python.prompt_contract_version+runtime_input_hash|session_transition|request_state:is_buy+po3.htf_choch+po3.htf_mss+po3.liquidity_kind+po3.structure_type+po3.sweep_side+po3.t_bos+po3.t_disp+po3.t_sweep|new_candidate,591813800_1788837043_120154281_1788868471_USDCHF_13915,391.53333333333336,0.0,DEGRADED_NON_TRADING,local_pipeline_error,REJECT,False,luna,non_full_structured_decision,,False,,
591813800_1788905116_188231343_1788905132_USDCHF_25048,591813800,591813800_1788905116_188231343,USDCHF,1788905131,OFF,NK,CALL,SCHEDULED_REVIEW_WITH_MEANINGFUL_CHANGE,meaningful_change,SCHEDULED_REVIEW_WITH_MEANINGFUL_CHANGE,meaningful_change,identity:contract_manifest_hash+decision_input_hash+python.family_profile_version+python.model_id+python.provider_id+runtime_input_hash|session_transition|request_state:is_buy+po3.htf_choch+po3.htf_mss+po3.liquidity_kind+po3.structure_type+po3.sweep_side+po3.t_bos+po3.t_disp+po3.t_sweep|new_candidate,591813800_1788837043_120154281_1788868471_USDCHF_13915,611.0166666666667,0.0,FULL_STRUCTURED,ai_abstained,ABSTAIN,False,luna,stored,qualitative_dispute_unresolved,True,ABSTAIN,
591813800_1788925102_208218984_1788925148_USDCHF_26912,591813800,591813800_1788925102_208218984,USDCHF,1788925148,ASIA,NK,CALL,SCHEDULED_REVIEW_WITH_MEANINGFUL_CHANGE,meaningful_change,SCHEDULED_REVIEW_WITH_MEANINGFUL_CHANGE,meaningful_change,identity:runtime_input_hash|session_transition|price_drift,591813800_1788905116_188231343_1788905132_USDCHF_25048,333.6166666666667,0.0,FULL_STRUCTURED,ai_abstained,ABSTAIN,False,luna,stored,qualitative_dispute_unresolved,True,ABSTAIN,
591813800_1788925102_208218984_1788925757_USDCHF_27536,591813800,591813800_1788925102_208218984,USDCHF,1788925757,ASIA,NK,CALL,OTHER_REQUIRED,borderline_prior_requires_fresh_review,OTHER_REQUIRED,borderline_prior_requires_fresh_review,,591813800_1788925102_208218984_1788925148_USDCHF_26912,10.15,0.0,FULL_STRUCTURED,ai_abstained,ABSTAIN,False,luna,stored,qualitative_dispute_unresolved,True,ABSTAIN,
591813800_1788925102_208218984_1788926968_USDCHF_9402,591813800,591813800_1788925102_208218984,USDCHF,1788926968,ASIA,NK,CALL,REQUIRED_NEW_DECISION,meaningful_change,REQUIRED_NEW_DECISION,meaningful_change,new_candidate,591813800_1788925102_208218984_1788925757_USDCHF_27536,20.183333333333334,0.0,FULL_STRUCTURED,ai_abstained,ABSTAIN,False,luna,stored,qualitative_dispute_unresolved,True,ABSTAIN,
591813800_1788925102_208218984_1788928180_USDCHF_15641,591813800,591813800_1788925102_208218984,USDCHF,1788928180,ASIA,NK,CALL,OTHER_REQUIRED,borderline_prior_requires_fresh_review,OTHER_REQUIRED,borderline_prior_requires_fresh_review,,591813800_1788925102_208218984_1788926968_USDCHF_9402,20.2,0.0,FULL_STRUCTURED,ai_abstained,ABSTAIN,False,luna,stored,qualitative_dispute_unresolved,True,ABSTAIN,
591813800_1788925102_208218984_1788929402_USDCHF_28995,591813800,591813800_1788925102_208218984,USDCHF,1788929401,ASIA,NK,CALL,REQUIRED_NEW_DECISION,meaningful_change,REQUIRED_NEW_DECISION,meaningful_change,new_candidate,591813800_1788925102_208218984_1788928180_USDCHF_15641,20.35,0.0,FULL_STRUCTURED,ai_approved,APPROVE,True,luna,stored,analyst_approve_critic_pass,False,APPROVE,
591813800_1788925102_208218984_1788930010_USDCHF_24285,591813800,591813800_1788925102_208218984,USDCHF,1788930010,ASIA,NK,CALL,REQUIRED_NEW_DECISION,prior_decision_approved_never_reused,REQUIRED_NEW_DECISION,prior_decision_approved_never_reused,,591813800_1788925102_208218984_1788929402_USDCHF_28995,10.15,0.0,FULL_STRUCTURED,ai_abstained,ABSTAIN,False,luna,stored,qualitative_dispute_unresolved,True,ABSTAIN,
591813800_1788925102_208218984_1788931222_USDCHF_2673,591813800,591813800_1788925102_208218984,USDCHF,1788931222,ASIA,NK,CALL,OTHER_REQUIRED,borderline_prior_requires_fresh_review,OTHER_REQUIRED,borderline_prior_requires_fresh_review,,591813800_1788925102_208218984_1788930010_USDCHF_24285,20.2,0.0,FULL_STRUCTURED,ai_approved,APPROVE,True,luna,stored,analyst_approve_critic_pass,False,APPROVE,
591813800_1788925102_208218984_1788931828_USDCHF_29257,591813800,591813800_1788925102_208218984,USDCHF,1788931827,ASIA,NK,CALL,REQUIRED_NEW_DECISION,prior_decision_approved_never_reused,REQUIRED_NEW_DECISION,prior_decision_approved_never_reused,,591813800_1788925102_208218984_1788931222_USDCHF_2673,10.083333333333334,0.0,FULL_STRUCTURED,ai_abstained,ABSTAIN,False,luna,stored,qualitative_dispute_unresolved,True,ABSTAIN,
591813800_1788925102_208218984_1788933039_USDCHF_13596,591813800,591813800_1788925102_208218984,USDCHF,1788933039,ASIA,NK,CALL,OTHER_REQUIRED,borderline_prior_requires_fresh_review,OTHER_REQUIRED,borderline_prior_requires_fresh_review,,591813800_1788925102_208218984_1788931828_USDCHF_29257,20.2,0.0,FULL_STRUCTURED,ai_approved,APPROVE,True,luna,stored,analyst_approve_critic_pass,False,APPROVE,
591813800_1788925102_208218984_1788933644_USDCHF_20783,591813800,591813800_1788925102_208218984,USDCHF,1788933644,ASIA,NK,CALL,REQUIRED_NEW_DECISION,prior_decision_approved_never_reused,REQUIRED_NEW_DECISION,prior_decision_approved_never_reused,,591813800_1788925102_208218984_1788933039_USDCHF_13596,10.083333333333334,0.0,FULL_STRUCTURED,ai_abstained,ABSTAIN,False,luna,stored,qualitative_dispute_unresolved,True,ABSTAIN,
591813800_1788925102_208218984_1788934857_USDCHF_15315,591813800,591813800_1788925102_208218984,USDCHF,1788934856,ASIA,NK,CALL,OTHER_REQUIRED,borderline_prior_requires_fresh_review,OTHER_REQUIRED,borderline_prior_requires_fresh_review,,591813800_1788925102_208218984_1788933644_USDCHF_20783,20.2,0.0,FULL_STRUCTURED,ai_abstained,ABSTAIN,False,luna,stored,qualitative_dispute_unresolved,True,ABSTAIN,
591813800_1788925102_208218984_1788936069_USDCHF_26369,591813800,591813800_1788925102_208218984,USDCHF,1788936069,ASIA,NK,CALL,OTHER_REQUIRED,borderline_prior_requires_fresh_review,OTHER_REQUIRED,borderline_prior_requires_fresh_review,,591813800_1788925102_208218984_1788934857_USDCHF_15315,20.216666666666665,0.0,FULL_STRUCTURED,ai_abstained,ABSTAIN,False,luna,stored,qualitative_dispute_unresolved,True,ABSTAIN,
591813800_1788925102_208218984_1788937283_USDCHF_22906,591813800,591813800_1788925102_208218984,USDCHF,1788937283,ASIA,NK,CALL,OTHER_REQUIRED,borderline_prior_requires_fresh_review,OTHER_REQUIRED,borderline_prior_requires_fresh_review,,591813800_1788925102_208218984_1788936069_USDCHF_26369,20.233333333333334,0.0,FULL_STRUCTURED,ai_abstained,ABSTAIN,False,luna,stored,qualitative_block_upheld,True,ABSTAIN,
591813800_1788925102_208218984_1788938495_USDCHF_31352,591813800,591813800_1788925102_208218984,USDCHF,1788938495,ASIA,NK,CALL,OTHER_REQUIRED,borderline_prior_requires_fresh_review,OTHER_REQUIRED,borderline_prior_requires_fresh_review,,591813800_1788925102_208218984_1788937283_USDCHF_22906,20.2,0.0,FULL_STRUCTURED,ai_abstained,ABSTAIN,False,luna,stored,qualitative_dispute_unresolved,True,ABSTAIN,
591813800_1788925102_208218984_1788939105_USDCHF_24456,591813800,591813800_1788925102_208218984,USDCHF,1788939105,ASIA,NK,CALL,OTHER_REQUIRED,borderline_prior_requires_fresh_review,OTHER_REQUIRED,borderline_prior_requires_fresh_review,,591813800_1788925102_208218984_1788938495_USDCHF_31352,10.166666666666666,0.0,FULL_STRUCTURED,ai_abstained,ABSTAIN,False,luna,stored,qualitative_dispute_unresolved,True,ABSTAIN,
591813800_1788925102_208218984_1788940313_USDCHF_15013,591813800,591813800_1788925102_208218984,USDCHF,1788940312,ASIA,NK,CALL,OTHER_REQUIRED,borderline_prior_requires_fresh_review,OTHER_REQUIRED,borderline_prior_requires_fresh_review,,591813800_1788925102_208218984_1788939105_USDCHF_24456,20.116666666666667,0.0,FULL_STRUCTURED,ai_abstained,ABSTAIN,False,luna,stored,qualitative_dispute_unresolved,True,ABSTAIN,
591813800_1788925102_208218984_1788940923_USDCHF_31203,591813800,591813800_1788925102_208218984,USDCHF,1788940922,ASIA,NK,CALL,REQUIRED_NEW_DECISION,meaningful_change,REQUIRED_NEW_DECISION,meaningful_change,candidate_state:target_source+tp_model|new_candidate,591813800_1788925102_208218984_1788940313_USDCHF_15013,10.166666666666666,0.0,FULL_STRUCTURED,ai_abstained,ABSTAIN,False,luna,stored,qualitative_dispute_unresolved,True,ABSTAIN,
591813800_1788925102_208218984_1788941533_USDCHF_30489,591813800,591813800_1788925102_208218984,USDCHF,1788941533,ASIA,NK,CALL,OTHER_REQUIRED,borderline_prior_requires_fresh_review,OTHER_REQUIRED,borderline_prior_requires_fresh_review,,591813800_1788925102_208218984_1788940923_USDCHF_31203,10.183333333333334,0.0,FULL_STRUCTURED,ai_abstained,ABSTAIN,False,luna,stored,qualitative_dispute_unresolved,True,ABSTAIN,
591813800_1788925102_208218984_1788942144_USDCHF_30564,591813800,591813800_1788925102_208218984,USDCHF,1788942143,ASIA,NK,CALL,REQUIRED_NEW_DECISION,meaningful_change,REQUIRED_NEW_DECISION,meaningful_change,new_candidate,591813800_1788925102_208218984_1788941533_USDCHF_30489,10.166666666666666,0.0,FULL_STRUCTURED,ai_abstained,ABSTAIN,False,luna,stored,qualitative_dispute_unresolved,True,ABSTAIN,
591813800_1788925102_208218984_1788942756_USDCHF_30853,591813800,591813800_1788925102_208218984,USDCHF,1788942756,ASIA,NK,CALL,OTHER_REQUIRED,borderline_prior_requires_fresh_review,OTHER_REQUIRED,borderline_prior_requires_fresh_review,,591813800_1788925102_208218984_1788942144_USDCHF_30564,10.216666666666667,0.0,FULL_STRUCTURED,ai_abstained,ABSTAIN,False,luna,stored,qualitative_dispute_unresolved,True,ABSTAIN,
591813800_1788925102_208218984_1788943364_USDCHF_8911,591813800,591813800_1788925102_208218984,USDCHF,1788943364,ASIA,NK,CALL,OTHER_REQUIRED,borderline_prior_requires_fresh_review,OTHER_REQUIRED,borderline_prior_requires_fresh_review,,591813800_1788925102_208218984_1788942756_USDCHF_30853,10.133333333333333,0.0,FULL_STRUCTURED,ai_abstained,ABSTAIN,False,luna,stored,qualitative_dispute_unresolved,True,ABSTAIN,
591813800_1788925102_208218984_1788943973_USDCHF_189,591813800,591813800_1788925102_208218984,USDCHF,1788943973,ASIA,NK,CALL,REQUIRED_NEW_DECISION,meaningful_change,REQUIRED_NEW_DECISION,meaningful_change,new_candidate,591813800_1788925102_208218984_1788943364_USDCHF_8911,10.15,0.0,FULL_STRUCTURED,ai_rejected,REJECT,False,luna,stored,analyst_reject,False,REJECT,
591813800_1788925102_208218984_1788944584_USDCHF_11918,591813800,591813800_1788925102_208218984,USDCHF,1788944584,ASIA,NK,REUSE,UNCHANGED_STATE,unchanged_decisive_non_approval_within_ttl,UNCHANGED_STATE,unchanged_decisive_non_approval_within_ttl,,591813800_1788925102_208218984_1788943973_USDCHF_189,10.183333333333334,30.0,FULL_STRUCTURED,ai_abstained,ABSTAIN,False,luna,,qualitative_dispute_unresolved,True,ABSTAIN,
591813800_1788925102_208218984_1788945803_USDCHF_32012,591813800,591813800_1788925102_208218984,USDCHF,1788945802,ASIA,NK,CALL,OTHER_REQUIRED,decisive_prior_ttl_expired,OTHER_REQUIRED,decisive_prior_ttl_expired,,591813800_1788925102_208218984_1788943973_USDCHF_189,30.483333333333334,30.0,FULL_STRUCTURED,ai_abstained,ABSTAIN,False,luna,stored,qualitative_dispute_unresolved,True,ABSTAIN,
591813800_1788925102_208218984_1788946415_USDCHF_455,591813800,591813800_1788925102_208218984,USDCHF,1788946415,ASIA,NK,CALL,OTHER_REQUIRED,borderline_prior_requires_fresh_review,OTHER_REQUIRED,borderline_prior_requires_fresh_review,,591813800_1788925102_208218984_1788945803_USDCHF_32012,10.216666666666667,0.0,FULL_STRUCTURED,ai_abstained,ABSTAIN,False,luna,stored,qualitative_block_upheld,True,ABSTAIN,
591813800_1788925102_208218984_1788947641_USDCHF_6952,591813800,591813800_1788925102_208218984,USDCHF,1788947640,ASIA,NK,CALL,OTHER_REQUIRED,borderline_prior_requires_fresh_review,OTHER_REQUIRED,borderline_prior_requires_fresh_review,,591813800_1788925102_208218984_1788946415_USDCHF_455,20.416666666666668,0.0,FULL_STRUCTURED,ai_abstained,ABSTAIN,False,luna,stored,qualitative_dispute_unresolved,True,ABSTAIN,
591813800_1788925102_208218984_1788948255_USDCHF_8486,591813800,591813800_1788925102_208218984,USDCHF,1788948255,ASIA,NK,CALL,OTHER_REQUIRED,borderline_prior_requires_fresh_review,OTHER_REQUIRED,borderline_prior_requires_fresh_review,,591813800_1788925102_208218984_1788947641_USDCHF_6952,10.25,0.0,FULL_STRUCTURED,ai_approved,APPROVE,True,luna,stored,analyst_approve_critic_pass,False,APPROVE,
591813800_1788925102_208218984_1788948865_USDCHF_14007,591813800,591813800_1788925102_208218984,USDCHF,1788948865,ASIA,NK,CALL,REQUIRED_NEW_DECISION,prior_decision_approved_never_reused,REQUIRED_NEW_DECISION,prior_decision_approved_never_reused,,591813800_1788925102_208218984_1788948255_USDCHF_8486,10.166666666666666,0.0,FULL_STRUCTURED,ai_abstained,ABSTAIN,False,luna,stored,qualitative_dispute_unresolved,True,ABSTAIN,
591813800_1788925102_208218984_1788949481_USDCHF_13451,591813800,591813800_1788925102_208218984,USDCHF,1788949481,ASIA,NK,CALL,OTHER_REQUIRED,borderline_prior_requires_fresh_review,OTHER_REQUIRED,borderline_prior_requires_fresh_review,,591813800_1788925102_208218984_1788948865_USDCHF_14007,10.266666666666667,0.0,FULL_STRUCTURED,ai_abstained,ABSTAIN,False,luna,stored,qualitative_dispute_unresolved,True,ABSTAIN,
591813800_1788925102_208218984_1788950097_USDCHF_27784,591813800,591813800_1788925102_208218984,USDCHF,1788950097,ASIA,NK,CALL,OTHER_REQUIRED,borderline_prior_requires_fresh_review,OTHER_REQUIRED,borderline_prior_requires_fresh_review,,591813800_1788925102_208218984_1788949481_USDCHF_13451,10.266666666666667,0.0,FULL_STRUCTURED,ai_abstained,ABSTAIN,False,luna,stored,qualitative_dispute_unresolved,True,ABSTAIN,
591813800_1788925102_208218984_1788951325_USDCHF_19925,591813800,591813800_1788925102_208218984,USDCHF,1788951324,ASIA,NK,CALL,OTHER_REQUIRED,borderline_prior_requires_fresh_review,OTHER_REQUIRED,borderline_prior_requires_fresh_review,,591813800_1788925102_208218984_1788950097_USDCHF_27784,20.45,0.0,FULL_STRUCTURED,ai_approved,APPROVE,True,luna,stored,analyst_approve_critic_pass,False,APPROVE,
591813800_1788925102_208218984_1788951947_USDCHF_24300,591813800,591813800_1788925102_208218984,USDCHF,1788951947,ASIA,NK,CALL,REQUIRED_NEW_DECISION,prior_decision_approved_never_reused,REQUIRED_NEW_DECISION,prior_decision_approved_never_reused,,591813800_1788925102_208218984_1788951325_USDCHF_19925,10.383333333333333,0.0,FULL_STRUCTURED,ai_abstained,ABSTAIN,False,luna,stored,qualitative_block_upheld,True,ABSTAIN,
591813800_1788767828_50935000_1788776041_USDIDR_28624,591813800,591813800_1788767828_50935000,USDIDR,1788776041,ASIA,NK,CALL,REQUIRED_NEW_DECISION,no_prior_authoritative_decision,REQUIRED_NEW_DECISION,no_prior_authoritative_decision,,,,0.0,DEGRADED_NON_TRADING,provider_deadline_exceeded,REJECT,False,other,non_full_structured_decision,,False,,
591813800_1786561284_9977718_1786562020_USDJPY_30190,591813800,591813800_1786561284_9977718,USDJPY,1786562020,OFF,NK,CALL,REQUIRED_NEW_DECISION,no_prior_authoritative_decision,REQUIRED_NEW_DECISION,no_prior_authoritative_decision,,,,0.0,DEGRADED_NON_TRADING,decision_evidence_reference_reject,REJECT,False,other,non_full_structured_decision,,False,,
591813800_1786561284_9977718_1786562334_USDJPY_23211,591813800,591813800_1786561284_9977718,USDJPY,1786562333,OFF,NK,CALL,REQUIRED_NEW_DECISION,no_prior_authoritative_decision,REQUIRED_NEW_DECISION,no_prior_authoritative_decision,,,,0.0,DEGRADED_NON_TRADING,structured_response_invalid,REJECT,False,other,non_full_structured_decision,,False,,
591813800_1786561284_9977718_1786562648_USDJPY_19907,591813800,591813800_1786561284_9977718,USDJPY,1786562648,OFF,NK,CALL,REQUIRED_NEW_DECISION,no_prior_authoritative_decision,REQUIRED_NEW_DECISION,no_prior_authoritative_decision,,,,0.0,DEGRADED_NON_TRADING,decision_evidence_reference_reject,REJECT,False,other,non_full_structured_decision,,False,,
591813800_1786561284_9977718_1786563901_USDJPY_26433,591813800,591813800_1786561284_9977718,USDJPY,1786563901,OFF,NK,CALL,REQUIRED_NEW_DECISION,no_prior_authoritative_decision,REQUIRED_NEW_DECISION,no_prior_authoritative_decision,,,,0.0,FULL_STRUCTURED,ai_abstained,ABSTAIN,False,other,stored,qualitative_dispute_unresolved,True,ABSTAIN,
591813800_1786561284_9977718_1786565161_USDJPY_15185,591813800,591813800_1786561284_9977718,USDJPY,1786565161,OFF,NK,CALL,REQUIRED_NEW_DECISION,meaningful_change,REQUIRED_NEW_DECISION,meaningful_change,identity:python.model_id+python.provider_id|new_candidate,591813800_1786561284_9977718_1786563901_USDJPY_26433,21.0,0.0,DEGRADED_NON_TRADING,structured_response_invalid,REJECT,False,other,non_full_structured_decision,,False,,
591813800_1786561284_9977718_1786565477_USDJPY_31967,591813800,591813800_1786561284_9977718,USDJPY,1786565476,OFF,NK,CALL,REQUIRED_NEW_DECISION,meaningful_change,REQUIRED_NEW_DECISION,meaningful_change,new_candidate,591813800_1786561284_9977718_1786563901_USDJPY_26433,26.25,0.0,FULL_STRUCTURED,ai_abstained,ABSTAIN,False,other,stored,qualitative_dispute_unresolved,True,ABSTAIN,
591813800_1786561284_9977718_1786565794_USDJPY_10399,591813800,591813800_1786561284_9977718,USDJPY,1786565793,OFF,NK,CALL,REQUIRED_NEW_DECISION,meaningful_change,REQUIRED_NEW_DECISION,meaningful_change,candidate_state:liquidity_target_blocked_by_obstacle,591813800_1786561284_9977718_1786565477_USDJPY_31967,5.283333333333333,0.0,FULL_STRUCTURED,ai_abstained,ABSTAIN,False,other,stored,qualitative_dispute_unresolved,True,ABSTAIN,
591813800_1786561284_9977718_1786566426_USDJPY_50,591813800,591813800_1786561284_9977718,USDJPY,1786566426,OFF,NK,CALL,REQUIRED_NEW_DECISION,meaningful_change,REQUIRED_NEW_DECISION,meaningful_change,new_candidate,591813800_1786561284_9977718_1786565794_USDJPY_10399,10.55,0.0,FULL_STRUCTURED,ai_abstained,ABSTAIN,False,other,stored,qualitative_dispute_unresolved,True,ABSTAIN,
591813800_1786561284_9977718_1786566742_USDJPY_1128,591813800,591813800_1786561284_9977718,USDJPY,1786566742,OFF,NK,CALL,REQUIRED_NEW_DECISION,meaningful_change,REQUIRED_NEW_DECISION,meaningful_change,new_candidate,591813800_1786561284_9977718_1786566426_USDJPY_50,5.266666666666667,0.0,FULL_STRUCTURED,ai_abstained,ABSTAIN,False,other,stored,qualitative_dispute_unresolved,True,ABSTAIN,
591813800_1786671926_29787281_1786671975_USDJPY_11983,591813800,591813800_1786671926_29787281,USDJPY,1786671975,NY,NK,CALL,SCHEDULED_REVIEW_WITH_MEANINGFUL_CHANGE,meaningful_change,SCHEDULED_REVIEW_WITH_MEANINGFUL_CHANGE,meaningful_change,identity:decision_input_hash+python.model_id+runtime_input_hash|session_transition|request_state:is_buy+po3.liquidity_kind+po3.ltf_choch+po3.ltf_mss+po3.sweep_side+po3.t_bos+po3.t_disp+po3.t_sweep|new_candidate,591813800_1786561284_9977718_1786566742_USDJPY_1128,1753.8833333333334,0.0,FULL_STRUCTURED,ai_rejected,REJECT,False,luna,stored,qualitative_block_upheld,True,REJECT,
591813800_1786676046_33908046_1786677931_USDJPY_13545,591813800,591813800_1786676046_33908046,USDJPY,1786677931,ASIA,NK,CALL,SCHEDULED_REVIEW_WITH_MEANINGFUL_CHANGE,meaningful_change,SCHEDULED_REVIEW_WITH_MEANINGFUL_CHANGE,meaningful_change,session_transition,591813800_1786671926_29787281_1786671975_USDJPY_11983,99.26666666666667,0.0,FULL_STRUCTURED,ai_abstained,ABSTAIN,False,luna,stored,qualitative_block_upheld,True,ABSTAIN,
591813800_1786681844_39706125_1786682910_USDJPY_30071,591813800,591813800_1786681844_39706125,USDJPY,1786682910,ASIA,NK,CALL,OTHER_REQUIRED,borderline_prior_requires_fresh_review,OTHER_REQUIRED,borderline_prior_requires_fresh_review,,591813800_1786676046_33908046_1786677931_USDJPY_13545,82.98333333333333,0.0,FULL_STRUCTURED,ai_rejected,REJECT,False,luna,stored,qualitative_block_upheld,True,REJECT,
591813800_1786681844_39706125_1786684750_USDJPY_5412,591813800,591813800_1786681844_39706125,USDJPY,1786684750,ASIA,NK,CALL,OTHER_REQUIRED,borderline_prior_requires_fresh_review,OTHER_REQUIRED,borderline_prior_requires_fresh_review,,591813800_1786681844_39706125_1786682910_USDJPY_30071,30.666666666666668,0.0,FULL_STRUCTURED,ai_rejected,REJECT,False,luna,stored,qualitative_block_upheld,True,REJECT,
591813800_1786691416_49279437_1786691525_USDJPY_22078,591813800,591813800_1786691416_49279437,USDJPY,1786691525,ASIA,NK,CALL,UNKNOWN,no_archived_decision,SCHEDULED_REVIEW_WITH_MEANINGFUL_CHANGE,meaningful_change,new_candidate,591813800_1786681844_39706125_1786684750_USDJPY_5412,112.91666666666667,0.0,,,,False,unknown,,,False,,
591813800_1786932611_30404328_1786933584_USDJPY_28728,591813800,591813800_1786932611_30404328,USDJPY,1786933583,NY,NK,CALL,SCHEDULED_REVIEW_WITH_MEANINGFUL_CHANGE,meaningful_change,SCHEDULED_REVIEW_WITH_MEANINGFUL_CHANGE,meaningful_change,session_transition|request_state:po3.has_follow_through+po3.t_bos+po3.t_disp+po3.t_sweep|new_candidate,591813800_1786681844_39706125_1786684750_USDJPY_5412,4147.216666666666,0.0,FULL_STRUCTURED,ai_abstained,ABSTAIN,False,luna,stored,qualitative_block_upheld,True,ABSTAIN,
591813800_1786932611_30404328_1786934502_USDJPY_14673,591813800,591813800_1786932611_30404328,USDJPY,1786934502,NY,NK,CALL,SCHEDULED_REVIEW_WITH_MEANINGFUL_CHANGE,meaningful_change,SCHEDULED_REVIEW_WITH_MEANINGFUL_CHANGE,meaningful_change,new_candidate,591813800_1786932611_30404328_1786933584_USDJPY_28728,15.316666666666666,0.0,FULL_STRUCTURED,ai_abstained,ABSTAIN,False,luna,stored,qualitative_block_upheld,True,ABSTAIN,
591813800_1786932611_30404328_1786935436_USDJPY_2031,591813800,591813800_1786932611_30404328,USDJPY,1786935435,NY,NK,CALL,SCHEDULED_REVIEW_WITH_MEANINGFUL_CHANGE,meaningful_change,SCHEDULED_REVIEW_WITH_MEANINGFUL_CHANGE,meaningful_change,new_candidate,591813800_1786932611_30404328_1786934502_USDJPY_14673,15.55,0.0,FULL_STRUCTURED,ai_abstained,ABSTAIN,False,luna,stored,qualitative_block_upheld,True,ABSTAIN,
591813800_1788495063_34619250_1788534458_USDJPY_16868,591813800,591813800_1788495063_34619250,USDJPY,1788534317,LON,NK,CALL,SCHEDULED_REVIEW_WITH_MEANINGFUL_CHANGE,meaningful_change,SCHEDULED_REVIEW_WITH_MEANINGFUL_CHANGE,meaningful_change,identity:contract_manifest_hash+decision_input_hash+python.family_profile_version+python.model_id+python.provider_id+runtime_input_hash|session_transition|request_state:po3.context_tier+po3.has_bos+po3.has_follow_through+po3.has_sweep+po3.htf_bos+po3.htf_choch+po3.htf_mss+po3.liquidity_kind+po3.ltf_bos+po3.po3_state+po3.structure_type+po3.sweep_side+po3.t_bos+po3.t_disp+po3.t_sweep|new_candidate,591813800_1786932611_30404328_1786935436_USDJPY_2031,26648.033333333333,0.0,DEGRADED_NON_TRADING,provider_transport_error,REJECT,False,other,non_full_structured_decision,,False,,
591813800_1788767828_50935000_1788773314_USDJPY_21715,591813800,591813800_1788767828_50935000,USDJPY,1788773314,ASIA,NK,CALL,SCHEDULED_REVIEW_WITH_MEANINGFUL_CHANGE,meaningful_change,SCHEDULED_REVIEW_WITH_MEANINGFUL_CHANGE,meaningful_change,identity:contract_manifest_hash+decision_input_hash+python.family_profile_version+python.model_id+python.provider_id+runtime_input_hash|session_transition|request_state:po3.context_tier+po3.has_bos+po3.has_follow_through+po3.has_sweep+po3.htf_bos+po3.htf_choch+po3.htf_mss+po3.liquidity_kind+po3.ltf_bos+po3.po3_state+po3.structure_type+po3.sweep_side+po3.t_bos+po3.t_disp+po3.t_sweep|new_candidate,591813800_1786932611_30404328_1786935436_USDJPY_2031,30631.316666666666,0.0,DEGRADED_NON_TRADING,provider_deadline_exceeded,REJECT,False,other,non_full_structured_decision,,False,,
591813800_1788767828_50935000_1788778767_USDJPY_4132,591813800,591813800_1788767828_50935000,USDJPY,1788778766,ASIA,NK,CALL,SCHEDULED_REVIEW_WITH_MEANINGFUL_CHANGE,meaningful_change,SCHEDULED_REVIEW_WITH_MEANINGFUL_CHANGE,meaningful_change,identity:contract_manifest_hash+decision_input_hash+python.family_profile_version+python.model_id+python.provider_id+runtime_input_hash|session_transition|request_state:po3.context_tier+po3.has_bos+po3.has_follow_through+po3.has_sweep+po3.htf_bos+po3.htf_choch+po3.htf_mss+po3.liquidity_kind+po3.ltf_bos+po3.po3_state+po3.structure_type+po3.sweep_side+po3.t_bos+po3.t_disp+po3.t_sweep|new_candidate,591813800_1786932611_30404328_1786935436_USDJPY_2031,30722.183333333334,0.0,FULL_STRUCTURED,ai_abstained,ABSTAIN,False,other,stored,analyst_abstain_below_adjudication_floor,False,ABSTAIN,
591813800_1788767828_50935000_1788783313_USDJPY_7551,591813800,591813800_1788767828_50935000,USDJPY,1788783313,ASIA,K,CALL,SCHEDULED_REVIEW_WITH_MEANINGFUL_CHANGE,meaningful_change,SCHEDULED_REVIEW_WITH_MEANINGFUL_CHANGE,meaningful_change,identity:python.model_id+python.provider_id|killzone_transition|request_state:po3.t_disp|new_candidate,591813800_1788767828_50935000_1788778767_USDJPY_4132,75.78333333333333,0.0,DEGRADED_NON_TRADING,structured_response_invalid,REJECT,False,other,non_full_structured_decision,,False,,
591813800_1788798902_82010906_1788798915_USDJPY_28596,591813800,591813800_1788798902_82010906,USDJPY,1788798915,LON,NK,CALL,SCHEDULED_REVIEW_WITH_MEANINGFUL_CHANGE,meaningful_change,SCHEDULED_REVIEW_WITH_MEANINGFUL_CHANGE,meaningful_change,identity:python.model_id+python.provider_id|session_transition|request_state:po3.context_tier+po3.has_bos+po3.has_sweep+po3.htf_bos+po3.liquidity_kind+po3.ltf_bos+po3.po3_state+po3.structure_type+po3.sweep_side+po3.t_bos+po3.t_disp+po3.t_sweep|new_candidate,591813800_1788767828_50935000_1788778767_USDJPY_4132,335.81666666666666,0.0,FULL_STRUCTURED,ai_abstained,ABSTAIN,False,luna,stored,qualitative_dispute_unresolved,True,ABSTAIN,
591813800_1788798902_82010906_1788800729_USDJPY_16571,591813800,591813800_1788798902_82010906,USDJPY,1788800729,LON,NK,CALL,OTHER_REQUIRED,borderline_prior_requires_fresh_review,OTHER_REQUIRED,borderline_prior_requires_fresh_review,,591813800_1788798902_82010906_1788798915_USDJPY_28596,30.233333333333334,0.0,FULL_STRUCTURED,ai_abstained,ABSTAIN,False,luna,stored,qualitative_block_upheld,True,ABSTAIN,
591813800_1788798902_82010906_1788810694_USDJPY_31344,591813800,591813800_1788798902_82010906,USDJPY,1788810694,OFF,NK,CALL,SCHEDULED_REVIEW_WITH_MEANINGFUL_CHANGE,meaningful_change,SCHEDULED_REVIEW_WITH_MEANINGFUL_CHANGE,meaningful_change,identity:python.model_id+python.provider_id|session_transition|new_candidate|candidate_state:obstacle_kind,591813800_1788798902_82010906_1788800729_USDJPY_16571,166.08333333333334,0.0,DEGRADED_NON_TRADING,provider_transport_error,REJECT,False,other,non_full_structured_decision,,False,,
591813800_1788817575_100685484_1788822122_USDJPY_30333,591813800,591813800_1788817575_100685484,USDJPY,1788822122,NY,K,CALL,SCHEDULED_REVIEW_WITH_MEANINGFUL_CHANGE,meaningful_change,SCHEDULED_REVIEW_WITH_MEANINGFUL_CHANGE,meaningful_change,session_transition|killzone_transition|request_state:po3.liquidity_kind|new_candidate,591813800_1788798902_82010906_1788800729_USDJPY_16571,356.55,0.0,FULL_STRUCTURED,ai_abstained,ABSTAIN,False,luna,stored,qualitative_block_upheld,True,ABSTAIN,
591813800_1788817590_100700078_1788822127_USDJPY_28600,591813800,591813800_1788817590_100700078,USDJPY,1788822126,NY,K,CALL,OTHER_REQUIRED,borderline_prior_requires_fresh_review,OTHER_REQUIRED,borderline_prior_requires_fresh_review,,591813800_1788817575_100685484_1788822122_USDJPY_30333,0.06666666666666667,0.0,FULL_STRUCTURED,ai_abstained,ABSTAIN,False,luna,stored,qualitative_block_upheld,True,ABSTAIN,
591813800_1788817575_100685484_1788823028_USDJPY_24886,591813800,591813800_1788817575_100685484,USDJPY,1788823028,NY,K,CALL,OTHER_REQUIRED,borderline_prior_requires_fresh_review,OTHER_REQUIRED,borderline_prior_requires_fresh_review,,591813800_1788817590_100700078_1788822127_USDJPY_28600,15.033333333333333,0.0,FULL_STRUCTURED,ai_abstained,ABSTAIN,False,luna,stored,qualitative_block_upheld,True,ABSTAIN,
591813800_1788817590_100700078_1788823032_USDJPY_19940,591813800,591813800_1788817590_100700078,USDJPY,1788823031,NY,K,CALL,OTHER_REQUIRED,borderline_prior_requires_fresh_review,OTHER_REQUIRED,borderline_prior_requires_fresh_review,,591813800_1788817575_100685484_1788823028_USDJPY_24886,0.05,0.0,FULL_STRUCTURED,ai_abstained,ABSTAIN,False,luna,stored,qualitative_block_upheld,True,ABSTAIN,
591813800_1788817575_100685484_1788823935_USDJPY_5762,591813800,591813800_1788817575_100685484,USDJPY,1788823934,NY,K,CALL,OTHER_REQUIRED,borderline_prior_requires_fresh_review,OTHER_REQUIRED,borderline_prior_requires_fresh_review,,591813800_1788817590_100700078_1788823032_USDJPY_19940,15.05,0.0,FULL_STRUCTURED,ai_abstained,ABSTAIN,False,luna,stored,qualitative_block_upheld,True,ABSTAIN,
591813800_1788817590_100700078_1788823937_USDJPY_22917,591813800,591813800_1788817590_100700078,USDJPY,1788823936,NY,K,CALL,OTHER_REQUIRED,borderline_prior_requires_fresh_review,OTHER_REQUIRED,borderline_prior_requires_fresh_review,,591813800_1788817575_100685484_1788823935_USDJPY_5762,0.03333333333333333,0.0,FULL_STRUCTURED,ai_abstained,ABSTAIN,False,luna,stored,qualitative_block_upheld,True,ABSTAIN,
591813800_1788817575_100685484_1788824840_USDJPY_3148,591813800,591813800_1788817575_100685484,USDJPY,1788824839,NY,K,CALL,SCHEDULED_REVIEW_WITH_MEANINGFUL_CHANGE,meaningful_change,SCHEDULED_REVIEW_WITH_MEANINGFUL_CHANGE,meaningful_change,candidate_state:target_source+tp_model,591813800_1788817590_100700078_1788823937_USDJPY_22917,15.05,0.0,FULL_STRUCTURED,ai_abstained,ABSTAIN,False,luna,stored,qualitative_block_upheld,True,ABSTAIN,
591813800_1788817590_100700078_1788824842_USDJPY_18132,591813800,591813800_1788817590_100700078,USDJPY,1788824841,NY,K,CALL,OTHER_REQUIRED,borderline_prior_requires_fresh_review,OTHER_REQUIRED,borderline_prior_requires_fresh_review,,591813800_1788817575_100685484_1788824840_USDJPY_3148,0.03333333333333333,0.0,FULL_STRUCTURED,ai_abstained,ABSTAIN,False,luna,stored,qualitative_block_upheld,True,ABSTAIN,
591813800_1788837043_120154281_1788837050_USDJPY_6680,591813800,591813800_1788837043_120154281,USDJPY,1788837049,ASIA,NK,CALL,SCHEDULED_REVIEW_WITH_MEANINGFUL_CHANGE,meaningful_change,SCHEDULED_REVIEW_WITH_MEANINGFUL_CHANGE,meaningful_change,identity:decision_input_hash+runtime_input_hash|session_transition|killzone_transition|request_state:po3.context_tier+po3.has_bos+po3.has_sweep+po3.htf_bos+po3.liquidity_kind+po3.ltf_bos+po3.po3_state+po3.structure_type+po3.sweep_side+po3.t_bos+po3.t_disp+po3.t_sweep|new_candidate,591813800_1788817590_100700078_1788824842_USDJPY_18132,203.46666666666667,0.0,FULL_STRUCTURED,ai_abstained,ABSTAIN,False,luna,stored,analyst_abstain_below_adjudication_floor,False,ABSTAIN,
591813800_1788837043_120154281_1788837654_USDJPY_4874,591813800,591813800_1788837043_120154281,USDJPY,1788837653,ASIA,NK,CALL,REQUIRED_NEW_DECISION,meaningful_change,REQUIRED_NEW_DECISION,meaningful_change,regime_label|price_drift,591813800_1788837043_120154281_1788837050_USDJPY_6680,10.066666666666666,0.0,FULL_STRUCTURED,ai_abstained,ABSTAIN,False,luna,stored,qualitative_block_upheld,True,ABSTAIN,
591813800_1788837043_120154281_1788838258_USDJPY_25734,591813800,591813800_1788837043_120154281,USDJPY,1788838257,ASIA,NK,CALL,REQUIRED_NEW_DECISION,meaningful_change,REQUIRED_NEW_DECISION,meaningful_change,new_candidate,591813800_1788837043_120154281_1788837654_USDJPY_4874,10.066666666666666,0.0,FULL_STRUCTURED,ai_abstained,ABSTAIN,False,luna,stored,analyst_abstain_below_adjudication_floor,False,ABSTAIN,
591813800_1788837043_120154281_1788838861_USDJPY_21716,591813800,591813800_1788837043_120154281,USDJPY,1788838861,ASIA,NK,CALL,REQUIRED_NEW_DECISION,meaningful_change,REQUIRED_NEW_DECISION,meaningful_change,new_candidate,591813800_1788837043_120154281_1788838258_USDJPY_25734,10.066666666666666,0.0,FULL_STRUCTURED,ai_rejected,REJECT,False,luna,stored,analyst_reject,False,REJECT,
591813800_1788837043_120154281_1788839465_USDJPY_7581,591813800,591813800_1788837043_120154281,USDJPY,1788839464,ASIA,NK,CALL,REQUIRED_NEW_DECISION,meaningful_change,REQUIRED_NEW_DECISION,meaningful_change,candidate_state:target_source+tp_model,591813800_1788837043_120154281_1788838861_USDJPY_21716,10.05,0.0,FULL_STRUCTURED,ai_abstained,ABSTAIN,False,luna,stored,analyst_abstain_below_adjudication_floor,False,ABSTAIN,
591813800_1788837043_120154281_1788840069_USDJPY_23148,591813800,591813800_1788837043_120154281,USDJPY,1788840068,ASIA,NK,CALL,REQUIRED_NEW_DECISION,meaningful_change,REQUIRED_NEW_DECISION,meaningful_change,request_state:po3.t_disp|new_candidate,591813800_1788837043_120154281_1788839465_USDJPY_7581,10.066666666666666,0.0,FULL_STRUCTURED,ai_abstained,ABSTAIN,False,luna,stored,analyst_abstain_below_adjudication_floor,False,ABSTAIN,
591813800_1788837043_120154281_1788841277_USDJPY_19332,591813800,591813800_1788837043_120154281,USDJPY,1788841276,ASIA,NK,REUSE,UNCHANGED_STATE,unchanged_decisive_non_approval_within_ttl,UNCHANGED_STATE,unchanged_decisive_non_approval_within_ttl,,591813800_1788837043_120154281_1788840069_USDJPY_23148,20.133333333333333,30.0,FULL_STRUCTURED,ai_abstained,ABSTAIN,False,luna,,analyst_abstain_below_adjudication_floor,False,ABSTAIN,
591813800_1788837043_120154281_1788843091_USDJPY_22769,591813800,591813800_1788837043_120154281,USDJPY,1788843091,ASIA,NK,CALL,SCHEDULED_REVIEW_WITH_MEANINGFUL_CHANGE,meaningful_change,SCHEDULED_REVIEW_WITH_MEANINGFUL_CHANGE,meaningful_change,request_state:po3.t_disp|new_candidate,591813800_1788837043_120154281_1788840069_USDJPY_23148,50.38333333333333,0.0,FULL_STRUCTURED,ai_abstained,ABSTAIN,False,luna,stored,analyst_abstain_below_adjudication_floor,False,ABSTAIN,
591813800_1788837043_120154281_1788845507_USDJPY_22056,591813800,591813800_1788837043_120154281,USDJPY,1788845506,ASIA,NK,CALL,SCHEDULED_REVIEW_WITH_MEANINGFUL_CHANGE,meaningful_change,SCHEDULED_REVIEW_WITH_MEANINGFUL_CHANGE,meaningful_change,new_candidate|candidate_state:fvg_execution_class+fvg_mitigation_state+fvg_touched|regime_label|price_drift,591813800_1788837043_120154281_1788843091_USDJPY_22769,40.25,0.0,FULL_STRUCTURED,ai_abstained,ABSTAIN,False,luna,stored,qualitative_block_upheld,True,ABSTAIN,
591813800_1788837043_120154281_1788846715_USDJPY_10755,591813800,591813800_1788837043_120154281,USDJPY,1788846715,ASIA,NK,CALL,UNKNOWN,no_archived_decision,REQUIRED_NEW_DECISION,meaningful_change,new_candidate,591813800_1788837043_120154281_1788845507_USDJPY_22056,20.15,0.0,,,,False,unknown,,,False,,
591813800_1788837043_120154281_1788848530_USDJPY_18861,591813800,591813800_1788837043_120154281,USDJPY,1788848529,ASIA,NK,CALL,OTHER_REQUIRED,borderline_prior_requires_fresh_review,OTHER_REQUIRED,borderline_prior_requires_fresh_review,,591813800_1788837043_120154281_1788845507_USDJPY_22056,50.38333333333333,0.0,FULL_STRUCTURED,ai_abstained,ABSTAIN,False,luna,stored,analyst_abstain_below_adjudication_floor,False,ABSTAIN,
591813800_1788837043_120154281_1788849135_USDJPY_12469,591813800,591813800_1788837043_120154281,USDJPY,1788849134,ASIA,NK,CALL,OTHER_REQUIRED,borderline_prior_requires_fresh_review,OTHER_REQUIRED,borderline_prior_requires_fresh_review,,591813800_1788837043_120154281_1788848530_USDJPY_18861,10.083333333333334,0.0,FULL_STRUCTURED,ai_abstained,ABSTAIN,False,luna,stored,analyst_abstain_below_adjudication_floor,False,ABSTAIN,
591813800_1788837043_120154281_1788850343_USDJPY_31,591813800,591813800_1788837043_120154281,USDJPY,1788850343,ASIA,NK,REUSE,UNCHANGED_STATE,unchanged_decisive_non_approval_within_ttl,UNCHANGED_STATE,unchanged_decisive_non_approval_within_ttl,,591813800_1788837043_120154281_1788849135_USDJPY_12469,20.15,30.0,FULL_STRUCTURED,ai_abstained,ABSTAIN,False,luna,,analyst_abstain_below_adjudication_floor,False,ABSTAIN,
591813800_1788837043_120154281_1788850946_USDJPY_26974,591813800,591813800_1788837043_120154281,USDJPY,1788850946,ASIA,NK,CALL,OTHER_REQUIRED,decisive_prior_ttl_expired,OTHER_REQUIRED,decisive_prior_ttl_expired,,591813800_1788837043_120154281_1788849135_USDJPY_12469,30.2,30.0,FULL_STRUCTURED,ai_abstained,ABSTAIN,False,luna,stored,analyst_abstain_below_adjudication_floor,False,ABSTAIN,
591813800_1788837043_120154281_1788852155_USDJPY_26124,591813800,591813800_1788837043_120154281,USDJPY,1788852154,ASIA,NK,REUSE,UNCHANGED_STATE,unchanged_decisive_non_approval_within_ttl,UNCHANGED_STATE,unchanged_decisive_non_approval_within_ttl,,591813800_1788837043_120154281_1788850946_USDJPY_26974,20.133333333333333,30.0,FULL_STRUCTURED,ai_abstained,ABSTAIN,False,luna,,analyst_abstain_below_adjudication_floor,False,ABSTAIN,
591813800_1788837043_120154281_1788853364_USDJPY_2459,591813800,591813800_1788837043_120154281,USDJPY,1788853363,ASIA,NK,CALL,OTHER_REQUIRED,decisive_prior_ttl_expired,OTHER_REQUIRED,decisive_prior_ttl_expired,,591813800_1788837043_120154281_1788850946_USDJPY_26974,40.28333333333333,30.0,FULL_STRUCTURED,ai_abstained,ABSTAIN,False,luna,stored,qualitative_block_upheld,True,ABSTAIN,
591813800_1788925102_208218984_1788926969_USDJPY_3470,591813800,591813800_1788925102_208218984,USDJPY,1788926968,ASIA,NK,CALL,SCHEDULED_REVIEW_WITH_MEANINGFUL_CHANGE,meaningful_change,SCHEDULED_REVIEW_WITH_MEANINGFUL_CHANGE,meaningful_change,identity:contract_manifest_hash+decision_input_hash+python.family_profile_version+python.model_id+python.provider_id+runtime_input_hash|request_state:po3.developing_bos+po3.has_sweep+po3.liquidity_kind+po3.ltf_bos+po3.ltf_choch+po3.ltf_mss+po3.structure_type+po3.sweep_side+po3.t_disp+po3.t_sweep|new_candidate,591813800_1788837043_120154281_1788853364_USDJPY_2459,1226.75,0.0,FULL_STRUCTURED,ai_abstained,ABSTAIN,False,luna,stored,qualitative_dispute_unresolved,True,ABSTAIN,
591813800_1788925102_208218984_1788927574_USDJPY_1672,591813800,591813800_1788925102_208218984,USDJPY,1788927574,ASIA,NK,CALL,OTHER_REQUIRED,borderline_prior_requires_fresh_review,OTHER_REQUIRED,borderline_prior_requires_fresh_review,,591813800_1788925102_208218984_1788926969_USDJPY_3470,10.1,0.0,FULL_STRUCTURED,ai_abstained,ABSTAIN,False,luna,stored,qualitative_dispute_unresolved,True,ABSTAIN,
591813800_1788925102_208218984_1788928793_USDJPY_19490,591813800,591813800_1788925102_208218984,USDJPY,1788928793,ASIA,NK,CALL,OTHER_REQUIRED,borderline_prior_requires_fresh_review,OTHER_REQUIRED,borderline_prior_requires_fresh_review,,591813800_1788925102_208218984_1788927574_USDJPY_1672,20.316666666666666,0.0,FULL_STRUCTURED,ai_abstained,ABSTAIN,False,luna,stored,qualitative_dispute_unresolved,True,ABSTAIN,
591813800_1788925102_208218984_1788930010_USDJPY_16074,591813800,591813800_1788925102_208218984,USDJPY,1788930010,ASIA,NK,CALL,OTHER_REQUIRED,borderline_prior_requires_fresh_review,OTHER_REQUIRED,borderline_prior_requires_fresh_review,,591813800_1788925102_208218984_1788928793_USDJPY_19490,20.283333333333335,0.0,FULL_STRUCTURED,ai_abstained,ABSTAIN,False,luna,stored,qualitative_dispute_unresolved,True,ABSTAIN,
591813800_1788925102_208218984_1788931222_USDJPY_27506,591813800,591813800_1788925102_208218984,USDJPY,1788931221,ASIA,NK,CALL,OTHER_REQUIRED,borderline_prior_requires_fresh_review,OTHER_REQUIRED,borderline_prior_requires_fresh_review,,591813800_1788925102_208218984_1788930010_USDJPY_16074,20.183333333333334,0.0,FULL_STRUCTURED,ai_abstained,ABSTAIN,False,luna,stored,qualitative_block_upheld,True,ABSTAIN,
591813800_1788925102_208218984_1788932433_USDJPY_5869,591813800,591813800_1788925102_208218984,USDJPY,1788932433,ASIA,NK,CALL,OTHER_REQUIRED,borderline_prior_requires_fresh_review,OTHER_REQUIRED,borderline_prior_requires_fresh_review,,591813800_1788925102_208218984_1788931222_USDJPY_27506,20.2,0.0,FULL_STRUCTURED,ai_abstained,ABSTAIN,False,luna,stored,qualitative_block_upheld,True,ABSTAIN,
591813800_1788925102_208218984_1788933644_USDJPY_916,591813800,591813800_1788925102_208218984,USDJPY,1788933644,ASIA,NK,CALL,OTHER_REQUIRED,borderline_prior_requires_fresh_review,OTHER_REQUIRED,borderline_prior_requires_fresh_review,,591813800_1788925102_208218984_1788932433_USDJPY_5869,20.183333333333334,0.0,FULL_STRUCTURED,ai_abstained,ABSTAIN,False,luna,stored,qualitative_block_upheld,True,ABSTAIN,
591813800_1788925102_208218984_1788934856_USDJPY_32145,591813800,591813800_1788925102_208218984,USDJPY,1788934856,ASIA,NK,CALL,OTHER_REQUIRED,borderline_prior_requires_fresh_review,OTHER_REQUIRED,borderline_prior_requires_fresh_review,,591813800_1788925102_208218984_1788933644_USDJPY_916,20.2,0.0,FULL_STRUCTURED,ai_abstained,ABSTAIN,False,luna,stored,qualitative_dispute_unresolved,True,ABSTAIN,
591813800_1788925102_208218984_1788936069_USDJPY_26269,591813800,591813800_1788925102_208218984,USDJPY,1788936069,ASIA,NK,CALL,REQUIRED_NEW_DECISION,meaningful_change,REQUIRED_NEW_DECISION,meaningful_change,new_candidate,591813800_1788925102_208218984_1788934856_USDJPY_32145,20.216666666666665,0.0,FULL_STRUCTURED,ai_abstained,ABSTAIN,False,luna,stored,qualitative_dispute_unresolved,True,ABSTAIN,
591813800_1788925102_208218984_1788937284_USDJPY_17542,591813800,591813800_1788925102_208218984,USDJPY,1788937283,ASIA,NK,CALL,REQUIRED_NEW_DECISION,meaningful_change,REQUIRED_NEW_DECISION,meaningful_change,request_state:po3.developing_bos+po3.has_sweep+po3.liquidity_kind+po3.ltf_bos+po3.ltf_choch+po3.ltf_mss+po3.structure_type+po3.sweep_side+po3.t_disp+po3.t_sweep|new_candidate,591813800_1788925102_208218984_1788936069_USDJPY_26269,20.233333333333334,0.0,FULL_STRUCTURED,ai_abstained,ABSTAIN,False,luna,stored,qualitative_block_upheld,True,ABSTAIN,
591813800_1788925102_208218984_1788937889_USDJPY_3912,591813800,591813800_1788925102_208218984,USDJPY,1788937889,ASIA,NK,CALL,REQUIRED_NEW_DECISION,meaningful_change,REQUIRED_NEW_DECISION,meaningful_change,new_candidate,591813800_1788925102_208218984_1788937284_USDJPY_17542,10.1,0.0,FULL_STRUCTURED,ai_abstained,ABSTAIN,False,luna,stored,analyst_abstain_below_adjudication_floor,False,ABSTAIN,
591813800_1788925102_208218984_1788938495_USDJPY_21108,591813800,591813800_1788925102_208218984,USDJPY,1788938495,ASIA,NK,CALL,REQUIRED_NEW_DECISION,meaningful_change,REQUIRED_NEW_DECISION,meaningful_change,request_state:po3.developing_bos+po3.has_sweep+po3.liquidity_kind+po3.ltf_bos+po3.ltf_choch+po3.ltf_mss+po3.structure_type+po3.sweep_side+po3.t_disp+po3.t_sweep|new_candidate,591813800_1788925102_208218984_1788937889_USDJPY_3912,10.1,0.0,FULL_STRUCTURED,ai_rejected,REJECT,False,luna,stored,analyst_reject,False,REJECT,
591813800_1788925102_208218984_1788939709_USDJPY_28332,591813800,591813800_1788925102_208218984,USDJPY,1788939708,ASIA,NK,CALL,REQUIRED_NEW_DECISION,meaningful_change,REQUIRED_NEW_DECISION,meaningful_change,new_candidate,591813800_1788925102_208218984_1788938495_USDJPY_21108,20.216666666666665,0.0,FULL_STRUCTURED,ai_abstained,ABSTAIN,False,luna,stored,qualitative_block_upheld,True,ABSTAIN,
591813800_1788925102_208218984_1788940313_USDJPY_1673,591813800,591813800_1788925102_208218984,USDJPY,1788940312,ASIA,NK,CALL,OTHER_REQUIRED,borderline_prior_requires_fresh_review,OTHER_REQUIRED,borderline_prior_requires_fresh_review,,591813800_1788925102_208218984_1788939709_USDJPY_28332,10.066666666666666,0.0,FULL_STRUCTURED,ai_abstained,ABSTAIN,False,luna,stored,qualitative_block_upheld,True,ABSTAIN,
591813800_1788925102_208218984_1788940923_USDJPY_11032,591813800,591813800_1788925102_208218984,USDJPY,1788940923,ASIA,NK,CALL,REQUIRED_NEW_DECISION,meaningful_change,REQUIRED_NEW_DECISION,meaningful_change,request_state:po3.developing_bos+po3.has_sweep+po3.liquidity_kind+po3.ltf_bos+po3.ltf_choch+po3.ltf_mss+po3.structure_type+po3.sweep_side+po3.t_disp+po3.t_sweep|new_candidate,591813800_1788925102_208218984_1788940313_USDJPY_1673,10.183333333333334,0.0,FULL_STRUCTURED,ai_rejected,REJECT,False,luna,stored,analyst_reject,False,REJECT,
591813800_1788925102_208218984_1788942144_USDJPY_1864,591813800,591813800_1788925102_208218984,USDJPY,1788942143,ASIA,NK,CALL,REQUIRED_NEW_DECISION,meaningful_change,REQUIRED_NEW_DECISION,meaningful_change,request_state:po3.developing_bos+po3.has_sweep+po3.liquidity_kind+po3.ltf_bos+po3.ltf_choch+po3.ltf_mss+po3.structure_type+po3.sweep_side+po3.t_disp+po3.t_sweep|new_candidate,591813800_1788925102_208218984_1788940923_USDJPY_11032,20.333333333333332,0.0,FULL_STRUCTURED,ai_abstained,ABSTAIN,False,luna,stored,qualitative_dispute_unresolved,True,ABSTAIN,
591813800_1788925102_208218984_1788943364_USDJPY_2842,591813800,591813800_1788925102_208218984,USDJPY,1788943364,ASIA,NK,CALL,OTHER_REQUIRED,borderline_prior_requires_fresh_review,OTHER_REQUIRED,borderline_prior_requires_fresh_review,,591813800_1788925102_208218984_1788942144_USDJPY_1864,20.35,0.0,FULL_STRUCTURED,ai_abstained,ABSTAIN,False,luna,stored,analyst_abstain_below_adjudication_floor,False,ABSTAIN,
591813800_1788925102_208218984_1788946415_USDJPY_1834,591813800,591813800_1788925102_208218984,USDJPY,1788946415,ASIA,NK,CALL,SCHEDULED_REVIEW_WITH_MEANINGFUL_CHANGE,meaningful_change,SCHEDULED_REVIEW_WITH_MEANINGFUL_CHANGE,meaningful_change,request_state:po3.developing_bos+po3.has_sweep+po3.liquidity_kind+po3.ltf_bos+po3.ltf_choch+po3.ltf_mss+po3.structure_type+po3.sweep_side+po3.t_disp+po3.t_sweep|new_candidate,591813800_1788925102_208218984_1788943364_USDJPY_2842,50.85,0.0,FULL_STRUCTURED,ai_abstained,ABSTAIN,False,luna,stored,analyst_abstain_below_adjudication_floor,False,ABSTAIN,
591813800_1788925102_208218984_1788947026_USDJPY_26417,591813800,591813800_1788925102_208218984,USDJPY,1788947026,ASIA,NK,CALL,REQUIRED_NEW_DECISION,meaningful_change,REQUIRED_NEW_DECISION,meaningful_change,request_state:po3.developing_bos+po3.has_sweep+po3.liquidity_kind+po3.ltf_bos+po3.ltf_choch+po3.ltf_mss+po3.structure_type+po3.sweep_side+po3.t_disp+po3.t_sweep|new_candidate,591813800_1788925102_208218984_1788946415_USDJPY_1834,10.183333333333334,0.0,FULL_STRUCTURED,ai_abstained,ABSTAIN,False,luna,stored,analyst_abstain_below_adjudication_floor,False,ABSTAIN,
591813800_1788925102_208218984_1788949481_USDJPY_20879,591813800,591813800_1788925102_208218984,USDJPY,1788949481,ASIA,NK,CALL,OTHER_REQUIRED,borderline_prior_requires_fresh_review,OTHER_REQUIRED,borderline_prior_requires_fresh_review,,591813800_1788925102_208218984_1788947026_USDJPY_26417,40.916666666666664,0.0,FULL_STRUCTURED,ai_abstained,ABSTAIN,False,luna,stored,analyst_abstain_below_adjudication_floor,False,ABSTAIN,
591813800_1788925102_208218984_1788951947_USDJPY_3461,591813800,591813800_1788925102_208218984,USDJPY,1788951947,ASIA,NK,CALL,SCHEDULED_REVIEW_WITH_MEANINGFUL_CHANGE,meaningful_change,SCHEDULED_REVIEW_WITH_MEANINGFUL_CHANGE,meaningful_change,request_state:po3.context_tier+po3.developing_bos+po3.has_bos+po3.htf_bos+po3.htf_choch+po3.htf_mss+po3.po3_state+po3.structure_type+po3.t_bos|new_candidate,591813800_1788925102_208218984_1788949481_USDJPY_20879,41.1,0.0,FULL_STRUCTURED,ai_abstained,ABSTAIN,False,luna,stored,qualitative_dispute_unresolved,True,ABSTAIN,
591813800_1786509126_394060796_1786510468_WTI_32146,591813800,591813800_1786509126_394060796,WTI,1786510467,ASIA,NK,CALL,REQUIRED_NEW_DECISION,no_prior_authoritative_decision,REQUIRED_NEW_DECISION,no_prior_authoritative_decision,,,,0.0,FULL_STRUCTURED,ai_abstained,ABSTAIN,False,other,stored,qualitative_dispute_unresolved,True,ABSTAIN,
591813800_1786509126_394060796_1786510781_WTI_18031,591813800,591813800_1786509126_394060796,WTI,1786510781,ASIA,NK,CALL,REQUIRED_NEW_DECISION,meaningful_change,REQUIRED_NEW_DECISION,meaningful_change,identity:python.model_id+python.provider_id|new_candidate|candidate_state:fvg_execution_class+fvg_mid_mitigated+fvg_mitigation_state,591813800_1786509126_394060796_1786510468_WTI_32146,5.233333333333333,0.0,DEGRADED_NON_TRADING,decision_evidence_reference_reject,REJECT,False,other,non_full_structured_decision,,False,,
591813800_1786561284_9977718_1786565476_WTI_31300,591813800,591813800_1786561284_9977718,WTI,1786565476,OFF,NK,CALL,SCHEDULED_REVIEW_WITH_MEANINGFUL_CHANGE,meaningful_change,SCHEDULED_REVIEW_WITH_MEANINGFUL_CHANGE,meaningful_change,session_transition|request_state:po3.htf_choch+po3.htf_mss+po3.liquidity_kind+po3.structure_type+po3.t_bos+po3.t_disp+po3.t_sweep|new_candidate,591813800_1786509126_394060796_1786510468_WTI_32146,916.8166666666667,0.0,FULL_STRUCTURED,ai_abstained,ABSTAIN,False,other,stored,qualitative_dispute_unresolved,True,ABSTAIN,
591813800_1786569338_18032703_1786569441_WTI_14939,591813800,591813800_1786569338_18032703,WTI,1786569441,OFF,NK,CALL,SCHEDULED_REVIEW_WITH_MEANINGFUL_CHANGE,meaningful_change,SCHEDULED_REVIEW_WITH_MEANINGFUL_CHANGE,meaningful_change,identity:python.model_id|new_candidate,591813800_1786561284_9977718_1786565476_WTI_31300,66.08333333333333,0.0,FULL_STRUCTURED,ai_rejected,REJECT,False,luna,stored,qualitative_block_upheld,True,REJECT,
591813800_1786569338_18032703_1786569757_WTI_22163,591813800,591813800_1786569338_18032703,WTI,1786569756,OFF,NK,CALL,REQUIRED_NEW_DECISION,meaningful_change,REQUIRED_NEW_DECISION,meaningful_change,new_candidate,591813800_1786569338_18032703_1786569441_WTI_14939,5.25,0.0,FULL_STRUCTURED,ai_abstained,ABSTAIN,False,luna,stored,qualitative_block_upheld,True,ABSTAIN,
591813800_1786569338_18032703_1786570070_WTI_9097,591813800,591813800_1786569338_18032703,WTI,1786570070,OFF,NK,CALL,REQUIRED_NEW_DECISION,meaningful_change,REQUIRED_NEW_DECISION,meaningful_change,identity:python.model_id+python.provider_id|new_candidate,591813800_1786569338_18032703_1786569757_WTI_22163,5.233333333333333,0.0,DEGRADED_NON_TRADING,decision_evidence_reference_reject,REJECT,False,other,non_full_structured_decision,,False,,
591813800_1786569338_18032703_1786570384_WTI_9558,591813800,591813800_1786569338_18032703,WTI,1786570384,OFF,NK,CALL,REQUIRED_NEW_DECISION,meaningful_change,REQUIRED_NEW_DECISION,meaningful_change,new_candidate,591813800_1786569338_18032703_1786569757_WTI_22163,10.466666666666667,0.0,FULL_STRUCTURED,ai_abstained,ABSTAIN,False,luna,stored,qualitative_block_upheld,True,ABSTAIN,
591813800_1786569338_18032703_1786570698_WTI_4406,591813800,591813800_1786569338_18032703,WTI,1786570698,OFF,NK,CALL,REQUIRED_NEW_DECISION,meaningful_change,REQUIRED_NEW_DECISION,meaningful_change,new_candidate,591813800_1786569338_18032703_1786570384_WTI_9558,5.233333333333333,0.0,FULL_STRUCTURED,ai_abstained,ABSTAIN,False,luna,stored,qualitative_block_upheld,True,ABSTAIN,
591813800_1786569338_18032703_1786571012_WTI_27784,591813800,591813800_1786569338_18032703,WTI,1786571012,OFF,NK,CALL,REQUIRED_NEW_DECISION,meaningful_change,REQUIRED_NEW_DECISION,meaningful_change,new_candidate,591813800_1786569338_18032703_1786570698_WTI_4406,5.233333333333333,0.0,FULL_STRUCTURED,ai_rejected,REJECT,False,luna,stored,qualitative_block_upheld,True,REJECT,
591813800_1786744136_102001000_1786748747_WTI_24685,591813800,591813800_1786744136_102001000,WTI,1786748746,NY,K,CALL,SCHEDULED_REVIEW_WITH_MEANINGFUL_CHANGE,meaningful_change,SCHEDULED_REVIEW_WITH_MEANINGFUL_CHANGE,meaningful_change,identity:decision_input_hash+runtime_input_hash|session_transition|killzone_transition|request_state:po3.context_tier+po3.developing_bos+po3.has_bos+po3.htf_bos+po3.htf_choch+po3.htf_mss+po3.po3_state+po3.structure_type+po3.t_bos+po3.t_disp+po3.t_sweep|new_candidate,591813800_1786569338_18032703_1786571012_WTI_27784,2962.233333333333,0.0,FULL_STRUCTURED,ai_rejected,REJECT,False,luna,stored,qualitative_block_upheld,True,REJECT,
591813800_1786744136_102001000_1786750584_WTI_10639,591813800,591813800_1786744136_102001000,WTI,1786750584,NY,K,CALL,OTHER_REQUIRED,decisive_prior_ttl_expired,OTHER_REQUIRED,decisive_prior_ttl_expired,,591813800_1786744136_102001000_1786748747_WTI_24685,30.633333333333333,7.0,FULL_STRUCTURED,ai_rejected,REJECT,False,luna,stored,qualitative_block_upheld,True,REJECT,
591813800_1786932611_30404328_1786932664_WTI_27417,591813800,591813800_1786932611_30404328,WTI,1786932664,NY,NK,CALL,SCHEDULED_REVIEW_WITH_MEANINGFUL_CHANGE,meaningful_change,SCHEDULED_REVIEW_WITH_MEANINGFUL_CHANGE,meaningful_change,killzone_transition|request_state:po3.liquidity_kind|candidate_state:target_source+tp_model|price_drift,591813800_1786744136_102001000_1786750584_WTI_10639,3034.6666666666665,0.0,FULL_STRUCTURED,ai_rejected,REJECT,False,luna,stored,qualitative_block_upheld,True,REJECT,
591813800_1786932611_30404328_1786935436_WTI_23290,591813800,591813800_1786932611_30404328,WTI,1786935436,NY,NK,CALL,OTHER_REQUIRED,decisive_prior_ttl_expired,OTHER_REQUIRED,decisive_prior_ttl_expired,,591813800_1786932611_30404328_1786932664_WTI_27417,46.2,7.0,FULL_STRUCTURED,ai_rejected,REJECT,False,luna,stored,qualitative_block_upheld,True,REJECT,
591813800_1786932611_30404328_1786937294_WTI_9131,591813800,591813800_1786932611_30404328,WTI,1786937294,ASIA,NK,CALL,SCHEDULED_REVIEW_WITH_MEANINGFUL_CHANGE,meaningful_change,SCHEDULED_REVIEW_WITH_MEANINGFUL_CHANGE,meaningful_change,session_transition,591813800_1786932611_30404328_1786935436_WTI_23290,30.966666666666665,0.0,FULL_STRUCTURED,ai_rejected,REJECT,False,luna,stored,qualitative_block_upheld,True,REJECT,
591813800_1786932611_30404328_1786939159_WTI_24348,591813800,591813800_1786932611_30404328,WTI,1786939159,ASIA,NK,CALL,OTHER_REQUIRED,decisive_prior_ttl_expired,OTHER_REQUIRED,decisive_prior_ttl_expired,,591813800_1786932611_30404328_1786937294_WTI_9131,31.083333333333332,30.0,FULL_STRUCTURED,ai_rejected,REJECT,False,luna,stored,qualitative_block_upheld,True,REJECT,
591813800_1786932611_30404328_1786940994_WTI_30264,591813800,591813800_1786932611_30404328,WTI,1786940994,ASIA,NK,CALL,OTHER_REQUIRED,decisive_prior_ttl_expired,OTHER_REQUIRED,decisive_prior_ttl_expired,,591813800_1786932611_30404328_1786939159_WTI_24348,30.583333333333332,30.0,FULL_STRUCTURED,ai_rejected,REJECT,False,luna,stored,qualitative_block_upheld,True,REJECT,
591813800_1786932611_30404328_1786946516_WTI_18067,591813800,591813800_1786932611_30404328,WTI,1786946516,ASIA,NK,CALL,OTHER_REQUIRED,decisive_prior_ttl_expired,OTHER_REQUIRED,decisive_prior_ttl_expired,,591813800_1786932611_30404328_1786940994_WTI_30264,92.03333333333333,30.0,FULL_STRUCTURED,ai_rejected,REJECT,False,luna,stored,qualitative_block_upheld,True,REJECT,
591813800_1788558241_97800375_1788558287_WTI_28236,591813800,591813800_1788558241_97800375,WTI,1788558287,OFF,NK,CALL,SCHEDULED_REVIEW_WITH_MEANINGFUL_CHANGE,meaningful_change,SCHEDULED_REVIEW_WITH_MEANINGFUL_CHANGE,meaningful_change,identity:contract_manifest_hash+decision_input_hash+python.family_profile_version+runtime_input_hash|session_transition|request_state:is_buy+po3.context_tier+po3.developing_bos+po3.has_bos+po3.has_follow_through+po3.htf_bos+po3.htf_choch+po3.htf_mss+po3.liquidity_kind+po3.ltf_choch+po3.ltf_mss+po3.po3_state+po3.structure_type+po3.sweep_side+po3.t_bos+po3.t_disp+po3.t_sweep|new_candidate,591813800_1786932611_30404328_1786946516_WTI_18067,26862.85,0.0,FULL_STRUCTURED,ai_abstained,ABSTAIN,False,luna,stored,qualitative_block_upheld,True,ABSTAIN,
903871_1788983285_8075437_1788983347_AUDJPY_16869,903871,903871_1788983285_8075437,AUDJPY,1788983346,OFF,NK,CALL,REQUIRED_NEW_DECISION,no_prior_authoritative_decision,REQUIRED_NEW_DECISION,no_prior_authoritative_decision,,,,0.0,FULL_STRUCTURED,ai_abstained,ABSTAIN,False,muse,stored,analyst_abstain_below_adjudication_floor,False,ABSTAIN,
903871_1788983285_8075437_1788983957_AUDJPY_2916,903871,903871_1788983285_8075437,AUDJPY,1788983956,OFF,NK,CALL,OTHER_REQUIRED,borderline_prior_requires_fresh_review,OTHER_REQUIRED,borderline_prior_requires_fresh_review,,903871_1788983285_8075437_1788983347_AUDJPY_16869,10.166666666666666,0.0,FULL_STRUCTURED,ai_abstained,ABSTAIN,False,muse,stored,analyst_abstain_below_adjudication_floor,False,ABSTAIN,
903871_1788983285_8075437_1788985176_AUDJPY_3349,903871,903871_1788983285_8075437,AUDJPY,1788985175,OFF,NK,CALL,OTHER_REQUIRED,borderline_prior_requires_fresh_review,OTHER_REQUIRED,borderline_prior_requires_fresh_review,,903871_1788983285_8075437_1788983957_AUDJPY_2916,20.316666666666666,0.0,FULL_STRUCTURED,ai_abstained,ABSTAIN,False,muse,stored,analyst_abstain_below_adjudication_floor,False,ABSTAIN,
903871_1788983285_8075437_1788986395_AUDJPY_20683,903871,903871_1788983285_8075437,AUDJPY,1788986394,OFF,NK,CALL,OTHER_REQUIRED,borderline_prior_requires_fresh_review,OTHER_REQUIRED,borderline_prior_requires_fresh_review,,903871_1788983285_8075437_1788985176_AUDJPY_3349,20.316666666666666,0.0,FULL_STRUCTURED,ai_abstained,ABSTAIN,False,muse,stored,analyst_abstain_below_adjudication_floor,False,ABSTAIN,
903871_1788983285_8075437_1788987005_AUDJPY_9598,903871,903871_1788983285_8075437,AUDJPY,1788987004,OFF,NK,CALL,OTHER_REQUIRED,borderline_prior_requires_fresh_review,OTHER_REQUIRED,borderline_prior_requires_fresh_review,,903871_1788983285_8075437_1788986395_AUDJPY_20683,10.166666666666666,0.0,FULL_STRUCTURED,ai_abstained,ABSTAIN,False,muse,stored,analyst_abstain_below_adjudication_floor,False,ABSTAIN,
903871_1788999394_24185000_1789008638_AUDJPY_19376,903871,903871_1788999394_24185000,AUDJPY,1789008638,NY,NK,CALL,SCHEDULED_REVIEW_WITH_MEANINGFUL_CHANGE,meaningful_change,SCHEDULED_REVIEW_WITH_MEANINGFUL_CHANGE,meaningful_change,session_transition|request_state:is_buy+po3.context_tier+po3.developing_bos+po3.has_bos+po3.htf_bos+po3.htf_choch+po3.htf_mss+po3.liquidity_kind+po3.ltf_choch+po3.ltf_mss+po3.po3_state+po3.structure_type+po3.sweep_side+po3.t_bos+po3.t_disp+po3.t_sweep|new_candidate,903871_1788983285_8075437_1788987005_AUDJPY_9598,360.56666666666666,0.0,FULL_STRUCTURED,ai_abstained,ABSTAIN,False,muse,stored,analyst_abstain_below_adjudication_floor,False,ABSTAIN,
903871_1788999394_24185000_1789009894_AUDJPY_32606,903871,903871_1788999394_24185000,AUDJPY,1789009893,ASIA,NK,CALL,REQUIRED_NEW_DECISION,meaningful_change,REQUIRED_NEW_DECISION,meaningful_change,session_transition|request_state:po3.ltf_choch+po3.ltf_mss+po3.t_disp+po3.t_sweep|new_candidate,903871_1788999394_24185000_1789008638_AUDJPY_19376,20.916666666666668,0.0,FULL_STRUCTURED,ai_abstained,ABSTAIN,False,muse,stored,analyst_abstain_below_adjudication_floor,False,ABSTAIN,
903871_1788999394_24185000_1789010520_AUDJPY_24590,903871,903871_1788999394_24185000,AUDJPY,1789010519,ASIA,NK,CALL,REQUIRED_NEW_DECISION,meaningful_change,REQUIRED_NEW_DECISION,meaningful_change,identity:python.model_id+python.provider_id|new_candidate,903871_1788999394_24185000_1789009894_AUDJPY_32606,10.433333333333334,0.0,FULL_STRUCTURED,ai_abstained,ABSTAIN,False,luna,stored,qualitative_dispute_unresolved,True,ABSTAIN,
903871_1788999394_24185000_1789011146_AUDJPY_31998,903871,903871_1788999394_24185000,AUDJPY,1789011145,ASIA,NK,CALL,REQUIRED_NEW_DECISION,meaningful_change,REQUIRED_NEW_DECISION,meaningful_change,identity:python.model_id+python.provider_id,903871_1788999394_24185000_1789010520_AUDJPY_24590,10.433333333333334,0.0,FULL_STRUCTURED,ai_abstained,ABSTAIN,False,muse,stored,analyst_abstain_below_adjudication_floor,False,ABSTAIN,
903871_1788999394_24185000_1789011821_AUDJPY_6701,903871,903871_1788999394_24185000,AUDJPY,1789011820,ASIA,NK,CALL,REQUIRED_NEW_DECISION,meaningful_change,REQUIRED_NEW_DECISION,meaningful_change,new_candidate,903871_1788999394_24185000_1789011146_AUDJPY_31998,11.25,0.0,FULL_STRUCTURED,ai_abstained,ABSTAIN,False,muse,stored,analyst_abstain_below_adjudication_floor,False,ABSTAIN,
903871_1788999394_24185000_1789012460_AUDJPY_63,903871,903871_1788999394_24185000,AUDJPY,1789012460,ASIA,NK,CALL,REQUIRED_NEW_DECISION,meaningful_change,REQUIRED_NEW_DECISION,meaningful_change,new_candidate,903871_1788999394_24185000_1789011821_AUDJPY_6701,10.666666666666666,0.0,FULL_STRUCTURED,ai_abstained,ABSTAIN,False,muse,stored,analyst_abstain_below_adjudication_floor,False,ABSTAIN,
903871_1788999394_24185000_1789013087_AUDJPY_32206,903871,903871_1788999394_24185000,AUDJPY,1789013086,ASIA,NK,CALL,REQUIRED_NEW_DECISION,meaningful_change,REQUIRED_NEW_DECISION,meaningful_change,new_candidate,903871_1788999394_24185000_1789012460_AUDJPY_63,10.433333333333334,0.0,FULL_STRUCTURED,ai_abstained,ABSTAIN,False,muse,stored,analyst_abstain_below_adjudication_floor,False,ABSTAIN,
903871_1788999394_24185000_1789013928_AUDJPY_29002,903871,903871_1788999394_24185000,AUDJPY,1789013927,ASIA,NK,CALL,REQUIRED_NEW_DECISION,meaningful_change,REQUIRED_NEW_DECISION,meaningful_change,new_candidate,903871_1788999394_24185000_1789013087_AUDJPY_32206,14.016666666666667,0.0,FULL_STRUCTURED,ai_abstained,ABSTAIN,False,muse,stored,analyst_abstain_below_adjudication_floor,False,ABSTAIN,
903871_1788999394_24185000_1789014947_AUDJPY_5688,903871,903871_1788999394_24185000,AUDJPY,1789014946,ASIA,NK,CALL,OTHER_REQUIRED,borderline_prior_requires_fresh_review,OTHER_REQUIRED,borderline_prior_requires_fresh_review,,903871_1788999394_24185000_1789013928_AUDJPY_29002,16.983333333333334,0.0,FULL_STRUCTURED,ai_abstained,ABSTAIN,False,muse,stored,analyst_abstain_below_adjudication_floor,False,ABSTAIN,
903871_1788999394_24185000_1789015836_AUDJPY_9706,903871,903871_1788999394_24185000,AUDJPY,1789015835,ASIA,NK,CALL,REQUIRED_NEW_DECISION,meaningful_change,REQUIRED_NEW_DECISION,meaningful_change,candidate_state:fvg_execution_class+fvg_mid_mitigated+fvg_mitigation_state,903871_1788999394_24185000_1789014947_AUDJPY_5688,14.816666666666666,0.0,FULL_STRUCTURED,ai_abstained,ABSTAIN,False,muse,stored,analyst_abstain_below_adjudication_floor,False,ABSTAIN,
903871_1788999394_24185000_1789019724_AUDJPY_8987,903871,903871_1788999394_24185000,AUDJPY,1789019723,ASIA,NK,CALL,SCHEDULED_REVIEW_WITH_MEANINGFUL_CHANGE,meaningful_change,SCHEDULED_REVIEW_WITH_MEANINGFUL_CHANGE,meaningful_change,new_candidate,903871_1788999394_24185000_1789015836_AUDJPY_9706,64.8,0.0,FULL_STRUCTURED,ai_abstained,ABSTAIN,False,muse,stored,analyst_abstain_below_adjudication_floor,False,ABSTAIN,
903871_1788999394_24185000_1789020718_AUDJPY_1139,903871,903871_1788999394_24185000,AUDJPY,1789020717,ASIA,NK,CALL,REQUIRED_NEW_DECISION,meaningful_change,REQUIRED_NEW_DECISION,meaningful_change,candidate_state:entry_trigger_phase+fvg_execution_class+fvg_mid_mitigated+fvg_mitigation_state+fvg_touched,903871_1788999394_24185000_1789019724_AUDJPY_8987,16.566666666666666,0.0,FULL_STRUCTURED,ai_abstained,ABSTAIN,False,muse,stored,analyst_abstain_below_adjudication_floor,False,ABSTAIN,
903871_1788999394_24185000_1789041239_AUDJPY_18495,903871,903871_1788999394_24185000,AUDJPY,1789041239,ASIA,NK,CALL,SCHEDULED_REVIEW_WITH_MEANINGFUL_CHANGE,meaningful_change,SCHEDULED_REVIEW_WITH_MEANINGFUL_CHANGE,meaningful_change,new_candidate,903871_1788999394_24185000_1789020718_AUDJPY_1139,342.03333333333336,0.0,FULL_STRUCTURED,ai_abstained,ABSTAIN,False,muse,stored,analyst_abstain_below_adjudication_floor,False,ABSTAIN,
903871_1788999394_24185000_1789043523_AUDJPY_29017,903871,903871_1788999394_24185000,AUDJPY,1789043523,ASIA,K,CALL,SCHEDULED_REVIEW_WITH_MEANINGFUL_CHANGE,meaningful_change,SCHEDULED_REVIEW_WITH_MEANINGFUL_CHANGE,meaningful_change,killzone_transition|request_state:po3.developing_bos+po3.has_sweep+po3.liquidity_kind+po3.ltf_bos+po3.ltf_choch+po3.ltf_mss+po3.structure_type+po3.sweep_side+po3.t_disp+po3.t_sweep|new_candidate,903871_1788999394_24185000_1789041239_AUDJPY_18495,38.06666666666667,0.0,FULL_STRUCTURED,ai_abstained,ABSTAIN,False,muse,stored,analyst_abstain_below_adjudication_floor,False,ABSTAIN,
903871_1788999394_24185000_1789044808_AUDJPY_27975,903871,903871_1788999394_24185000,AUDJPY,1789044808,ASIA,K,REUSE,UNCHANGED_STATE,unchanged_decisive_non_approval_within_ttl,UNCHANGED_STATE,unchanged_decisive_non_approval_within_ttl,,903871_1788999394_24185000_1789043523_AUDJPY_29017,21.416666666666668,30.0,FULL_STRUCTURED,ai_abstained,ABSTAIN,False,muse,,analyst_abstain_below_adjudication_floor,False,ABSTAIN,
903871_1788999394_24185000_1789046185_AUDJPY_13050,903871,903871_1788999394_24185000,AUDJPY,1789046184,LON,NK,CALL,SCHEDULED_REVIEW_WITH_MEANINGFUL_CHANGE,meaningful_change,SCHEDULED_REVIEW_WITH_MEANINGFUL_CHANGE,meaningful_change,session_transition|killzone_transition|request_state:po3.developing_bos+po3.has_sweep+po3.liquidity_kind+po3.ltf_bos+po3.ltf_choch+po3.ltf_mss+po3.structure_type+po3.sweep_side+po3.t_disp+po3.t_sweep,903871_1788999394_24185000_1789043523_AUDJPY_29017,44.35,0.0,FULL_STRUCTURED,ai_rejected,REJECT,False,muse,stored,analyst_reject,False,REJECT,
903871_1788999394_24185000_1789048742_AUDJPY_21774,903871,903871_1788999394_24185000,AUDJPY,1789048741,LON,NK,CALL,SCHEDULED_REVIEW_WITH_MEANINGFUL_CHANGE,meaningful_change,SCHEDULED_REVIEW_WITH_MEANINGFUL_CHANGE,meaningful_change,new_candidate,903871_1788999394_24185000_1789046185_AUDJPY_13050,42.61666666666667,0.0,FULL_STRUCTURED,ai_abstained,ABSTAIN,False,muse,stored,analyst_abstain_below_adjudication_floor,False,ABSTAIN,
903871_1788999394_24185000_1789050120_AUDJPY_28812,903871,903871_1788999394_24185000,AUDJPY,1789050119,LON,NK,CALL,SCHEDULED_REVIEW_WITH_MEANINGFUL_CHANGE,meaningful_change,SCHEDULED_REVIEW_WITH_MEANINGFUL_CHANGE,meaningful_change,request_state:po3.context_tier+po3.developing_bos+po3.has_bos+po3.htf_bos+po3.htf_choch+po3.htf_mss+po3.po3_state+po3.structure_type+po3.t_bos|new_candidate,903871_1788999394_24185000_1789048742_AUDJPY_21774,22.966666666666665,0.0,FULL_STRUCTURED,ai_abstained,ABSTAIN,False,muse,stored,analyst_abstain_below_adjudication_floor,False,ABSTAIN,
903871_1788999394_24185000_1789051254_AUDJPY_9789,903871,903871_1788999394_24185000,AUDJPY,1789051253,LON,NK,CALL,SCHEDULED_REVIEW_WITH_MEANINGFUL_CHANGE,meaningful_change,SCHEDULED_REVIEW_WITH_MEANINGFUL_CHANGE,meaningful_change,new_candidate,903871_1788999394_24185000_1789050120_AUDJPY_28812,18.9,0.0,FULL_STRUCTURED,ai_abstained,ABSTAIN,False,muse,stored,analyst_abstain_below_adjudication_floor,False,ABSTAIN,
903871_1788999394_24185000_1789052441_AUDJPY_4931,903871,903871_1788999394_24185000,AUDJPY,1789052440,LON,NK,CALL,OTHER_REQUIRED,borderline_prior_requires_fresh_review,OTHER_REQUIRED,borderline_prior_requires_fresh_review,,903871_1788999394_24185000_1789051254_AUDJPY_9789,19.783333333333335,0.0,FULL_STRUCTURED,ai_abstained,ABSTAIN,False,muse,stored,analyst_abstain_below_adjudication_floor,False,ABSTAIN,
903871_1788999394_24185000_1789061214_AUDJPY_17423,903871,903871_1788999394_24185000,AUDJPY,1789061213,LON,NK,CALL,SCHEDULED_REVIEW_WITH_MEANINGFUL_CHANGE,meaningful_change,SCHEDULED_REVIEW_WITH_MEANINGFUL_CHANGE,meaningful_change,request_state:is_buy+po3.has_follow_through+po3.htf_choch+po3.htf_mss+po3.liquidity_kind+po3.structure_type+po3.sweep_side+po3.t_bos+po3.t_disp+po3.t_sweep|new_candidate,903871_1788999394_24185000_1789052441_AUDJPY_4931,146.21666666666667,0.0,FULL_STRUCTURED,ai_abstained,ABSTAIN,False,muse,stored,analyst_abstain_below_adjudication_floor,False,ABSTAIN,
903871_1788999394_24185000_1789062466_AUDJPY_8970,903871,903871_1788999394_24185000,AUDJPY,1789062465,LON,NK,CALL,OTHER_REQUIRED,borderline_prior_requires_fresh_review,OTHER_REQUIRED,borderline_prior_requires_fresh_review,,903871_1788999394_24185000_1789061214_AUDJPY_17423,20.866666666666667,0.0,FULL_STRUCTURED,ai_abstained,ABSTAIN,False,muse,stored,analyst_abstain_below_adjudication_floor,False,ABSTAIN,
903871_1789062748_87542921_1789063912_AUDJPY_9463,903871,903871_1789062748_87542921,AUDJPY,1789063911,LON,NK,CALL,OTHER_REQUIRED,borderline_prior_requires_fresh_review,OTHER_REQUIRED,borderline_prior_requires_fresh_review,,903871_1788999394_24185000_1789062466_AUDJPY_8970,24.1,0.0,FULL_STRUCTURED,ai_abstained,ABSTAIN,False,muse,stored,analyst_abstain_below_adjudication_floor,False,ABSTAIN,
903871_1789062748_87542921_1789064597_AUDJPY_5680,903871,903871_1789062748_87542921,AUDJPY,1789064596,LON,NK,CALL,OTHER_REQUIRED,borderline_prior_requires_fresh_review,OTHER_REQUIRED,borderline_prior_requires_fresh_review,,903871_1789062748_87542921_1789063912_AUDJPY_9463,11.416666666666666,0.0,FULL_STRUCTURED,ai_approved,APPROVE,True,muse,stored,analyst_approve_critic_pass,False,APPROVE,
903871_1789062748_87542921_1789070364_AUDJPY_6189,903871,903871_1789062748_87542921,AUDJPY,1789070362,OFF,NK,CALL,PREDETERMINED_OUTCOME,mql_sweep_already_consumed_all_candidates,REQUIRED_NEW_DECISION,prior_decision_approved_never_reused,,903871_1789062748_87542921_1789064597_AUDJPY_5680,96.1,0.0,FULL_STRUCTURED,ai_abstained,ABSTAIN,False,muse,stored,analyst_abstain_below_adjudication_floor,False,ABSTAIN,True
903871_1789062748_87542921_1789072358_AUDJPY_32691,903871,903871_1789062748_87542921,AUDJPY,1789072357,OFF,NK,CALL,PREDETERMINED_OUTCOME,mql_sweep_already_consumed_all_candidates,OTHER_REQUIRED,borderline_prior_requires_fresh_review,,903871_1789062748_87542921_1789070364_AUDJPY_6189,33.25,0.0,FULL_STRUCTURED,ai_approved,APPROVE,True,muse,stored,analyst_approve_critic_pass,False,APPROVE,True
903871_1789062748_87542921_1789073295_AUDJPY_1081,903871,903871_1789062748_87542921,AUDJPY,1789073293,OFF,NK,CALL,PREDETERMINED_OUTCOME,mql_sweep_already_consumed_all_candidates,REQUIRED_NEW_DECISION,prior_decision_approved_never_reused,,903871_1789062748_87542921_1789072358_AUDJPY_32691,15.6,0.0,FULL_STRUCTURED,ai_abstained,ABSTAIN,False,muse,stored,analyst_abstain_below_adjudication_floor,False,ABSTAIN,True
903871_1789062748_87542921_1789074140_AUDJPY_16739,903871,903871_1789062748_87542921,AUDJPY,1789074138,OFF,NK,CALL,PREDETERMINED_OUTCOME,mql_sweep_already_consumed_all_candidates,OTHER_REQUIRED,borderline_prior_requires_fresh_review,,903871_1789062748_87542921_1789073295_AUDJPY_1081,14.083333333333334,0.0,FULL_STRUCTURED,ai_abstained,ABSTAIN,False,muse,stored,analyst_abstain_below_adjudication_floor,False,ABSTAIN,True
903871_1789062748_87542921_1789074819_AUDJPY_10602,903871,903871_1789062748_87542921,AUDJPY,1789074817,OFF,NK,CALL,PREDETERMINED_OUTCOME,mql_sweep_already_consumed_all_candidates,OTHER_REQUIRED,borderline_prior_requires_fresh_review,,903871_1789062748_87542921_1789074140_AUDJPY_16739,11.316666666666666,0.0,FULL_STRUCTURED,ai_abstained,ABSTAIN,False,muse,stored,analyst_abstain_below_adjudication_floor,False,ABSTAIN,True
903871_1789062748_87542921_1789075786_AUDJPY_21529,903871,903871_1789062748_87542921,AUDJPY,1789075784,OFF,NK,CALL,PREDETERMINED_OUTCOME,mql_sweep_already_consumed_all_candidates,OTHER_REQUIRED,borderline_prior_requires_fresh_review,,903871_1789062748_87542921_1789074819_AUDJPY_10602,16.116666666666667,0.0,FULL_STRUCTURED,ai_abstained,ABSTAIN,False,muse,stored,analyst_abstain_below_adjudication_floor,False,ABSTAIN,True
903871_1789062748_87542921_1789076820_AUDJPY_12711,903871,903871_1789062748_87542921,AUDJPY,1789076818,OFF,NK,CALL,PREDETERMINED_OUTCOME,mql_sweep_already_consumed_all_candidates,OTHER_REQUIRED,borderline_prior_requires_fresh_review,,903871_1789062748_87542921_1789075786_AUDJPY_21529,17.233333333333334,0.0,FULL_STRUCTURED,ai_abstained,ABSTAIN,False,muse,stored,qualitative_dispute_unresolved,True,ABSTAIN,True
903871_1789062748_87542921_1789077958_AUDJPY_1937,903871,903871_1789062748_87542921,AUDJPY,1789077956,OFF,NK,CALL,PREDETERMINED_OUTCOME,mql_sweep_already_consumed_all_candidates,OTHER_REQUIRED,borderline_prior_requires_fresh_review,,903871_1789062748_87542921_1789076820_AUDJPY_12711,18.966666666666665,0.0,FULL_STRUCTURED,ai_abstained,ABSTAIN,False,muse,stored,analyst_abstain_below_adjudication_floor,False,ABSTAIN,True
903871_1789062748_87542921_1789078798_AUDJPY_4523,903871,903871_1789062748_87542921,AUDJPY,1789078796,OFF,NK,CALL,PREDETERMINED_OUTCOME,mql_sweep_already_consumed_all_candidates,OTHER_REQUIRED,borderline_prior_requires_fresh_review,,903871_1789062748_87542921_1789077958_AUDJPY_1937,14.0,0.0,FULL_STRUCTURED,ai_abstained,ABSTAIN,False,muse,stored,analyst_abstain_below_adjudication_floor,False,ABSTAIN,True
903871_1789062748_87542921_1789081570_AUDJPY_29684,903871,903871_1789062748_87542921,AUDJPY,1789081569,NY,K,CALL,PREDETERMINED_OUTCOME,mql_sweep_already_consumed_all_candidates,SCHEDULED_REVIEW_WITH_MEANINGFUL_CHANGE,meaningful_change,session_transition|killzone_transition|request_state:po3.liquidity_kind,903871_1789062748_87542921_1789078798_AUDJPY_4523,46.21666666666667,0.0,FULL_STRUCTURED,ai_abstained,ABSTAIN,False,muse,stored,qualitative_block_upheld,True,ABSTAIN,True
903871_1789062748_87542921_1789083532_AUDJPY_15264,903871,903871_1789062748_87542921,AUDJPY,1789083531,NY,K,CALL,PREDETERMINED_OUTCOME,mql_sweep_already_consumed_all_candidates,SCHEDULED_REVIEW_WITH_MEANINGFUL_CHANGE,meaningful_change,new_candidate,903871_1789062748_87542921_1789081570_AUDJPY_29684,32.7,0.0,,,,False,unknown,,,False,,True
903871_1789062748_87542921_1789089325_AUDJPY_3344,903871,903871_1789062748_87542921,AUDJPY,1789089324,NY,NK,CALL,PREDETERMINED_OUTCOME,mql_sweep_already_consumed_all_candidates,SCHEDULED_REVIEW_WITH_MEANINGFUL_CHANGE,meaningful_change,killzone_transition|request_state:po3.liquidity_kind|candidate_state:target_source+tp_model|new_candidate,903871_1789062748_87542921_1789081570_AUDJPY_29684,129.25,0.0,,,,False,unknown,,,False,,True
903871_1789062748_87542921_1789090539_AUDJPY_8031,903871,903871_1789062748_87542921,AUDJPY,1789090538,NY,NK,CALL,PREDETERMINED_OUTCOME,mql_sweep_already_consumed_all_candidates,SCHEDULED_REVIEW_WITH_MEANINGFUL_CHANGE,meaningful_change,killzone_transition|request_state:po3.liquidity_kind|candidate_state:target_source+tp_model|new_candidate,903871_1789062748_87542921_1789081570_AUDJPY_29684,149.48333333333332,0.0,,,,False,unknown,,,False,,True
903871_1789062748_87542921_1789091753_AUDJPY_14408,903871,903871_1789062748_87542921,AUDJPY,1789091752,NY,NK,CALL,PREDETERMINED_OUTCOME,mql_sweep_already_consumed_all_candidates,SCHEDULED_REVIEW_WITH_MEANINGFUL_CHANGE,meaningful_change,killzone_transition|request_state:po3.liquidity_kind|candidate_state:target_source+tp_model|new_candidate,903871_1789062748_87542921_1789081570_AUDJPY_29684,169.71666666666667,0.0,,,,False,unknown,,,False,,True
903871_1789062748_87542921_1789092967_AUDJPY_24308,903871,903871_1789062748_87542921,AUDJPY,1789092966,NY,NK,CALL,PREDETERMINED_OUTCOME,mql_sweep_already_consumed_all_candidates,SCHEDULED_REVIEW_WITH_MEANINGFUL_CHANGE,meaningful_change,identity:python.model_id+python.provider_id|killzone_transition|request_state:po3.liquidity_kind|candidate_state:target_source+tp_model|new_candidate,903871_1789062748_87542921_1789081570_AUDJPY_29684,189.95,0.0,DEGRADED_NON_TRADING,provider_deadline_exceeded,REJECT,False,other,non_full_structured_decision,,False,,True
903871_1789093630_118426656_1789094249_AUDJPY_18863,903871,903871_1789093630_118426656,AUDJPY,1789094248,NY,NK,CALL,SCHEDULED_REVIEW_WITH_MEANINGFUL_CHANGE,meaningful_change,SCHEDULED_REVIEW_WITH_MEANINGFUL_CHANGE,meaningful_change,killzone_transition|request_state:po3.liquidity_kind|candidate_state:target_source+tp_model,903871_1789062748_87542921_1789081570_AUDJPY_29684,211.31666666666666,0.0,FULL_STRUCTURED,ai_abstained,ABSTAIN,False,muse,stored,analyst_abstain_below_adjudication_floor,False,ABSTAIN,
903871_1789093630_118426656_1789094856_AUDJPY_5922,903871,903871_1789093630_118426656,AUDJPY,1789094855,NY,NK,CALL,SCHEDULED_REVIEW_WITH_MEANINGFUL_CHANGE,meaningful_change,SCHEDULED_REVIEW_WITH_MEANINGFUL_CHANGE,meaningful_change,candidate_state:entry_trigger_phase+fvg_execution_class+fvg_mitigation_state+fvg_touched|new_candidate,903871_1789093630_118426656_1789094249_AUDJPY_18863,10.116666666666667,0.0,FULL_STRUCTURED,ai_rejected,REJECT,False,muse,stored,analyst_reject,False,REJECT,
903871_1789093630_118426656_1789095464_AUDJPY_21432,903871,903871_1789093630_118426656,AUDJPY,1789095462,NY,NK,CALL,OTHER_REQUIRED,decisive_prior_ttl_expired,OTHER_REQUIRED,decisive_prior_ttl_expired,,903871_1789093630_118426656_1789094856_AUDJPY_5922,10.116666666666667,7.0,FULL_STRUCTURED,ai_rejected,REJECT,False,muse,stored,analyst_reject,False,REJECT,
903871_1789093630_118426656_1789096071_AUDJPY_3032,903871,903871_1789093630_118426656,AUDJPY,1789096070,ASIA,NK,CALL,REQUIRED_NEW_DECISION,meaningful_change,REQUIRED_NEW_DECISION,meaningful_change,session_transition,903871_1789093630_118426656_1789095464_AUDJPY_21432,10.133333333333333,0.0,FULL_STRUCTURED,ai_rejected,REJECT,False,muse,stored,analyst_reject,False,REJECT,
903871_1789093630_118426656_1789097295_AUDJPY_16205,903871,903871_1789093630_118426656,AUDJPY,1789097293,ASIA,NK,CALL,REQUIRED_NEW_DECISION,meaningful_change,REQUIRED_NEW_DECISION,meaningful_change,new_candidate,903871_1789093630_118426656_1789096071_AUDJPY_3032,20.383333333333333,0.0,FULL_STRUCTURED,ai_abstained,ABSTAIN,False,muse,stored,analyst_abstain_below_adjudication_floor,False,ABSTAIN,
903871_1789093630_118426656_1789097903_AUDJPY_2925,903871,903871_1789093630_118426656,AUDJPY,1789097902,ASIA,NK,REUSE,UNCHANGED_STATE,unchanged_decisive_non_approval_within_ttl,UNCHANGED_STATE,unchanged_decisive_non_approval_within_ttl,,903871_1789093630_118426656_1789097295_AUDJPY_16205,10.15,30.0,FULL_STRUCTURED,ai_rejected,REJECT,False,muse,,analyst_reject,False,REJECT,
903871_1789093630_118426656_1789098513_AUDJPY_32323,903871,903871_1789093630_118426656,AUDJPY,1789098512,ASIA,NK,REUSE,UNCHANGED_STATE,unchanged_decisive_non_approval_within_ttl,UNCHANGED_STATE,unchanged_decisive_non_approval_within_ttl,,903871_1789093630_118426656_1789097295_AUDJPY_16205,20.316666666666666,30.0,FULL_STRUCTURED,ai_rejected,REJECT,False,muse,,analyst_reject,False,REJECT,
903871_1789093630_118426656_1789107739_AUDJPY_28029,903871,903871_1789093630_118426656,AUDJPY,1789107738,ASIA,NK,CALL,SCHEDULED_REVIEW_WITH_MEANINGFUL_CHANGE,meaningful_change,SCHEDULED_REVIEW_WITH_MEANINGFUL_CHANGE,meaningful_change,new_candidate,903871_1789093630_118426656_1789097295_AUDJPY_16205,174.08333333333334,0.0,FULL_STRUCTURED,ai_abstained,ABSTAIN,False,muse,stored,analyst_abstain_below_adjudication_floor,False,ABSTAIN,
903871_1789093630_118426656_1789108723_AUDJPY_2442,903871,903871_1789093630_118426656,AUDJPY,1789108722,ASIA,NK,CALL,REQUIRED_NEW_DECISION,meaningful_change,REQUIRED_NEW_DECISION,meaningful_change,new_candidate,903871_1789093630_118426656_1789107739_AUDJPY_28029,16.4,0.0,FULL_STRUCTURED,ai_rejected,REJECT,False,muse,stored,analyst_reject,False,REJECT,
903871_1789148402_173202328_1789153480_AUDJPY_26397,903871,903871_1789148402_173202328,AUDJPY,1789153479,OFF,NK,CALL,SCHEDULED_REVIEW_WITH_MEANINGFUL_CHANGE,meaningful_change,SCHEDULED_REVIEW_WITH_MEANINGFUL_CHANGE,meaningful_change,identity:runtime_input_hash|session_transition|request_state:is_buy+po3.context_tier+po3.has_bos+po3.has_follow_through+po3.has_sweep+po3.htf_bos+po3.liquidity_kind+po3.ltf_bos+po3.ltf_choch+po3.ltf_mss+po3.po3_state+po3.structure_type+po3.sweep_side+po3.t_bos+po3.t_disp+po3.t_sweep|new_candidate,903871_1789093630_118426656_1789108723_AUDJPY_2442,745.95,0.0,FULL_STRUCTURED,ai_abstained,ABSTAIN,False,muse,stored,analyst_abstain_below_adjudication_floor,False,ABSTAIN,
903871_1789148402_173202328_1789154095_AUDJPY_4209,903871,903871_1789148402_173202328,AUDJPY,1789154094,OFF,NK,CALL,REQUIRED_NEW_DECISION,meaningful_change,REQUIRED_NEW_DECISION,meaningful_change,new_candidate,903871_1789148402_173202328_1789153480_AUDJPY_26397,10.25,0.0,FULL_STRUCTURED,ai_abstained,ABSTAIN,False,muse,stored,analyst_abstain_below_adjudication_floor,False,ABSTAIN,
903871_1789148402_173202328_1789154707_AUDJPY_21375,903871,903871_1789148402_173202328,AUDJPY,1789154706,OFF,NK,CALL,REQUIRED_NEW_DECISION,meaningful_change,REQUIRED_NEW_DECISION,meaningful_change,regime_label,903871_1789148402_173202328_1789154095_AUDJPY_4209,10.2,0.0,FULL_STRUCTURED,ai_abstained,ABSTAIN,False,muse,stored,analyst_abstain_below_adjudication_floor,False,ABSTAIN,
903871_1788983285_8075437_1788983348_AUDUSD_4802,903871,903871_1788983285_8075437,AUDUSD,1788983346,OFF,NK,CALL,REQUIRED_NEW_DECISION,no_prior_authoritative_decision,REQUIRED_NEW_DECISION,no_prior_authoritative_decision,,,,0.0,FULL_STRUCTURED,ai_abstained,ABSTAIN,False,muse,stored,analyst_abstain_below_adjudication_floor,False,ABSTAIN,
903871_1788983285_8075437_1788983957_AUDUSD_12943,903871,903871_1788983285_8075437,AUDUSD,1788983956,OFF,NK,REUSE,UNCHANGED_STATE,unchanged_decisive_non_approval_within_ttl,UNCHANGED_STATE,unchanged_decisive_non_approval_within_ttl,,903871_1788983285_8075437_1788983348_AUDUSD_4802,10.166666666666666,30.0,FULL_STRUCTURED,ai_rejected,REJECT,False,muse,,analyst_reject,False,REJECT,
903871_1788983285_8075437_1788985176_AUDUSD_6421,903871,903871_1788983285_8075437,AUDUSD,1788985175,OFF,NK,CALL,SCHEDULED_REVIEW_WITH_MEANINGFUL_CHANGE,meaningful_change,SCHEDULED_REVIEW_WITH_MEANINGFUL_CHANGE,meaningful_change,new_candidate,903871_1788983285_8075437_1788983348_AUDUSD_4802,30.483333333333334,0.0,FULL_STRUCTURED,ai_rejected,REJECT,False,muse,stored,analyst_reject,False,REJECT,
903871_1788983285_8075437_1788985786_AUDUSD_3380,903871,903871_1788983285_8075437,AUDUSD,1788985785,OFF,NK,CALL,REQUIRED_NEW_DECISION,meaningful_change,REQUIRED_NEW_DECISION,meaningful_change,new_candidate,903871_1788983285_8075437_1788985176_AUDUSD_6421,10.166666666666666,0.0,FULL_STRUCTURED,ai_abstained,ABSTAIN,False,muse,stored,analyst_abstain_below_adjudication_floor,False,ABSTAIN,
903871_1788983285_8075437_1788986395_AUDUSD_5396,903871,903871_1788983285_8075437,AUDUSD,1788986394,OFF,NK,CALL,REQUIRED_NEW_DECISION,meaningful_change,REQUIRED_NEW_DECISION,meaningful_change,new_candidate,903871_1788983285_8075437_1788985786_AUDUSD_3380,10.15,0.0,FULL_STRUCTURED,ai_abstained,ABSTAIN,False,muse,stored,analyst_abstain_below_adjudication_floor,False,ABSTAIN,
903871_1788983285_8075437_1788987618_AUDUSD_16013,903871,903871_1788983285_8075437,AUDUSD,1788987617,OFF,NK,CALL,OTHER_REQUIRED,borderline_prior_requires_fresh_review,OTHER_REQUIRED,borderline_prior_requires_fresh_review,,903871_1788983285_8075437_1788986395_AUDUSD_5396,20.383333333333333,0.0,FULL_STRUCTURED,ai_abstained,ABSTAIN,False,muse,stored,analyst_abstain_below_adjudication_floor,False,ABSTAIN,
903871_1788983285_8075437_1788988231_AUDUSD_27184,903871,903871_1788983285_8075437,AUDUSD,1788988230,OFF,NK,CALL,REQUIRED_NEW_DECISION,meaningful_change,REQUIRED_NEW_DECISION,meaningful_change,new_candidate,903871_1788983285_8075437_1788987618_AUDUSD_16013,10.216666666666667,0.0,FULL_STRUCTURED,ai_abstained,ABSTAIN,False,muse,stored,analyst_abstain_below_adjudication_floor,False,ABSTAIN,
903871_1788983285_8075437_1788988853_AUDUSD_30210,903871,903871_1788983285_8075437,AUDUSD,1788988852,OFF,NK,CALL,OTHER_REQUIRED,borderline_prior_requires_fresh_review,OTHER_REQUIRED,borderline_prior_requires_fresh_review,,903871_1788983285_8075437_1788988231_AUDUSD_27184,10.366666666666667,0.0,FULL_STRUCTURED,ai_rejected,REJECT,False,muse,stored,analyst_reject,False,REJECT,
903871_1788983285_8075437_1788989465_AUDUSD_17601,903871,903871_1788983285_8075437,AUDUSD,1788989464,OFF,NK,REUSE,UNCHANGED_STATE,unchanged_decisive_non_approval_within_ttl,UNCHANGED_STATE,unchanged_decisive_non_approval_within_ttl,,903871_1788983285_8075437_1788988853_AUDUSD_30210,10.2,30.0,FULL_STRUCTURED,ai_rejected,REJECT,False,muse,,analyst_reject,False,REJECT,
903871_1788983285_8075437_1788990078_AUDUSD_32231,903871,903871_1788983285_8075437,AUDUSD,1788990077,OFF,NK,REUSE,UNCHANGED_STATE,unchanged_decisive_non_approval_within_ttl,UNCHANGED_STATE,unchanged_decisive_non_approval_within_ttl,,903871_1788983285_8075437_1788988853_AUDUSD_30210,20.416666666666668,30.0,FULL_STRUCTURED,ai_abstained,ABSTAIN,False,muse,,analyst_abstain_below_adjudication_floor,False,ABSTAIN,
903871_1788983285_8075437_1788990697_AUDUSD_21156,903871,903871_1788983285_8075437,AUDUSD,1788990695,OFF,NK,CALL,PREDETERMINED_OUTCOME,python_hard_pre_gate_already_skips_provider,SCHEDULED_REVIEW_WITH_MEANINGFUL_CHANGE,meaningful_change,identity:python.model_id+python.provider_id|new_candidate,903871_1788983285_8075437_1788988853_AUDUSD_30210,30.716666666666665,0.0,DEGRADED_NON_TRADING,hard_pre_gate,REJECT,False,other,non_full_structured_decision,,False,,
903871_1788983285_8075437_1788991337_AUDUSD_28862,903871,903871_1788983285_8075437,AUDUSD,1788991336,OFF,NK,CALL,PREDETERMINED_OUTCOME,python_hard_pre_gate_already_skips_provider,SCHEDULED_REVIEW_WITH_MEANINGFUL_CHANGE,meaningful_change,identity:python.model_id+python.provider_id|new_candidate,903871_1788983285_8075437_1788988853_AUDUSD_30210,41.4,0.0,DEGRADED_NON_TRADING,hard_pre_gate,REJECT,False,other,non_full_structured_decision,,False,,
903871_1788983285_8075437_1788991957_AUDUSD_15156,903871,903871_1788983285_8075437,AUDUSD,1788991956,OFF,NK,CALL,PREDETERMINED_OUTCOME,python_hard_pre_gate_already_skips_provider,SCHEDULED_REVIEW_WITH_MEANINGFUL_CHANGE,meaningful_change,identity:python.model_id+python.provider_id|new_candidate,903871_1788983285_8075437_1788988853_AUDUSD_30210,51.733333333333334,0.0,DEGRADED_NON_TRADING,hard_pre_gate,REJECT,False,other,non_full_structured_decision,,False,,
903871_1788983285_8075437_1788992574_AUDUSD_20568,903871,903871_1788983285_8075437,AUDUSD,1788992573,OFF,NK,CALL,PREDETERMINED_OUTCOME,python_hard_pre_gate_already_skips_provider,SCHEDULED_REVIEW_WITH_MEANINGFUL_CHANGE,meaningful_change,identity:python.model_id+python.provider_id|new_candidate,903871_1788983285_8075437_1788988853_AUDUSD_30210,62.016666666666666,0.0,DEGRADED_NON_TRADING,hard_pre_gate,REJECT,False,other,non_full_structured_decision,,False,,
903871_1788983285_8075437_1788993197_AUDUSD_11305,903871,903871_1788983285_8075437,AUDUSD,1788993196,OFF,NK,CALL,SCHEDULED_REVIEW_WITH_MEANINGFUL_CHANGE,meaningful_change,SCHEDULED_REVIEW_WITH_MEANINGFUL_CHANGE,meaningful_change,new_candidate,903871_1788983285_8075437_1788988853_AUDUSD_30210,72.4,0.0,FULL_STRUCTURED,ai_abstained,ABSTAIN,False,muse,stored,analyst_abstain_below_adjudication_floor,False,ABSTAIN,
903871_1788983285_8075437_1788993839_AUDUSD_18450,903871,903871_1788983285_8075437,AUDUSD,1788993839,OFF,NK,CALL,PREDETERMINED_OUTCOME,python_hard_pre_gate_already_skips_provider,REQUIRED_NEW_DECISION,meaningful_change,identity:python.model_id+python.provider_id|new_candidate|candidate_state:target_source+tp_model,903871_1788983285_8075437_1788993197_AUDUSD_11305,10.716666666666667,0.0,DEGRADED_NON_TRADING,hard_pre_gate,REJECT,False,other,non_full_structured_decision,,False,,
903871_1788983285_8075437_1788994470_AUDUSD_23306,903871,903871_1788983285_8075437,AUDUSD,1788994470,OFF,NK,CALL,PREDETERMINED_OUTCOME,python_hard_pre_gate_already_skips_provider,REQUIRED_NEW_DECISION,meaningful_change,identity:python.model_id+python.provider_id|new_candidate|candidate_state:target_source+tp_model,903871_1788983285_8075437_1788993197_AUDUSD_11305,21.233333333333334,0.0,DEGRADED_NON_TRADING,hard_pre_gate,REJECT,False,other,non_full_structured_decision,,False,,
903871_1788983285_8075437_1788995216_AUDUSD_18055,903871,903871_1788983285_8075437,AUDUSD,1788995216,NY,K,CALL,PREDETERMINED_OUTCOME,python_hard_pre_gate_already_skips_provider,SCHEDULED_REVIEW_WITH_MEANINGFUL_CHANGE,meaningful_change,identity:python.model_id+python.provider_id|session_transition|killzone_transition|new_candidate|candidate_state:target_source+tp_model,903871_1788983285_8075437_1788993197_AUDUSD_11305,33.666666666666664,0.0,DEGRADED_NON_TRADING,hard_pre_gate,REJECT,False,other,non_full_structured_decision,,False,,
903871_1788983285_8075437_1788995963_AUDUSD_25407,903871,903871_1788983285_8075437,AUDUSD,1788995963,NY,K,CALL,PREDETERMINED_OUTCOME,python_hard_pre_gate_already_skips_provider,SCHEDULED_REVIEW_WITH_MEANINGFUL_CHANGE,meaningful_change,identity:python.model_id+python.provider_id|session_transition|killzone_transition|new_candidate|candidate_state:target_source+tp_model,903871_1788983285_8075437_1788993197_AUDUSD_11305,46.11666666666667,0.0,DEGRADED_NON_TRADING,hard_pre_gate,REJECT,False,other,non_full_structured_decision,,False,,
903871_1788999394_24185000_1789002918_AUDUSD_110,903871,903871_1788999394_24185000,AUDUSD,1789002917,NY,NK,CALL,PREDETERMINED_OUTCOME,python_hard_pre_gate_already_skips_provider,SCHEDULED_REVIEW_WITH_MEANINGFUL_CHANGE,meaningful_change,identity:python.model_id+python.provider_id|session_transition|new_candidate|candidate_state:target_source+tp_model,903871_1788983285_8075437_1788993197_AUDUSD_11305,162.01666666666668,0.0,DEGRADED_NON_TRADING,hard_pre_gate,REJECT,False,other,non_full_structured_decision,,False,,
903871_1788999394_24185000_1789003525_AUDUSD_3167,903871,903871_1788999394_24185000,AUDUSD,1789003525,NY,NK,CALL,PREDETERMINED_OUTCOME,python_hard_pre_gate_already_skips_provider,SCHEDULED_REVIEW_WITH_MEANINGFUL_CHANGE,meaningful_change,identity:python.model_id+python.provider_id|session_transition|new_candidate,903871_1788983285_8075437_1788993197_AUDUSD_11305,172.15,0.0,DEGRADED_NON_TRADING,hard_pre_gate,REJECT,False,other,non_full_structured_decision,,False,,
903871_1788999394_24185000_1789004134_AUDUSD_19113,903871,903871_1788999394_24185000,AUDUSD,1789004133,NY,NK,CALL,PREDETERMINED_OUTCOME,python_hard_pre_gate_already_skips_provider,SCHEDULED_REVIEW_WITH_MEANINGFUL_CHANGE,meaningful_change,identity:python.model_id+python.provider_id|session_transition|new_candidate|candidate_state:target_source+tp_model,903871_1788983285_8075437_1788993197_AUDUSD_11305,182.28333333333333,0.0,DEGRADED_NON_TRADING,hard_pre_gate,REJECT,False,other,non_full_structured_decision,,False,,
903871_1788999394_24185000_1789004376_AUDUSD_807,903871,903871_1788999394_24185000,AUDUSD,1789004375,NY,NK,CALL,PREDETERMINED_OUTCOME,python_hard_pre_gate_already_skips_provider,SCHEDULED_REVIEW_WITH_MEANINGFUL_CHANGE,meaningful_change,identity:python.model_id+python.provider_id|session_transition|new_candidate|candidate_state:target_source+tp_model,903871_1788983285_8075437_1788993197_AUDUSD_11305,186.31666666666666,0.0,DEGRADED_NON_TRADING,hard_pre_gate,REJECT,False,other,non_full_structured_decision,,False,,
903871_1788999394_24185000_1789004984_AUDUSD_21683,903871,903871_1788999394_24185000,AUDUSD,1789004983,NY,NK,CALL,PREDETERMINED_OUTCOME,python_hard_pre_gate_already_skips_provider,SCHEDULED_REVIEW_WITH_MEANINGFUL_CHANGE,meaningful_change,identity:python.model_id+python.provider_id|session_transition|new_candidate|candidate_state:target_source+tp_model,903871_1788983285_8075437_1788993197_AUDUSD_11305,196.45,0.0,DEGRADED_NON_TRADING,hard_pre_gate,REJECT,False,other,non_full_structured_decision,,False,,
903871_1788999394_24185000_1789006199_AUDUSD_30462,903871,903871_1788999394_24185000,AUDUSD,1789006198,NY,NK,CALL,PREDETERMINED_OUTCOME,python_hard_pre_gate_already_skips_provider,SCHEDULED_REVIEW_WITH_MEANINGFUL_CHANGE,meaningful_change,identity:python.model_id+python.provider_id|session_transition|new_candidate|candidate_state:target_source+tp_model,903871_1788983285_8075437_1788993197_AUDUSD_11305,216.7,0.0,DEGRADED_NON_TRADING,hard_pre_gate,REJECT,False,other,non_full_structured_decision,,False,,
903871_1788999394_24185000_1789006808_AUDUSD_14797,903871,903871_1788999394_24185000,AUDUSD,1789006807,NY,NK,CALL,PREDETERMINED_OUTCOME,python_hard_pre_gate_already_skips_provider,SCHEDULED_REVIEW_WITH_MEANINGFUL_CHANGE,meaningful_change,identity:python.model_id+python.provider_id|session_transition|new_candidate|candidate_state:target_source+tp_model,903871_1788983285_8075437_1788993197_AUDUSD_11305,226.85,0.0,DEGRADED_NON_TRADING,hard_pre_gate,REJECT,False,other,non_full_structured_decision,,False,,
903871_1788999394_24185000_1789007418_AUDUSD_30264,903871,903871_1788999394_24185000,AUDUSD,1789007417,NY,NK,CALL,PREDETERMINED_OUTCOME,python_hard_pre_gate_already_skips_provider,SCHEDULED_REVIEW_WITH_MEANINGFUL_CHANGE,meaningful_change,identity:python.model_id+python.provider_id|session_transition|new_candidate|candidate_state:target_source+tp_model,903871_1788983285_8075437_1788993197_AUDUSD_11305,237.01666666666668,0.0,DEGRADED_NON_TRADING,hard_pre_gate,REJECT,False,other,non_full_structured_decision,,False,,
903871_1788999394_24185000_1789008028_AUDUSD_18846,903871,903871_1788999394_24185000,AUDUSD,1789008027,NY,NK,CALL,PREDETERMINED_OUTCOME,python_hard_pre_gate_already_skips_provider,SCHEDULED_REVIEW_WITH_MEANINGFUL_CHANGE,meaningful_change,identity:python.model_id+python.provider_id|session_transition|new_candidate|candidate_state:target_source+tp_model,903871_1788983285_8075437_1788993197_AUDUSD_11305,247.18333333333334,0.0,DEGRADED_NON_TRADING,hard_pre_gate,REJECT,False,other,non_full_structured_decision,,False,,
903871_1788999394_24185000_1789008639_AUDUSD_17037,903871,903871_1788999394_24185000,AUDUSD,1789008638,NY,NK,CALL,SCHEDULED_REVIEW_WITH_MEANINGFUL_CHANGE,meaningful_change,SCHEDULED_REVIEW_WITH_MEANINGFUL_CHANGE,meaningful_change,session_transition|new_candidate,903871_1788983285_8075437_1788993197_AUDUSD_11305,257.3666666666667,0.0,FULL_STRUCTURED,ai_abstained,ABSTAIN,False,muse,stored,analyst_abstain_below_adjudication_floor,False,ABSTAIN,
903871_1788999394_24185000_1789009255_AUDUSD_17550,903871,903871_1788999394_24185000,AUDUSD,1789009254,ASIA,NK,CALL,REQUIRED_NEW_DECISION,meaningful_change,REQUIRED_NEW_DECISION,meaningful_change,session_transition|request_state:is_buy+po3.liquidity_kind+po3.sweep_side+po3.t_bos+po3.t_disp+po3.t_sweep|new_candidate,903871_1788999394_24185000_1789008639_AUDUSD_17037,10.266666666666667,0.0,FULL_STRUCTURED,ai_abstained,ABSTAIN,False,muse,stored,analyst_abstain_below_adjudication_floor,False,ABSTAIN,
903871_1788999394_24185000_1789010519_AUDUSD_17220,903871,903871_1788999394_24185000,AUDUSD,1789010519,ASIA,NK,CALL,REQUIRED_NEW_DECISION,meaningful_change,REQUIRED_NEW_DECISION,meaningful_change,price_drift,903871_1788999394_24185000_1789009255_AUDUSD_17550,21.083333333333332,0.0,FULL_STRUCTURED,ai_abstained,ABSTAIN,False,muse,stored,analyst_abstain_below_adjudication_floor,False,ABSTAIN,
903871_1788999394_24185000_1789011146_AUDUSD_21471,903871,903871_1788999394_24185000,AUDUSD,1789011145,ASIA,NK,CALL,REQUIRED_NEW_DECISION,meaningful_change,REQUIRED_NEW_DECISION,meaningful_change,candidate_state:fvg_execution_class+fvg_mid_mitigated+fvg_mitigation_state,903871_1788999394_24185000_1789010519_AUDUSD_17220,10.433333333333334,0.0,FULL_STRUCTURED,ai_rejected,REJECT,False,muse,stored,analyst_reject,False,REJECT,
903871_1788999394_24185000_1789011820_AUDUSD_14428,903871,903871_1788999394_24185000,AUDUSD,1789011819,ASIA,NK,CALL,REQUIRED_NEW_DECISION,meaningful_change,REQUIRED_NEW_DECISION,meaningful_change,price_drift,903871_1788999394_24185000_1789011146_AUDUSD_21471,11.233333333333333,0.0,FULL_STRUCTURED,ai_abstained,ABSTAIN,False,muse,stored,analyst_abstain_below_adjudication_floor,False,ABSTAIN,
903871_1788999394_24185000_1789012460_AUDUSD_12408,903871,903871_1788999394_24185000,AUDUSD,1789012459,ASIA,NK,CALL,OTHER_REQUIRED,borderline_prior_requires_fresh_review,OTHER_REQUIRED,borderline_prior_requires_fresh_review,,903871_1788999394_24185000_1789011820_AUDUSD_14428,10.666666666666666,0.0,FULL_STRUCTURED,ai_abstained,ABSTAIN,False,muse,stored,analyst_abstain_below_adjudication_floor,False,ABSTAIN,
903871_1788999394_24185000_1789017795_AUDUSD_18169,903871,903871_1788999394_24185000,AUDUSD,1789017794,ASIA,NK,CALL,SCHEDULED_REVIEW_WITH_MEANINGFUL_CHANGE,meaningful_change,SCHEDULED_REVIEW_WITH_MEANINGFUL_CHANGE,meaningful_change,new_candidate,903871_1788999394_24185000_1789012460_AUDUSD_12408,88.91666666666667,0.0,FULL_STRUCTURED,ai_abstained,ABSTAIN,False,muse,stored,analyst_abstain_below_adjudication_floor,False,ABSTAIN,
903871_1788999394_24185000_1789019724_AUDUSD_26918,903871,903871_1788999394_24185000,AUDUSD,1789019723,ASIA,NK,CALL,SCHEDULED_REVIEW_WITH_MEANINGFUL_CHANGE,meaningful_change,SCHEDULED_REVIEW_WITH_MEANINGFUL_CHANGE,meaningful_change,candidate_state:entry_trigger_phase+fvg_execution_class+fvg_mitigation_state+fvg_touched|price_drift,903871_1788999394_24185000_1789017795_AUDUSD_18169,32.15,0.0,FULL_STRUCTURED,ai_approved,APPROVE,True,muse,stored,analyst_approve_critic_pass,False,APPROVE,
903871_1788999394_24185000_1789022723_AUDUSD_28269,903871,903871_1788999394_24185000,AUDUSD,1789022722,ASIA,NK,CALL,PREDETERMINED_OUTCOME,mql_sweep_already_consumed_all_candidates,REQUIRED_NEW_DECISION,prior_decision_approved_never_reused,,903871_1788999394_24185000_1789019724_AUDUSD_26918,49.983333333333334,0.0,FULL_STRUCTURED,ai_abstained,ABSTAIN,False,muse,stored,qualitative_dispute_unresolved,True,ABSTAIN,True
903871_1788999394_24185000_1789023691_AUDUSD_916,903871,903871_1788999394_24185000,AUDUSD,1789023690,ASIA,NK,CALL,PREDETERMINED_OUTCOME,mql_sweep_already_consumed_all_candidates,OTHER_REQUIRED,borderline_prior_requires_fresh_review,,903871_1788999394_24185000_1789022723_AUDUSD_28269,16.133333333333333,0.0,FULL_STRUCTURED,ai_abstained,ABSTAIN,False,muse,stored,qualitative_block_upheld,True,ABSTAIN,True
903871_1788999394_24185000_1789024710_AUDUSD_25505,903871,903871_1788999394_24185000,AUDUSD,1789024709,ASIA,NK,CALL,REQUIRED_NEW_DECISION,meaningful_change,REQUIRED_NEW_DECISION,meaningful_change,new_candidate,903871_1788999394_24185000_1789023691_AUDUSD_916,16.983333333333334,0.0,FULL_STRUCTURED,ai_abstained,ABSTAIN,False,muse,stored,analyst_abstain_below_adjudication_floor,False,ABSTAIN,False
903871_1788999394_24185000_1789026849_AUDUSD_17520,903871,903871_1788999394_24185000,AUDUSD,1789026848,ASIA,NK,CALL,PREDETERMINED_OUTCOME,mql_sweep_already_consumed_all_candidates,SCHEDULED_REVIEW_WITH_MEANINGFUL_CHANGE,meaningful_change,new_candidate,903871_1788999394_24185000_1789024710_AUDUSD_25505,35.65,0.0,FULL_STRUCTURED,ai_abstained,ABSTAIN,False,muse,stored,analyst_abstain_below_adjudication_floor,False,ABSTAIN,True
903871_1788999394_24185000_1789027883_AUDUSD_24608,903871,903871_1788999394_24185000,AUDUSD,1789027882,ASIA,NK,CALL,PREDETERMINED_OUTCOME,mql_sweep_already_consumed_all_candidates,REQUIRED_NEW_DECISION,meaningful_change,price_drift,903871_1788999394_24185000_1789026849_AUDUSD_17520,17.233333333333334,0.0,FULL_STRUCTURED,ai_abstained,ABSTAIN,False,muse,stored,qualitative_dispute_unresolved,True,ABSTAIN,True
903871_1788999394_24185000_1789028921_AUDUSD_13454,903871,903871_1788999394_24185000,AUDUSD,1789028919,ASIA,NK,CALL,PREDETERMINED_OUTCOME,mql_sweep_already_consumed_all_candidates,OTHER_REQUIRED,borderline_prior_requires_fresh_review,,903871_1788999394_24185000_1789027883_AUDUSD_24608,17.283333333333335,0.0,FULL_STRUCTURED,ai_abstained,ABSTAIN,False,muse,stored,analyst_abstain_below_adjudication_floor,False,ABSTAIN,True
903871_1788999394_24185000_1789029978_AUDUSD_4436,903871,903871_1788999394_24185000,AUDUSD,1789029977,ASIA,NK,CALL,PREDETERMINED_OUTCOME,mql_sweep_already_consumed_all_candidates,OTHER_REQUIRED,borderline_prior_requires_fresh_review,,903871_1788999394_24185000_1789028921_AUDUSD_13454,17.633333333333333,0.0,FULL_STRUCTURED,ai_abstained,ABSTAIN,False,muse,stored,analyst_abstain_below_adjudication_floor,False,ABSTAIN,True
903871_1788999394_24185000_1789031053_AUDUSD_1360,903871,903871_1788999394_24185000,AUDUSD,1789031052,ASIA,NK,CALL,PREDETERMINED_OUTCOME,mql_sweep_already_consumed_all_candidates,REQUIRED_NEW_DECISION,meaningful_change,new_candidate,903871_1788999394_24185000_1789029978_AUDUSD_4436,17.916666666666668,0.0,FULL_STRUCTURED,ai_approved,APPROVE,True,muse,stored,analyst_approve_critic_pass,False,APPROVE,True
903871_1788999394_24185000_1789032083_AUDUSD_18060,903871,903871_1788999394_24185000,AUDUSD,1789032082,ASIA,NK,CALL,PREDETERMINED_OUTCOME,mql_sweep_already_consumed_all_candidates,REQUIRED_NEW_DECISION,prior_decision_approved_never_reused,,903871_1788999394_24185000_1789031053_AUDUSD_1360,17.166666666666668,0.0,FULL_STRUCTURED,ai_abstained,ABSTAIN,False,muse,stored,analyst_abstain_below_adjudication_floor,False,ABSTAIN,True
903871_1789148402_173202328_1789165836_AUDUSD_8573,903871,903871_1789148402_173202328,AUDUSD,1789165835,OFF,NK,CALL,PREDETERMINED_OUTCOME,python_hard_pre_gate_already_skips_provider,SCHEDULED_REVIEW_WITH_MEANINGFUL_CHANGE,meaningful_change,identity:python.model_id+python.provider_id+runtime_input_hash|session_transition|request_state:po3.liquidity_kind+po3.t_bos+po3.t_disp+po3.t_sweep|new_candidate,903871_1788999394_24185000_1789032083_AUDUSD_18060,2229.2166666666667,0.0,DEGRADED_NON_TRADING,hard_pre_gate,REJECT,False,other,non_full_structured_decision,,False,,
903871_1788983285_8075437_1788991338_BTCUSD_18880,903871,903871_1788983285_8075437,BTCUSD,1788991336,OFF,NK,CALL,PREDETERMINED_OUTCOME,python_hard_pre_gate_already_skips_provider,REQUIRED_NEW_DECISION,no_prior_authoritative_decision,,,,0.0,DEGRADED_NON_TRADING,hard_pre_gate,REJECT,False,other,non_full_structured_decision,,False,,
903871_1788983285_8075437_1788991957_BTCUSD_7745,903871,903871_1788983285_8075437,BTCUSD,1788991956,OFF,NK,CALL,PREDETERMINED_OUTCOME,python_hard_pre_gate_already_skips_provider,REQUIRED_NEW_DECISION,no_prior_authoritative_decision,,,,0.0,DEGRADED_NON_TRADING,hard_pre_gate,REJECT,False,other,non_full_structured_decision,,False,,
903871_1788983285_8075437_1788992575_BTCUSD_26017,903871,903871_1788983285_8075437,BTCUSD,1788992573,OFF,NK,CALL,PREDETERMINED_OUTCOME,python_hard_pre_gate_already_skips_provider,REQUIRED_NEW_DECISION,no_prior_authoritative_decision,,,,0.0,DEGRADED_NON_TRADING,hard_pre_gate,REJECT,False,other,non_full_structured_decision,,False,,
903871_1788983285_8075437_1788994471_BTCUSD_28454,903871,903871_1788983285_8075437,BTCUSD,1788994471,OFF,NK,CALL,PREDETERMINED_OUTCOME,python_hard_pre_gate_already_skips_provider,REQUIRED_NEW_DECISION,no_prior_authoritative_decision,,,,0.0,DEGRADED_NON_TRADING,hard_pre_gate,REJECT,False,other,non_full_structured_decision,,False,,
903871_1788983285_8075437_1788995964_BTCUSD_23967,903871,903871_1788983285_8075437,BTCUSD,1788995963,NY,K,CALL,REQUIRED_NEW_DECISION,no_prior_authoritative_decision,REQUIRED_NEW_DECISION,no_prior_authoritative_decision,,,,0.0,FULL_STRUCTURED,ai_abstained,ABSTAIN,False,muse,stored,analyst_abstain_below_adjudication_floor,False,ABSTAIN,
903871_1788999394_24185000_1789002918_BTCUSD_2536,903871,903871_1788999394_24185000,BTCUSD,1789002917,NY,NK,CALL,SCHEDULED_REVIEW_WITH_MEANINGFUL_CHANGE,meaningful_change,SCHEDULED_REVIEW_WITH_MEANINGFUL_CHANGE,meaningful_change,killzone_transition|candidate_state:entry_trigger_phase+fvg_execution_class+fvg_mitigation_state+fvg_touched|new_candidate,903871_1788983285_8075437_1788995964_BTCUSD_23967,115.9,0.0,FULL_STRUCTURED,ai_abstained,ABSTAIN,False,muse,stored,analyst_abstain_below_adjudication_floor,False,ABSTAIN,
903871_1788999394_24185000_1789003526_BTCUSD_23991,903871,903871_1788999394_24185000,BTCUSD,1789003525,NY,NK,CALL,OTHER_REQUIRED,decisive_prior_ttl_expired,OTHER_REQUIRED,decisive_prior_ttl_expired,,903871_1788999394_24185000_1789002918_BTCUSD_2536,10.133333333333333,7.0,FULL_STRUCTURED,ai_abstained,ABSTAIN,False,muse,stored,analyst_abstain_below_adjudication_floor,False,ABSTAIN,
903871_1788999394_24185000_1789004984_BTCUSD_5431,903871,903871_1788999394_24185000,BTCUSD,1789004983,NY,NK,CALL,SCHEDULED_REVIEW_WITH_MEANINGFUL_CHANGE,meaningful_change,SCHEDULED_REVIEW_WITH_MEANINGFUL_CHANGE,meaningful_change,new_candidate,903871_1788999394_24185000_1789003526_BTCUSD_23991,24.3,0.0,FULL_STRUCTURED,ai_abstained,ABSTAIN,False,muse,stored,analyst_abstain_below_adjudication_floor,False,ABSTAIN,
903871_1788999394_24185000_1789005591_BTCUSD_19163,903871,903871_1788999394_24185000,BTCUSD,1789005590,NY,NK,CALL,OTHER_REQUIRED,borderline_prior_requires_fresh_review,OTHER_REQUIRED,borderline_prior_requires_fresh_review,,903871_1788999394_24185000_1789004984_BTCUSD_5431,10.116666666666667,0.0,FULL_STRUCTURED,ai_abstained,ABSTAIN,False,muse,stored,analyst_abstain_below_adjudication_floor,False,ABSTAIN,
903871_1788999394_24185000_1789006808_BTCUSD_7566,903871,903871_1788999394_24185000,BTCUSD,1789006807,NY,NK,CALL,OTHER_REQUIRED,borderline_prior_requires_fresh_review,OTHER_REQUIRED,borderline_prior_requires_fresh_review,,903871_1788999394_24185000_1789005591_BTCUSD_19163,20.283333333333335,0.0,FULL_STRUCTURED,ai_abstained,ABSTAIN,False,muse,stored,analyst_abstain_below_adjudication_floor,False,ABSTAIN,
903871_1788999394_24185000_1789007418_BTCUSD_20669,903871,903871_1788999394_24185000,BTCUSD,1789007417,NY,NK,CALL,OTHER_REQUIRED,decisive_prior_ttl_expired,OTHER_REQUIRED,decisive_prior_ttl_expired,,903871_1788999394_24185000_1789006808_BTCUSD_7566,10.166666666666666,7.0,FULL_STRUCTURED,ai_abstained,ABSTAIN,False,muse,stored,analyst_abstain_below_adjudication_floor,False,ABSTAIN,
903871_1788999394_24185000_1789008028_BTCUSD_17864,903871,903871_1788999394_24185000,BTCUSD,1789008027,NY,NK,CALL,OTHER_REQUIRED,borderline_prior_requires_fresh_review,OTHER_REQUIRED,borderline_prior_requires_fresh_review,,903871_1788999394_24185000_1789007418_BTCUSD_20669,10.166666666666666,0.0,FULL_STRUCTURED,ai_abstained,ABSTAIN,False,muse,stored,analyst_abstain_below_adjudication_floor,False,ABSTAIN,
903871_1788999394_24185000_1789012460_BTCUSD_18554,903871,903871_1788999394_24185000,BTCUSD,1789012460,ASIA,NK,CALL,SCHEDULED_REVIEW_WITH_MEANINGFUL_CHANGE,meaningful_change,SCHEDULED_REVIEW_WITH_MEANINGFUL_CHANGE,meaningful_change,session_transition|new_candidate,903871_1788999394_24185000_1789008028_BTCUSD_17864,73.88333333333334,0.0,FULL_STRUCTURED,ai_abstained,ABSTAIN,False,muse,stored,analyst_abstain_below_adjudication_floor,False,ABSTAIN,
903871_1788999394_24185000_1789013088_BTCUSD_29299,903871,903871_1788999394_24185000,BTCUSD,1789013087,ASIA,NK,CALL,OTHER_REQUIRED,borderline_prior_requires_fresh_review,OTHER_REQUIRED,borderline_prior_requires_fresh_review,,903871_1788999394_24185000_1789012460_BTCUSD_18554,10.45,0.0,FULL_STRUCTURED,ai_abstained,ABSTAIN,False,muse,stored,analyst_abstain_below_adjudication_floor,False,ABSTAIN,
903871_1788999394_24185000_1789015837_BTCUSD_4643,903871,903871_1788999394_24185000,BTCUSD,1789015836,ASIA,NK,CALL,PREDETERMINED_OUTCOME,python_hard_pre_gate_already_skips_provider,SCHEDULED_REVIEW_WITH_MEANINGFUL_CHANGE,meaningful_change,identity:python.model_id+python.provider_id|new_candidate,903871_1788999394_24185000_1789013088_BTCUSD_29299,45.81666666666667,0.0,DEGRADED_NON_TRADING,hard_pre_gate,REJECT,False,other,non_full_structured_decision,,False,,
903871_1788999394_24185000_1789016864_BTCUSD_30602,903871,903871_1788999394_24185000,BTCUSD,1789016863,ASIA,NK,CALL,PREDETERMINED_OUTCOME,python_hard_pre_gate_already_skips_provider,SCHEDULED_REVIEW_WITH_MEANINGFUL_CHANGE,meaningful_change,identity:python.model_id+python.provider_id|new_candidate,903871_1788999394_24185000_1789013088_BTCUSD_29299,62.93333333333333,0.0,DEGRADED_NON_TRADING,hard_pre_gate,REJECT,False,other,non_full_structured_decision,,False,,
903871_1788999394_24185000_1789018758_BTCUSD_1272,903871,903871_1788999394_24185000,BTCUSD,1789018757,ASIA,NK,CALL,PREDETERMINED_OUTCOME,python_hard_pre_gate_already_skips_provider,SCHEDULED_REVIEW_WITH_MEANINGFUL_CHANGE,meaningful_change,identity:python.model_id+python.provider_id|new_candidate,903871_1788999394_24185000_1789013088_BTCUSD_29299,94.5,0.0,DEGRADED_NON_TRADING,hard_pre_gate,REJECT,False,other,non_full_structured_decision,,False,,
903871_1788999394_24185000_1789019724_BTCUSD_26641,903871,903871_1788999394_24185000,BTCUSD,1789019723,ASIA,NK,CALL,PREDETERMINED_OUTCOME,python_hard_pre_gate_already_skips_provider,SCHEDULED_REVIEW_WITH_MEANINGFUL_CHANGE,meaningful_change,identity:python.model_id+python.provider_id|new_candidate,903871_1788999394_24185000_1789013088_BTCUSD_29299,110.6,0.0,DEGRADED_NON_TRADING,hard_pre_gate,REJECT,False,other,non_full_structured_decision,,False,,
903871_1788999394_24185000_1789020718_BTCUSD_3276,903871,903871_1788999394_24185000,BTCUSD,1789020717,ASIA,NK,CALL,PREDETERMINED_OUTCOME,python_hard_pre_gate_already_skips_provider,SCHEDULED_REVIEW_WITH_MEANINGFUL_CHANGE,meaningful_change,identity:python.model_id+python.provider_id|new_candidate,903871_1788999394_24185000_1789013088_BTCUSD_29299,127.16666666666667,0.0,DEGRADED_NON_TRADING,hard_pre_gate,REJECT,False,other,non_full_structured_decision,,False,,
903871_1788999394_24185000_1789021710_BTCUSD_4765,903871,903871_1788999394_24185000,BTCUSD,1789021709,ASIA,NK,CALL,PREDETERMINED_OUTCOME,python_hard_pre_gate_already_skips_provider,SCHEDULED_REVIEW_WITH_MEANINGFUL_CHANGE,meaningful_change,identity:python.model_id+python.provider_id|new_candidate,903871_1788999394_24185000_1789013088_BTCUSD_29299,143.7,0.0,DEGRADED_NON_TRADING,hard_pre_gate,REJECT,False,other,non_full_structured_decision,,False,,
903871_1788999394_24185000_1789022724_BTCUSD_22432,903871,903871_1788999394_24185000,BTCUSD,1789022722,ASIA,NK,CALL,PREDETERMINED_OUTCOME,python_hard_pre_gate_already_skips_provider,SCHEDULED_REVIEW_WITH_MEANINGFUL_CHANGE,meaningful_change,identity:python.model_id+python.provider_id|new_candidate,903871_1788999394_24185000_1789013088_BTCUSD_29299,160.58333333333334,0.0,DEGRADED_NON_TRADING,hard_pre_gate,REJECT,False,other,non_full_structured_decision,,False,,
903871_1788999394_24185000_1789023692_BTCUSD_3365,903871,903871_1788999394_24185000,BTCUSD,1789023691,ASIA,NK,CALL,PREDETERMINED_OUTCOME,python_hard_pre_gate_already_skips_provider,SCHEDULED_REVIEW_WITH_MEANINGFUL_CHANGE,meaningful_change,identity:python.model_id+python.provider_id|new_candidate|regime_label,903871_1788999394_24185000_1789013088_BTCUSD_29299,176.73333333333332,0.0,DEGRADED_NON_TRADING,hard_pre_gate,REJECT,False,other,non_full_structured_decision,,False,,
903871_1788999394_24185000_1789035406_BTCUSD_21929,903871,903871_1788999394_24185000,BTCUSD,1789035404,ASIA,NK,CALL,PREDETERMINED_OUTCOME,python_hard_pre_gate_already_skips_provider,SCHEDULED_REVIEW_WITH_MEANINGFUL_CHANGE,meaningful_change,identity:python.model_id+python.provider_id|new_candidate|regime_label,903871_1788999394_24185000_1789013088_BTCUSD_29299,371.95,0.0,DEGRADED_NON_TRADING,hard_pre_gate,REJECT,False,other,non_full_structured_decision,,False,,
903871_1789093630_118426656_1789101580_CADJPY_397,903871,903871_1789093630_118426656,CADJPY,1789101579,ASIA,NK,CALL,REQUIRED_NEW_DECISION,no_prior_authoritative_decision,REQUIRED_NEW_DECISION,no_prior_authoritative_decision,,,,0.0,FULL_STRUCTURED,ai_abstained,ABSTAIN,False,muse,stored,analyst_abstain_below_adjudication_floor,False,ABSTAIN,
903871_1789093630_118426656_1789102811_CADJPY_14789,903871,903871_1789093630_118426656,CADJPY,1789102810,ASIA,NK,CALL,REQUIRED_NEW_DECISION,meaningful_change,REQUIRED_NEW_DECISION,meaningful_change,candidate_state:entry_trigger_phase+fvg_execution_class+fvg_mitigation_state+fvg_touched,903871_1789093630_118426656_1789101580_CADJPY_397,20.516666666666666,0.0,FULL_STRUCTURED,ai_abstained,ABSTAIN,False,muse,stored,analyst_abstain_below_adjudication_floor,False,ABSTAIN,
903871_1789093630_118426656_1789103436_CADJPY_6969,903871,903871_1789093630_118426656,CADJPY,1789103435,ASIA,NK,CALL,REQUIRED_NEW_DECISION,meaningful_change,REQUIRED_NEW_DECISION,meaningful_change,candidate_state:target_source+tp_model|price_drift,903871_1789093630_118426656_1789102811_CADJPY_14789,10.416666666666666,0.0,FULL_STRUCTURED,ai_abstained,ABSTAIN,False,muse,stored,analyst_abstain_below_adjudication_floor,False,ABSTAIN,
903871_1789093630_118426656_1789104089_CADJPY_21736,903871,903871_1789093630_118426656,CADJPY,1789104088,ASIA,NK,CALL,REQUIRED_NEW_DECISION,meaningful_change,REQUIRED_NEW_DECISION,meaningful_change,candidate_state:fvg_execution_class+fvg_mid_mitigated+fvg_mitigation_state+target_source+tp_model|price_drift,903871_1789093630_118426656_1789103436_CADJPY_6969,10.883333333333333,0.0,FULL_STRUCTURED,ai_abstained,ABSTAIN,False,muse,stored,analyst_abstain_below_adjudication_floor,False,ABSTAIN,
903871_1789093630_118426656_1789104772_CADJPY_6597,903871,903871_1789093630_118426656,CADJPY,1789104771,ASIA,NK,CALL,REQUIRED_NEW_DECISION,meaningful_change,REQUIRED_NEW_DECISION,meaningful_change,identity:python.model_id+python.provider_id|price_drift,903871_1789093630_118426656_1789104089_CADJPY_21736,11.383333333333333,0.0,FULL_STRUCTURED,ai_abstained,ABSTAIN,False,luna,stored,analyst_abstain_below_adjudication_floor,False,ABSTAIN,
903871_1789093630_118426656_1789105494_CADJPY_9818,903871,903871_1789093630_118426656,CADJPY,1789105492,ASIA,NK,CALL,REQUIRED_NEW_DECISION,meaningful_change,REQUIRED_NEW_DECISION,meaningful_change,identity:python.model_id+python.provider_id,903871_1789093630_118426656_1789104772_CADJPY_6597,12.016666666666667,0.0,FULL_STRUCTURED,ai_abstained,ABSTAIN,False,muse,stored,analyst_abstain_below_adjudication_floor,False,ABSTAIN,
903871_1789093630_118426656_1789106971_CADJPY_7461,903871,903871_1789093630_118426656,CADJPY,1789106970,ASIA,NK,CALL,REQUIRED_NEW_DECISION,meaningful_change,REQUIRED_NEW_DECISION,meaningful_change,identity:python.model_id+python.provider_id,903871_1789093630_118426656_1789105494_CADJPY_9818,24.633333333333333,0.0,FULL_STRUCTURED,ai_abstained,ABSTAIN,False,luna,stored,analyst_abstain_below_adjudication_floor,False,ABSTAIN,
903871_1789093630_118426656_1789107739_CADJPY_23558,903871,903871_1789093630_118426656,CADJPY,1789107738,ASIA,NK,CALL,REQUIRED_NEW_DECISION,meaningful_change,REQUIRED_NEW_DECISION,meaningful_change,identity:python.model_id+python.provider_id,903871_1789093630_118426656_1789106971_CADJPY_7461,12.8,0.0,FULL_STRUCTURED,ai_abstained,ABSTAIN,False,muse,stored,analyst_abstain_below_adjudication_floor,False,ABSTAIN,
903871_1789093630_118426656_1789108723_CADJPY_20133,903871,903871_1789093630_118426656,CADJPY,1789108721,ASIA,NK,CALL,REQUIRED_NEW_DECISION,meaningful_change,REQUIRED_NEW_DECISION,meaningful_change,new_candidate|candidate_state:target_source+tp_model|price_drift,903871_1789093630_118426656_1789107739_CADJPY_23558,16.383333333333333,0.0,FULL_STRUCTURED,ai_abstained,ABSTAIN,False,muse,stored,analyst_abstain_below_adjudication_floor,False,ABSTAIN,
903871_1788999394_24185000_1789013087_CHFJPY_19702,903871,903871_1788999394_24185000,CHFJPY,1789013087,ASIA,NK,CALL,REQUIRED_NEW_DECISION,no_prior_authoritative_decision,REQUIRED_NEW_DECISION,no_prior_authoritative_decision,,,,0.0,FULL_STRUCTURED,ai_rejected,REJECT,False,muse,stored,analyst_reject,False,REJECT,
903871_1788999394_24185000_1789013928_CHFJPY_24015,903871,903871_1788999394_24185000,CHFJPY,1789013927,ASIA,NK,CALL,REQUIRED_NEW_DECISION,meaningful_change,REQUIRED_NEW_DECISION,meaningful_change,new_candidate,903871_1788999394_24185000_1789013087_CHFJPY_19702,14.0,0.0,FULL_STRUCTURED,ai_rejected,REJECT,False,muse,stored,analyst_reject,False,REJECT,
903871_1788999394_24185000_1789014948_CHFJPY_26701,903871,903871_1788999394_24185000,CHFJPY,1789014947,ASIA,NK,CALL,REQUIRED_NEW_DECISION,meaningful_change,REQUIRED_NEW_DECISION,meaningful_change,identity:python.model_id+python.provider_id|new_candidate,903871_1788999394_24185000_1789013928_CHFJPY_24015,17.0,0.0,DEGRADED_NON_TRADING,provider_deadline_exceeded,REJECT,False,other,non_full_structured_decision,,False,,
903871_1788999394_24185000_1789016864_CHFJPY_563,903871,903871_1788999394_24185000,CHFJPY,1789016863,ASIA,NK,CALL,SCHEDULED_REVIEW_WITH_MEANINGFUL_CHANGE,meaningful_change,SCHEDULED_REVIEW_WITH_MEANINGFUL_CHANGE,meaningful_change,identity:python.model_id+python.provider_id|new_candidate|price_drift,903871_1788999394_24185000_1789013928_CHFJPY_24015,48.93333333333333,0.0,FULL_STRUCTURED,ai_abstained,ABSTAIN,False,luna,stored,qualitative_dispute_unresolved,True,ABSTAIN,
903871_1788999394_24185000_1789047619_CHFJPY_25469,903871,903871_1788999394_24185000,CHFJPY,1789047618,LON,NK,CALL,SCHEDULED_REVIEW_WITH_MEANINGFUL_CHANGE,meaningful_change,SCHEDULED_REVIEW_WITH_MEANINGFUL_CHANGE,meaningful_change,identity:python.model_id+python.provider_id|session_transition|request_state:po3.t_bos+po3.t_disp+po3.t_sweep|new_candidate,903871_1788999394_24185000_1789016864_CHFJPY_563,512.5833333333334,0.0,FULL_STRUCTURED,ai_abstained,ABSTAIN,False,muse,stored,analyst_abstain_below_adjudication_floor,False,ABSTAIN,
903871_1788999394_24185000_1789053535_CHFJPY_26504,903871,903871_1788999394_24185000,CHFJPY,1789053534,LON,NK,CALL,SCHEDULED_REVIEW_WITH_MEANINGFUL_CHANGE,meaningful_change,SCHEDULED_REVIEW_WITH_MEANINGFUL_CHANGE,meaningful_change,new_candidate,903871_1788999394_24185000_1789047619_CHFJPY_25469,98.6,0.0,FULL_STRUCTURED,ai_abstained,ABSTAIN,False,muse,stored,analyst_abstain_below_adjudication_floor,False,ABSTAIN,
903871_1788999394_24185000_1789054955_CHFJPY_15242,903871,903871_1788999394_24185000,CHFJPY,1789054954,LON,NK,CALL,SCHEDULED_REVIEW_WITH_MEANINGFUL_CHANGE,meaningful_change,SCHEDULED_REVIEW_WITH_MEANINGFUL_CHANGE,meaningful_change,new_candidate,903871_1788999394_24185000_1789053535_CHFJPY_26504,23.666666666666668,0.0,FULL_STRUCTURED,ai_abstained,ABSTAIN,False,muse,stored,analyst_abstain_below_adjudication_floor,False,ABSTAIN,
903871_1789062748_87542921_1789070364_CHFJPY_4126,903871,903871_1789062748_87542921,CHFJPY,1789070363,OFF,NK,CALL,SCHEDULED_REVIEW_WITH_MEANINGFUL_CHANGE,meaningful_change,SCHEDULED_REVIEW_WITH_MEANINGFUL_CHANGE,meaningful_change,session_transition|new_candidate,903871_1788999394_24185000_1789054955_CHFJPY_15242,256.81666666666666,0.0,FULL_STRUCTURED,ai_abstained,ABSTAIN,False,muse,stored,analyst_abstain_below_adjudication_floor,False,ABSTAIN,
903871_1789062748_87542921_1789090539_CHFJPY_20364,903871,903871_1789062748_87542921,CHFJPY,1789090538,NY,NK,CALL,UNKNOWN,no_archived_decision,SCHEDULED_REVIEW_WITH_MEANINGFUL_CHANGE,meaningful_change,session_transition|new_candidate,903871_1789062748_87542921_1789070364_CHFJPY_4126,336.25,0.0,,,,False,unknown,,,False,,
903871_1789062748_87542921_1789091753_CHFJPY_14819,903871,903871_1789062748_87542921,CHFJPY,1789091752,NY,NK,CALL,UNKNOWN,no_archived_decision,SCHEDULED_REVIEW_WITH_MEANINGFUL_CHANGE,meaningful_change,session_transition|new_candidate,903871_1789062748_87542921_1789070364_CHFJPY_4126,356.48333333333335,0.0,,,,False,unknown,,,False,,
903871_1789062748_87542921_1789092967_CHFJPY_16837,903871,903871_1789062748_87542921,CHFJPY,1789092966,NY,NK,CALL,SCHEDULED_REVIEW_WITH_MEANINGFUL_CHANGE,meaningful_change,SCHEDULED_REVIEW_WITH_MEANINGFUL_CHANGE,meaningful_change,identity:python.model_id+python.provider_id|session_transition|new_candidate,903871_1789062748_87542921_1789070364_CHFJPY_4126,376.71666666666664,0.0,DEGRADED_NON_TRADING,provider_deadline_exceeded,REJECT,False,other,non_full_structured_decision,,False,,
903871_1789093630_118426656_1789094249_CHFJPY_21031,903871,903871_1789093630_118426656,CHFJPY,1789094248,NY,NK,CALL,PREDETERMINED_OUTCOME,python_hard_pre_gate_already_skips_provider,SCHEDULED_REVIEW_WITH_MEANINGFUL_CHANGE,meaningful_change,identity:python.model_id+python.provider_id|session_transition|new_candidate,903871_1789062748_87542921_1789070364_CHFJPY_4126,398.0833333333333,0.0,DEGRADED_NON_TRADING,hard_pre_gate,REJECT,False,other,non_full_structured_decision,,False,,
903871_1789093630_118426656_1789094856_CHFJPY_16421,903871,903871_1789093630_118426656,CHFJPY,1789094855,NY,NK,CALL,PREDETERMINED_OUTCOME,python_hard_pre_gate_already_skips_provider,SCHEDULED_REVIEW_WITH_MEANINGFUL_CHANGE,meaningful_change,identity:python.model_id+python.provider_id|session_transition|new_candidate,903871_1789062748_87542921_1789070364_CHFJPY_4126,408.2,0.0,DEGRADED_NON_TRADING,hard_pre_gate,REJECT,False,other,non_full_structured_decision,,False,,
903871_1789093630_118426656_1789095464_CHFJPY_9807,903871,903871_1789093630_118426656,CHFJPY,1789095462,NY,NK,CALL,PREDETERMINED_OUTCOME,python_hard_pre_gate_already_skips_provider,SCHEDULED_REVIEW_WITH_MEANINGFUL_CHANGE,meaningful_change,identity:python.model_id+python.provider_id|session_transition|new_candidate,903871_1789062748_87542921_1789070364_CHFJPY_4126,418.31666666666666,0.0,DEGRADED_NON_TRADING,hard_pre_gate,REJECT,False,other,non_full_structured_decision,,False,,
903871_1789093630_118426656_1789096683_CHFJPY_2866,903871,903871_1789093630_118426656,CHFJPY,1789096682,ASIA,NK,CALL,SCHEDULED_REVIEW_WITH_MEANINGFUL_CHANGE,meaningful_change,SCHEDULED_REVIEW_WITH_MEANINGFUL_CHANGE,meaningful_change,session_transition|request_state:is_buy+po3.context_tier+po3.developing_bos+po3.has_bos+po3.htf_bos+po3.htf_choch+po3.htf_mss+po3.liquidity_kind+po3.ltf_choch+po3.ltf_mss+po3.po3_state+po3.structure_type+po3.sweep_side+po3.t_bos+po3.t_disp+po3.t_sweep|new_candidate,903871_1789062748_87542921_1789070364_CHFJPY_4126,438.65,0.0,FULL_STRUCTURED,ai_rejected,REJECT,False,muse,stored,analyst_reject,False,REJECT,
903871_1789093630_118426656_1789101580_CHFJPY_7823,903871,903871_1789093630_118426656,CHFJPY,1789101579,ASIA,NK,CALL,SCHEDULED_REVIEW_WITH_MEANINGFUL_CHANGE,meaningful_change,SCHEDULED_REVIEW_WITH_MEANINGFUL_CHANGE,meaningful_change,new_candidate,903871_1789093630_118426656_1789096683_CHFJPY_2866,81.61666666666666,0.0,FULL_STRUCTURED,ai_abstained,ABSTAIN,False,muse,stored,analyst_abstain_below_adjudication_floor,False,ABSTAIN,
903871_1789093630_118426656_1789102197_CHFJPY_3188,903871,903871_1789093630_118426656,CHFJPY,1789102196,ASIA,NK,CALL,REQUIRED_NEW_DECISION,meaningful_change,REQUIRED_NEW_DECISION,meaningful_change,price_drift|new_candidate,903871_1789093630_118426656_1789101580_CHFJPY_7823,10.283333333333333,0.0,FULL_STRUCTURED,ai_abstained,ABSTAIN,False,muse,stored,analyst_abstain_below_adjudication_floor,False,ABSTAIN,
903871_1789093630_118426656_1789102811_CHFJPY_32047,903871,903871_1789093630_118426656,CHFJPY,1789102810,ASIA,NK,CALL,REQUIRED_NEW_DECISION,meaningful_change,REQUIRED_NEW_DECISION,meaningful_change,candidate_state:target_source+tp_model|price_drift,903871_1789093630_118426656_1789102197_CHFJPY_3188,10.233333333333333,0.0,FULL_STRUCTURED,ai_abstained,ABSTAIN,False,muse,stored,analyst_abstain_below_adjudication_floor,False,ABSTAIN,
903871_1789093630_118426656_1789103436_CHFJPY_32582,903871,903871_1789093630_118426656,CHFJPY,1789103435,ASIA,NK,CALL,REQUIRED_NEW_DECISION,meaningful_change,REQUIRED_NEW_DECISION,meaningful_change,request_state:po3.liquidity_kind+po3.ltf_choch+po3.ltf_mss+po3.t_disp+po3.t_sweep|new_candidate,903871_1789093630_118426656_1789102811_CHFJPY_32047,10.416666666666666,0.0,FULL_STRUCTURED,ai_abstained,ABSTAIN,False,muse,stored,analyst_abstain_below_adjudication_floor,False,ABSTAIN,
903871_1789093630_118426656_1789104772_CHFJPY_19110,903871,903871_1789093630_118426656,CHFJPY,1789104771,ASIA,NK,CALL,OTHER_REQUIRED,borderline_prior_requires_fresh_review,OTHER_REQUIRED,borderline_prior_requires_fresh_review,,903871_1789093630_118426656_1789103436_CHFJPY_32582,22.266666666666666,0.0,FULL_STRUCTURED,ai_abstained,ABSTAIN,False,muse,stored,analyst_abstain_below_adjudication_floor,False,ABSTAIN,
903871_1789093630_118426656_1789105494_CHFJPY_15785,903871,903871_1789093630_118426656,CHFJPY,1789105493,ASIA,NK,CALL,OTHER_REQUIRED,borderline_prior_requires_fresh_review,OTHER_REQUIRED,borderline_prior_requires_fresh_review,,903871_1789093630_118426656_1789104772_CHFJPY_19110,12.033333333333333,0.0,FULL_STRUCTURED,ai_abstained,ABSTAIN,False,muse,stored,analyst_abstain_below_adjudication_floor,False,ABSTAIN,
903871_1789093630_118426656_1789106175_CHFJPY_18524,903871,903871_1789093630_118426656,CHFJPY,1789106174,ASIA,NK,CALL,REQUIRED_NEW_DECISION,meaningful_change,REQUIRED_NEW_DECISION,meaningful_change,price_drift,903871_1789093630_118426656_1789105494_CHFJPY_15785,11.35,0.0,FULL_STRUCTURED,ai_abstained,ABSTAIN,False,muse,stored,analyst_abstain_below_adjudication_floor,False,ABSTAIN,
903871_1789093630_118426656_1789106972_CHFJPY_18029,903871,903871_1789093630_118426656,CHFJPY,1789106970,ASIA,NK,CALL,REQUIRED_NEW_DECISION,meaningful_change,REQUIRED_NEW_DECISION,meaningful_change,request_state:po3.context_tier+po3.developing_bos+po3.has_bos+po3.has_follow_through+po3.htf_bos+po3.htf_choch+po3.htf_mss+po3.po3_state+po3.structure_type+po3.t_bos|new_candidate,903871_1789093630_118426656_1789106175_CHFJPY_18524,13.266666666666667,0.0,FULL_STRUCTURED,ai_abstained,ABSTAIN,False,muse,stored,analyst_abstain_below_adjudication_floor,False,ABSTAIN,
903871_1789093630_118426656_1789108723_CHFJPY_11931,903871,903871_1789093630_118426656,CHFJPY,1789108722,ASIA,NK,CALL,REQUIRED_NEW_DECISION,meaningful_change,REQUIRED_NEW_DECISION,meaningful_change,price_drift|new_candidate,903871_1789093630_118426656_1789106972_CHFJPY_18029,29.2,0.0,FULL_STRUCTURED,ai_abstained,ABSTAIN,False,muse,stored,analyst_abstain_below_adjudication_floor,False,ABSTAIN,
903871_1788983285_8075437_1788984569_EURAUD_19026,903871,903871_1788983285_8075437,EURAUD,1788984567,OFF,NK,CALL,REQUIRED_NEW_DECISION,no_prior_authoritative_decision,REQUIRED_NEW_DECISION,no_prior_authoritative_decision,,,,0.0,FULL_STRUCTURED,ai_abstained,ABSTAIN,False,muse,stored,analyst_abstain_below_adjudication_floor,False,ABSTAIN,
903871_1788983285_8075437_1788985176_EURAUD_30914,903871,903871_1788983285_8075437,EURAUD,1788985175,OFF,NK,CALL,OTHER_REQUIRED,borderline_prior_requires_fresh_review,OTHER_REQUIRED,borderline_prior_requires_fresh_review,,903871_1788983285_8075437_1788984569_EURAUD_19026,10.133333333333333,0.0,FULL_STRUCTURED,ai_abstained,ABSTAIN,False,muse,stored,analyst_abstain_below_adjudication_floor,False,ABSTAIN,
903871_1788983285_8075437_1788985785_EURAUD_11793,903871,903871_1788983285_8075437,EURAUD,1788985784,OFF,NK,CALL,OTHER_REQUIRED,borderline_prior_requires_fresh_review,OTHER_REQUIRED,borderline_prior_requires_fresh_review,,903871_1788983285_8075437_1788985176_EURAUD_30914,10.15,0.0,FULL_STRUCTURED,ai_abstained,ABSTAIN,False,muse,stored,analyst_abstain_below_adjudication_floor,False,ABSTAIN,
903871_1788983285_8075437_1788986395_EURAUD_10118,903871,903871_1788983285_8075437,EURAUD,1788986394,OFF,NK,REUSE,UNCHANGED_STATE,unchanged_decisive_non_approval_within_ttl,UNCHANGED_STATE,unchanged_decisive_non_approval_within_ttl,,903871_1788983285_8075437_1788985785_EURAUD_11793,10.166666666666666,30.0,FULL_STRUCTURED,ai_abstained,ABSTAIN,False,muse,,analyst_abstain_below_adjudication_floor,False,ABSTAIN,
903871_1788983285_8075437_1788987005_EURAUD_1525,903871,903871_1788983285_8075437,EURAUD,1788987004,OFF,NK,REUSE,UNCHANGED_STATE,unchanged_decisive_non_approval_within_ttl,UNCHANGED_STATE,unchanged_decisive_non_approval_within_ttl,,903871_1788983285_8075437_1788985785_EURAUD_11793,20.333333333333332,30.0,FULL_STRUCTURED,ai_abstained,ABSTAIN,False,muse,,analyst_abstain_below_adjudication_floor,False,ABSTAIN,
903871_1788983285_8075437_1788987617_EURAUD_16876,903871,903871_1788983285_8075437,EURAUD,1788987616,OFF,NK,CALL,OTHER_REQUIRED,decisive_prior_ttl_expired,OTHER_REQUIRED,decisive_prior_ttl_expired,,903871_1788983285_8075437_1788985785_EURAUD_11793,30.533333333333335,30.0,FULL_STRUCTURED,ai_abstained,ABSTAIN,False,muse,stored,analyst_abstain_below_adjudication_floor,False,ABSTAIN,
903871_1788983285_8075437_1788988231_EURAUD_21885,903871,903871_1788983285_8075437,EURAUD,1788988229,OFF,NK,CALL,OTHER_REQUIRED,borderline_prior_requires_fresh_review,OTHER_REQUIRED,borderline_prior_requires_fresh_review,,903871_1788983285_8075437_1788987617_EURAUD_16876,10.216666666666667,0.0,FULL_STRUCTURED,ai_abstained,ABSTAIN,False,muse,stored,analyst_abstain_below_adjudication_floor,False,ABSTAIN,
903871_1788983285_8075437_1788989465_EURAUD_3042,903871,903871_1788983285_8075437,EURAUD,1788989463,OFF,NK,CALL,OTHER_REQUIRED,borderline_prior_requires_fresh_review,OTHER_REQUIRED,borderline_prior_requires_fresh_review,,903871_1788983285_8075437_1788988231_EURAUD_21885,20.566666666666666,0.0,FULL_STRUCTURED,ai_abstained,ABSTAIN,False,muse,stored,analyst_abstain_below_adjudication_floor,False,ABSTAIN,
903871_1788983285_8075437_1788990078_EURAUD_18617,903871,903871_1788983285_8075437,EURAUD,1788990076,OFF,NK,CALL,OTHER_REQUIRED,borderline_prior_requires_fresh_review,OTHER_REQUIRED,borderline_prior_requires_fresh_review,,903871_1788983285_8075437_1788989465_EURAUD_3042,10.216666666666667,0.0,FULL_STRUCTURED,ai_abstained,ABSTAIN,False,muse,stored,analyst_abstain_below_adjudication_floor,False,ABSTAIN,
903871_1788983285_8075437_1788990696_EURAUD_22390,903871,903871_1788983285_8075437,EURAUD,1788990695,OFF,NK,REUSE,UNCHANGED_STATE,unchanged_decisive_non_approval_within_ttl,UNCHANGED_STATE,unchanged_decisive_non_approval_within_ttl,,903871_1788983285_8075437_1788990078_EURAUD_18617,10.316666666666666,30.0,FULL_STRUCTURED,ai_abstained,ABSTAIN,False,muse,,analyst_abstain_below_adjudication_floor,False,ABSTAIN,
903871_1788983285_8075437_1788991957_EURAUD_5704,903871,903871_1788983285_8075437,EURAUD,1788991956,OFF,NK,CALL,OTHER_REQUIRED,decisive_prior_ttl_expired,OTHER_REQUIRED,decisive_prior_ttl_expired,,903871_1788983285_8075437_1788990078_EURAUD_18617,31.333333333333332,30.0,FULL_STRUCTURED,ai_abstained,ABSTAIN,False,muse,stored,analyst_abstain_below_adjudication_floor,False,ABSTAIN,
903871_1788983285_8075437_1788992574_EURAUD_6309,903871,903871_1788983285_8075437,EURAUD,1788992573,OFF,NK,CALL,OTHER_REQUIRED,borderline_prior_requires_fresh_review,OTHER_REQUIRED,borderline_prior_requires_fresh_review,,903871_1788983285_8075437_1788991957_EURAUD_5704,10.283333333333333,0.0,FULL_STRUCTURED,ai_abstained,ABSTAIN,False,muse,stored,analyst_abstain_below_adjudication_floor,False,ABSTAIN,
903871_1788983285_8075437_1788993197_EURAUD_24671,903871,903871_1788983285_8075437,EURAUD,1788993196,OFF,NK,REUSE,UNCHANGED_STATE,unchanged_decisive_non_approval_within_ttl,UNCHANGED_STATE,unchanged_decisive_non_approval_within_ttl,,903871_1788983285_8075437_1788992574_EURAUD_6309,10.383333333333333,30.0,FULL_STRUCTURED,ai_abstained,ABSTAIN,False,muse,,analyst_abstain_below_adjudication_floor,False,ABSTAIN,
903871_1788983285_8075437_1788993838_EURAUD_14857,903871,903871_1788983285_8075437,EURAUD,1788993838,OFF,NK,REUSE,UNCHANGED_STATE,unchanged_decisive_non_approval_within_ttl,UNCHANGED_STATE,unchanged_decisive_non_approval_within_ttl,,903871_1788983285_8075437_1788992574_EURAUD_6309,21.083333333333332,30.0,FULL_STRUCTURED,ai_abstained,ABSTAIN,False,muse,,analyst_abstain_below_adjudication_floor,False,ABSTAIN,
903871_1788983285_8075437_1788994470_EURAUD_16708,903871,903871_1788983285_8075437,EURAUD,1788994470,OFF,NK,CALL,OTHER_REQUIRED,decisive_prior_ttl_expired,OTHER_REQUIRED,decisive_prior_ttl_expired,,903871_1788983285_8075437_1788992574_EURAUD_6309,31.616666666666667,30.0,FULL_STRUCTURED,ai_abstained,ABSTAIN,False,muse,stored,analyst_abstain_below_adjudication_floor,False,ABSTAIN,
903871_1788983285_8075437_1788995216_EURAUD_3982,903871,903871_1788983285_8075437,EURAUD,1788995216,NY,K,CALL,SCHEDULED_REVIEW_WITH_MEANINGFUL_CHANGE,meaningful_change,SCHEDULED_REVIEW_WITH_MEANINGFUL_CHANGE,meaningful_change,session_transition|killzone_transition,903871_1788983285_8075437_1788994470_EURAUD_16708,12.433333333333334,0.0,FULL_STRUCTURED,ai_abstained,ABSTAIN,False,muse,stored,analyst_abstain_below_adjudication_floor,False,ABSTAIN,
903871_1788983285_8075437_1788995964_EURAUD_20488,903871,903871_1788983285_8075437,EURAUD,1788995963,NY,K,CALL,SCHEDULED_REVIEW_WITH_MEANINGFUL_CHANGE,meaningful_change,SCHEDULED_REVIEW_WITH_MEANINGFUL_CHANGE,meaningful_change,new_candidate,903871_1788983285_8075437_1788995216_EURAUD_3982,12.45,0.0,FULL_STRUCTURED,ai_abstained,ABSTAIN,False,muse,stored,analyst_abstain_below_adjudication_floor,False,ABSTAIN,
903871_1788999394_24185000_1789012460_EURAUD_12790,903871,903871_1788999394_24185000,EURAUD,1789012460,ASIA,NK,CALL,SCHEDULED_REVIEW_WITH_MEANINGFUL_CHANGE,meaningful_change,SCHEDULED_REVIEW_WITH_MEANINGFUL_CHANGE,meaningful_change,session_transition|killzone_transition|new_candidate,903871_1788983285_8075437_1788995964_EURAUD_20488,274.95,0.0,FULL_STRUCTURED,ai_abstained,ABSTAIN,False,muse,stored,analyst_abstain_below_adjudication_floor,False,ABSTAIN,
903871_1788999394_24185000_1789014948_EURAUD_21535,903871,903871_1788999394_24185000,EURAUD,1789014947,ASIA,NK,CALL,PREDETERMINED_OUTCOME,python_hard_pre_gate_already_skips_provider,SCHEDULED_REVIEW_WITH_MEANINGFUL_CHANGE,meaningful_change,identity:python.model_id+python.provider_id|new_candidate,903871_1788999394_24185000_1789012460_EURAUD_12790,41.45,0.0,DEGRADED_NON_TRADING,hard_pre_gate,REJECT,False,other,non_full_structured_decision,,False,,
903871_1788999394_24185000_1789015837_EURAUD_32359,903871,903871_1788999394_24185000,EURAUD,1789015836,ASIA,NK,CALL,SCHEDULED_REVIEW_WITH_MEANINGFUL_CHANGE,meaningful_change,SCHEDULED_REVIEW_WITH_MEANINGFUL_CHANGE,meaningful_change,new_candidate,903871_1788999394_24185000_1789012460_EURAUD_12790,56.266666666666666,0.0,FULL_STRUCTURED,ai_abstained,ABSTAIN,False,muse,stored,analyst_abstain_below_adjudication_floor,False,ABSTAIN,
903871_1788999394_24185000_1789017796_EURAUD_21451,903871,903871_1788999394_24185000,EURAUD,1789017795,ASIA,NK,CALL,PREDETERMINED_OUTCOME,python_hard_pre_gate_already_skips_provider,SCHEDULED_REVIEW_WITH_MEANINGFUL_CHANGE,meaningful_change,identity:python.model_id+python.provider_id|new_candidate,903871_1788999394_24185000_1789015837_EURAUD_32359,32.65,0.0,DEGRADED_NON_TRADING,hard_pre_gate,REJECT,False,other,non_full_structured_decision,,False,,
903871_1788999394_24185000_1789018757_EURAUD_32052,903871,903871_1788999394_24185000,EURAUD,1789018756,ASIA,NK,CALL,SCHEDULED_REVIEW_WITH_MEANINGFUL_CHANGE,meaningful_change,SCHEDULED_REVIEW_WITH_MEANINGFUL_CHANGE,meaningful_change,candidate_state:entry_trigger_phase+fvg_execution_class+fvg_mid_mitigated+fvg_mitigation_state+fvg_touched|new_candidate,903871_1788999394_24185000_1789015837_EURAUD_32359,48.666666666666664,0.0,FULL_STRUCTURED,ai_abstained,ABSTAIN,False,muse,stored,analyst_abstain_below_adjudication_floor,False,ABSTAIN,
903871_1788999394_24185000_1789019724_EURAUD_8040,903871,903871_1788999394_24185000,EURAUD,1789019723,ASIA,NK,CALL,REQUIRED_NEW_DECISION,meaningful_change,REQUIRED_NEW_DECISION,meaningful_change,new_candidate,903871_1788999394_24185000_1789018757_EURAUD_32052,16.116666666666667,0.0,FULL_STRUCTURED,ai_abstained,ABSTAIN,False,muse,stored,analyst_abstain_below_adjudication_floor,False,ABSTAIN,
903871_1788999394_24185000_1789021710_EURAUD_14927,903871,903871_1788999394_24185000,EURAUD,1789021709,ASIA,NK,CALL,SCHEDULED_REVIEW_WITH_MEANINGFUL_CHANGE,meaningful_change,SCHEDULED_REVIEW_WITH_MEANINGFUL_CHANGE,meaningful_change,new_candidate|candidate_state:entry_trigger_phase+fvg_execution_class+fvg_mid_mitigated+fvg_mitigation_state+fvg_touched,903871_1788999394_24185000_1789019724_EURAUD_8040,33.1,0.0,FULL_STRUCTURED,ai_rejected,REJECT,False,muse,stored,analyst_reject,False,REJECT,
903871_1788999394_24185000_1789053535_EURAUD_15175,903871,903871_1788999394_24185000,EURAUD,1789053534,LON,NK,CALL,PREDETERMINED_OUTCOME,python_hard_pre_gate_already_skips_provider,SCHEDULED_REVIEW_WITH_MEANINGFUL_CHANGE,meaningful_change,identity:python.model_id+python.provider_id|session_transition|request_state:po3.context_tier+po3.has_bos+po3.has_follow_through+po3.has_sweep+po3.htf_bos+po3.htf_choch+po3.htf_mss+po3.liquidity_kind+po3.ltf_bos+po3.ltf_choch+po3.ltf_mss+po3.po3_state+po3.structure_type+po3.sweep_side+po3.t_bos+po3.t_disp+po3.t_sweep|new_candidate,903871_1788999394_24185000_1789021710_EURAUD_14927,530.4166666666666,0.0,DEGRADED_NON_TRADING,hard_pre_gate,REJECT,False,other,non_full_structured_decision,,False,,
903871_1788999394_24185000_1789054955_EURAUD_29391,903871,903871_1788999394_24185000,EURAUD,1789054954,LON,NK,CALL,SCHEDULED_REVIEW_WITH_MEANINGFUL_CHANGE,meaningful_change,SCHEDULED_REVIEW_WITH_MEANINGFUL_CHANGE,meaningful_change,session_transition|request_state:po3.context_tier+po3.has_bos+po3.has_follow_through+po3.has_sweep+po3.htf_bos+po3.htf_choch+po3.htf_mss+po3.liquidity_kind+po3.ltf_bos+po3.ltf_choch+po3.ltf_mss+po3.po3_state+po3.structure_type+po3.sweep_side+po3.t_bos+po3.t_disp+po3.t_sweep|new_candidate,903871_1788999394_24185000_1789021710_EURAUD_14927,554.0833333333334,0.0,FULL_STRUCTURED,ai_abstained,ABSTAIN,False,muse,stored,analyst_abstain_below_adjudication_floor,False,ABSTAIN,
903871_1789148402_173202328_1789148584_EURAUD_22551,903871,903871_1789148402_173202328,EURAUD,1789148583,LON,NK,CALL,SCHEDULED_REVIEW_WITH_MEANINGFUL_CHANGE,meaningful_change,SCHEDULED_REVIEW_WITH_MEANINGFUL_CHANGE,meaningful_change,identity:runtime_input_hash|request_state:is_buy+po3.context_tier+po3.has_bos+po3.has_follow_through+po3.has_sweep+po3.htf_bos+po3.htf_choch+po3.htf_mss+po3.liquidity_kind+po3.ltf_bos+po3.po3_state+po3.structure_type+po3.sweep_side+po3.t_bos+po3.t_disp+po3.t_sweep|new_candidate,903871_1788999394_24185000_1789054955_EURAUD_29391,1560.4833333333333,0.0,FULL_STRUCTURED,ai_rejected,REJECT,False,muse,stored,analyst_reject,False,REJECT,
903871_1789148402_173202328_1789149197_EURAUD_18133,903871,903871_1789148402_173202328,EURAUD,1789149196,LON,NK,CALL,REQUIRED_NEW_DECISION,meaningful_change,REQUIRED_NEW_DECISION,meaningful_change,new_candidate,903871_1789148402_173202328_1789148584_EURAUD_22551,10.216666666666667,0.0,FULL_STRUCTURED,ai_rejected,REJECT,False,muse,stored,analyst_reject,False,REJECT,
903871_1789148402_173202328_1789149809_EURAUD_19201,903871,903871_1789148402_173202328,EURAUD,1789149808,LON,NK,CALL,REQUIRED_NEW_DECISION,meaningful_change,REQUIRED_NEW_DECISION,meaningful_change,new_candidate|candidate_state:target_source+tp_model|price_drift,903871_1789148402_173202328_1789149197_EURAUD_18133,10.2,0.0,FULL_STRUCTURED,ai_rejected,REJECT,False,muse,stored,analyst_reject,False,REJECT,
903871_1789148402_173202328_1789150419_EURAUD_22938,903871,903871_1789148402_173202328,EURAUD,1789150418,LON,NK,REUSE,UNCHANGED_STATE,unchanged_decisive_non_approval_within_ttl,UNCHANGED_STATE,unchanged_decisive_non_approval_within_ttl,,903871_1789148402_173202328_1789149809_EURAUD_19201,10.166666666666666,15.0,FULL_STRUCTURED,ai_rejected,REJECT,False,muse,,analyst_reject,False,REJECT,
903871_1789148402_173202328_1789151032_EURAUD_5869,903871,903871_1789148402_173202328,EURAUD,1789151031,LON,NK,CALL,SCHEDULED_REVIEW_WITH_MEANINGFUL_CHANGE,meaningful_change,SCHEDULED_REVIEW_WITH_MEANINGFUL_CHANGE,meaningful_change,new_candidate,903871_1789148402_173202328_1789149809_EURAUD_19201,20.383333333333333,0.0,FULL_STRUCTURED,ai_abstained,ABSTAIN,False,muse,stored,analyst_abstain_below_adjudication_floor,False,ABSTAIN,
903871_1789148402_173202328_1789151643_EURAUD_25261,903871,903871_1789148402_173202328,EURAUD,1789151642,LON,NK,CALL,REQUIRED_NEW_DECISION,meaningful_change,REQUIRED_NEW_DECISION,meaningful_change,new_candidate,903871_1789148402_173202328_1789151032_EURAUD_5869,10.183333333333334,0.0,FULL_STRUCTURED,ai_rejected,REJECT,False,muse,stored,analyst_reject,False,REJECT,
903871_1789148402_173202328_1789152253_EURAUD_814,903871,903871_1789148402_173202328,EURAUD,1789152252,LON,NK,CALL,REQUIRED_NEW_DECISION,meaningful_change,REQUIRED_NEW_DECISION,meaningful_change,new_candidate,903871_1789148402_173202328_1789151643_EURAUD_25261,10.166666666666666,0.0,FULL_STRUCTURED,ai_rejected,REJECT,False,muse,stored,analyst_reject,False,REJECT,
903871_1789148402_173202328_1789152868_EURAUD_21922,903871,903871_1789148402_173202328,EURAUD,1789152867,LON,NK,REUSE,UNCHANGED_STATE,unchanged_decisive_non_approval_within_ttl,UNCHANGED_STATE,unchanged_decisive_non_approval_within_ttl,,903871_1789148402_173202328_1789152253_EURAUD_814,10.25,15.0,FULL_STRUCTURED,ai_rejected,REJECT,False,muse,,analyst_reject,False,REJECT,
903871_1788983285_8075437_1788990697_EURCAD_11902,903871,903871_1788983285_8075437,EURCAD,1788990695,OFF,NK,CALL,PREDETERMINED_OUTCOME,python_hard_pre_gate_already_skips_provider,REQUIRED_NEW_DECISION,no_prior_authoritative_decision,,,,0.0,DEGRADED_NON_TRADING,hard_pre_gate,REJECT,False,other,non_full_structured_decision,,False,,
903871_1788999394_24185000_1789041239_EURCAD_21384,903871,903871_1788999394_24185000,EURCAD,1789041239,ASIA,NK,CALL,REQUIRED_NEW_DECISION,no_prior_authoritative_decision,REQUIRED_NEW_DECISION,no_prior_authoritative_decision,,,,0.0,FULL_STRUCTURED,ai_abstained,ABSTAIN,False,muse,stored,analyst_abstain_below_adjudication_floor,False,ABSTAIN,
903871_1788999394_24185000_1789043523_EURCAD_24891,903871,903871_1788999394_24185000,EURCAD,1789043523,ASIA,K,CALL,SCHEDULED_REVIEW_WITH_MEANINGFUL_CHANGE,meaningful_change,SCHEDULED_REVIEW_WITH_MEANINGFUL_CHANGE,meaningful_change,killzone_transition|request_state:po3.developing_bos+po3.has_sweep+po3.liquidity_kind+po3.ltf_bos+po3.ltf_choch+po3.ltf_mss+po3.structure_type+po3.sweep_side+po3.t_sweep|new_candidate|price_drift,903871_1788999394_24185000_1789041239_EURCAD_21384,38.06666666666667,0.0,FULL_STRUCTURED,ai_abstained,ABSTAIN,False,muse,stored,analyst_abstain_below_adjudication_floor,False,ABSTAIN,
903871_1788999394_24185000_1789044808_EURCAD_27431,903871,903871_1788999394_24185000,EURCAD,1789044807,ASIA,K,CALL,REQUIRED_NEW_DECISION,meaningful_change,REQUIRED_NEW_DECISION,meaningful_change,request_state:po3.developing_bos+po3.has_sweep+po3.liquidity_kind+po3.ltf_bos+po3.ltf_choch+po3.ltf_mss+po3.structure_type+po3.sweep_side+po3.t_sweep|new_candidate,903871_1788999394_24185000_1789043523_EURCAD_24891,21.4,0.0,FULL_STRUCTURED,ai_abstained,ABSTAIN,False,muse,stored,analyst_abstain_below_adjudication_floor,False,ABSTAIN,
903871_1788999394_24185000_1789053535_EURCAD_16836,903871,903871_1788999394_24185000,EURCAD,1789053534,LON,NK,CALL,SCHEDULED_REVIEW_WITH_MEANINGFUL_CHANGE,meaningful_change,SCHEDULED_REVIEW_WITH_MEANINGFUL_CHANGE,meaningful_change,session_transition|killzone_transition|request_state:po3.context_tier+po3.has_bos+po3.has_sweep+po3.htf_bos+po3.htf_choch+po3.htf_mss+po3.liquidity_kind+po3.ltf_bos+po3.ltf_choch+po3.ltf_mss+po3.po3_state+po3.structure_type+po3.sweep_side+po3.t_bos+po3.t_sweep|new_candidate,903871_1788999394_24185000_1789044808_EURCAD_27431,145.45,0.0,FULL_STRUCTURED,ai_abstained,ABSTAIN,False,muse,stored,analyst_abstain_below_adjudication_floor,False,ABSTAIN,
903871_1788999394_24185000_1789054955_EURCAD_13599,903871,903871_1788999394_24185000,EURCAD,1789054954,LON,NK,CALL,SCHEDULED_REVIEW_WITH_MEANINGFUL_CHANGE,meaningful_change,SCHEDULED_REVIEW_WITH_MEANINGFUL_CHANGE,meaningful_change,new_candidate|candidate_state:entry_trigger_phase+fvg_execution_class+fvg_mitigation_state+fvg_touched+target_source+tp_model,903871_1788999394_24185000_1789053535_EURCAD_16836,23.666666666666668,0.0,FULL_STRUCTURED,ai_abstained,ABSTAIN,False,muse,stored,analyst_abstain_below_adjudication_floor,False,ABSTAIN,
903871_1788999394_24185000_1789057177_EURCAD_27945,903871,903871_1788999394_24185000,EURCAD,1789057176,LON,NK,CALL,SCHEDULED_REVIEW_WITH_MEANINGFUL_CHANGE,meaningful_change,SCHEDULED_REVIEW_WITH_MEANINGFUL_CHANGE,meaningful_change,new_candidate|candidate_state:fvg_execution_class+fvg_mid_mitigated+fvg_mitigation_state,903871_1788999394_24185000_1789054955_EURCAD_13599,37.03333333333333,0.0,FULL_STRUCTURED,ai_rejected,REJECT,False,muse,stored,analyst_reject,False,REJECT,
903871_1788999394_24185000_1789059657_EURCAD_14963,903871,903871_1788999394_24185000,EURCAD,1789059656,LON,NK,CALL,SCHEDULED_REVIEW_WITH_MEANINGFUL_CHANGE,meaningful_change,SCHEDULED_REVIEW_WITH_MEANINGFUL_CHANGE,meaningful_change,new_candidate,903871_1788999394_24185000_1789057177_EURCAD_27945,41.333333333333336,0.0,FULL_STRUCTURED,ai_abstained,ABSTAIN,False,muse,stored,analyst_abstain_below_adjudication_floor,False,ABSTAIN,
903871_1789062748_87542921_1789068109_EURCAD_12911,903871,903871_1789062748_87542921,EURCAD,1789068108,OFF,NK,CALL,SCHEDULED_REVIEW_WITH_MEANINGFUL_CHANGE,meaningful_change,SCHEDULED_REVIEW_WITH_MEANINGFUL_CHANGE,meaningful_change,session_transition|request_state:po3.liquidity_kind|new_candidate,903871_1788999394_24185000_1789059657_EURCAD_14963,140.86666666666667,0.0,FULL_STRUCTURED,ai_abstained,ABSTAIN,False,muse,stored,analyst_abstain_below_adjudication_floor,False,ABSTAIN,
903871_1789062748_87542921_1789068740_EURCAD_2535,903871,903871_1789062748_87542921,EURCAD,1789068739,OFF,NK,CALL,OTHER_REQUIRED,borderline_prior_requires_fresh_review,OTHER_REQUIRED,borderline_prior_requires_fresh_review,,903871_1789062748_87542921_1789068109_EURCAD_12911,10.516666666666667,0.0,FULL_STRUCTURED,ai_abstained,ABSTAIN,False,muse,stored,analyst_abstain_below_adjudication_floor,False,ABSTAIN,
903871_1789062748_87542921_1789069517_EURCAD_11394,903871,903871_1789062748_87542921,EURCAD,1789069516,OFF,NK,CALL,OTHER_REQUIRED,borderline_prior_requires_fresh_review,OTHER_REQUIRED,borderline_prior_requires_fresh_review,,903871_1789062748_87542921_1789068740_EURCAD_2535,12.95,0.0,FULL_STRUCTURED,ai_abstained,ABSTAIN,False,muse,stored,analyst_abstain_below_adjudication_floor,False,ABSTAIN,
903871_1789062748_87542921_1789070364_EURCAD_2340,903871,903871_1789062748_87542921,EURCAD,1789070362,OFF,NK,REUSE,UNCHANGED_STATE,unchanged_decisive_non_approval_within_ttl,UNCHANGED_STATE,unchanged_decisive_non_approval_within_ttl,,903871_1789062748_87542921_1789069517_EURCAD_11394,14.1,30.0,FULL_STRUCTURED,ai_abstained,ABSTAIN,False,muse,,analyst_abstain_below_adjudication_floor,False,ABSTAIN,
903871_1789062748_87542921_1789071381_EURCAD_993,903871,903871_1789062748_87542921,EURCAD,1789071380,OFF,NK,CALL,OTHER_REQUIRED,decisive_prior_ttl_expired,OTHER_REQUIRED,decisive_prior_ttl_expired,,903871_1789062748_87542921_1789069517_EURCAD_11394,31.066666666666666,30.0,FULL_STRUCTURED,ai_abstained,ABSTAIN,False,muse,stored,analyst_abstain_below_adjudication_floor,False,ABSTAIN,
903871_1789062748_87542921_1789072358_EURCAD_29860,903871,903871_1789062748_87542921,EURCAD,1789072357,OFF,NK,CALL,OTHER_REQUIRED,borderline_prior_requires_fresh_review,OTHER_REQUIRED,borderline_prior_requires_fresh_review,,903871_1789062748_87542921_1789071381_EURCAD_993,16.283333333333335,0.0,FULL_STRUCTURED,ai_abstained,ABSTAIN,False,muse,stored,analyst_abstain_below_adjudication_floor,False,ABSTAIN,
903871_1789093630_118426656_1789104089_EURCAD_17107,903871,903871_1789093630_118426656,EURCAD,1789104088,ASIA,NK,CALL,SCHEDULED_REVIEW_WITH_MEANINGFUL_CHANGE,meaningful_change,SCHEDULED_REVIEW_WITH_MEANINGFUL_CHANGE,meaningful_change,session_transition|new_candidate,903871_1789062748_87542921_1789072358_EURCAD_29860,528.85,0.0,FULL_STRUCTURED,ai_abstained,ABSTAIN,False,muse,stored,analyst_abstain_below_adjudication_floor,False,ABSTAIN,
903871_1789093630_118426656_1789104772_EURCAD_3185,903871,903871_1789093630_118426656,EURCAD,1789104770,ASIA,NK,CALL,REQUIRED_NEW_DECISION,meaningful_change,REQUIRED_NEW_DECISION,meaningful_change,new_candidate,903871_1789093630_118426656_1789104089_EURCAD_17107,11.366666666666667,0.0,FULL_STRUCTURED,ai_abstained,ABSTAIN,False,muse,stored,analyst_abstain_below_adjudication_floor,False,ABSTAIN,
903871_1789093630_118426656_1789105494_EURCAD_30627,903871,903871_1789093630_118426656,EURCAD,1789105492,ASIA,NK,CALL,REQUIRED_NEW_DECISION,meaningful_change,REQUIRED_NEW_DECISION,meaningful_change,new_candidate,903871_1789093630_118426656_1789104772_EURCAD_3185,12.033333333333333,0.0,FULL_STRUCTURED,ai_abstained,ABSTAIN,False,muse,stored,analyst_abstain_below_adjudication_floor,False,ABSTAIN,
903871_1789093630_118426656_1789106175_EURCAD_9311,903871,903871_1789093630_118426656,EURCAD,1789106174,ASIA,NK,CALL,REQUIRED_NEW_DECISION,meaningful_change,REQUIRED_NEW_DECISION,meaningful_change,candidate_state:entry_trigger_phase+fvg_execution_class+fvg_mitigation_state+fvg_touched|new_candidate,903871_1789093630_118426656_1789105494_EURCAD_30627,11.366666666666667,0.0,FULL_STRUCTURED,ai_abstained,ABSTAIN,False,muse,stored,analyst_abstain_below_adjudication_floor,False,ABSTAIN,
903871_1789093630_118426656_1789107739_EURCAD_22321,903871,903871_1789093630_118426656,EURCAD,1789107738,ASIA,NK,CALL,REQUIRED_NEW_DECISION,meaningful_change,REQUIRED_NEW_DECISION,meaningful_change,request_state:po3.liquidity_kind|new_candidate,903871_1789093630_118426656_1789106175_EURCAD_9311,26.066666666666666,0.0,FULL_STRUCTURED,ai_abstained,ABSTAIN,False,muse,stored,analyst_abstain_below_adjudication_floor,False,ABSTAIN,
903871_1788983285_8075437_1788983348_EURJPY_11614,903871,903871_1788983285_8075437,EURJPY,1788983346,OFF,NK,CALL,PREDETERMINED_OUTCOME,python_hard_pre_gate_already_skips_provider,REQUIRED_NEW_DECISION,no_prior_authoritative_decision,,,,0.0,DEGRADED_NON_TRADING,hard_pre_gate,REJECT,False,other,non_full_structured_decision,,False,,
903871_1788983285_8075437_1788983958_EURJPY_28067,903871,903871_1788983285_8075437,EURJPY,1788983956,OFF,NK,CALL,PREDETERMINED_OUTCOME,python_hard_pre_gate_already_skips_provider,REQUIRED_NEW_DECISION,no_prior_authoritative_decision,,,,0.0,DEGRADED_NON_TRADING,hard_pre_gate,REJECT,False,other,non_full_structured_decision,,False,,
903871_1788999394_24185000_1789014948_EURJPY_15774,903871,903871_1788999394_24185000,EURJPY,1789014947,ASIA,NK,CALL,REQUIRED_NEW_DECISION,no_prior_authoritative_decision,REQUIRED_NEW_DECISION,no_prior_authoritative_decision,,,,0.0,FULL_STRUCTURED,ai_abstained,ABSTAIN,False,muse,stored,analyst_abstain_below_adjudication_floor,False,ABSTAIN,
903871_1788999394_24185000_1789016864_EURJPY_32529,903871,903871_1788999394_24185000,EURJPY,1789016863,ASIA,NK,CALL,PREDETERMINED_OUTCOME,python_hard_pre_gate_already_skips_provider,SCHEDULED_REVIEW_WITH_MEANINGFUL_CHANGE,meaningful_change,identity:python.model_id+python.provider_id|new_candidate,903871_1788999394_24185000_1789014948_EURJPY_15774,31.933333333333334,0.0,DEGRADED_NON_TRADING,hard_pre_gate,REJECT,False,other,non_full_structured_decision,,False,,
903871_1788999394_24185000_1789050120_EURJPY_17954,903871,903871_1788999394_24185000,EURJPY,1789050119,LON,NK,CALL,SCHEDULED_REVIEW_WITH_MEANINGFUL_CHANGE,meaningful_change,SCHEDULED_REVIEW_WITH_MEANINGFUL_CHANGE,meaningful_change,session_transition|request_state:po3.context_tier+po3.has_bos+po3.has_sweep+po3.htf_bos+po3.htf_choch+po3.htf_mss+po3.liquidity_kind+po3.ltf_bos+po3.ltf_choch+po3.ltf_mss+po3.po3_state+po3.structure_type+po3.sweep_side+po3.t_bos+po3.t_disp+po3.t_sweep|new_candidate,903871_1788999394_24185000_1789014948_EURJPY_15774,586.2,0.0,FULL_STRUCTURED,ai_rejected,REJECT,False,muse,stored,analyst_reject,False,REJECT,
903871_1788999394_24185000_1789057178_EURJPY_31947,903871,903871_1788999394_24185000,EURJPY,1789057177,LON,NK,CALL,PREDETERMINED_OUTCOME,python_hard_pre_gate_already_skips_provider,SCHEDULED_REVIEW_WITH_MEANINGFUL_CHANGE,meaningful_change,identity:python.model_id+python.provider_id|candidate_state:entry_trigger_phase+fvg_execution_class+fvg_mitigation_state+fvg_touched+target_source+tp_model|regime_label|price_drift|new_candidate,903871_1788999394_24185000_1789050120_EURJPY_17954,117.63333333333334,0.0,DEGRADED_NON_TRADING,hard_pre_gate,REJECT,False,other,non_full_structured_decision,,False,,
903871_1788999394_24185000_1789061214_EURJPY_14114,903871,903871_1788999394_24185000,EURJPY,1789061213,LON,NK,CALL,PREDETERMINED_OUTCOME,python_hard_pre_gate_already_skips_provider,SCHEDULED_REVIEW_WITH_MEANINGFUL_CHANGE,meaningful_change,identity:python.model_id+python.provider_id|request_state:is_buy+po3.developing_bos+po3.has_sweep+po3.liquidity_kind+po3.ltf_bos+po3.ltf_choch+po3.ltf_mss+po3.structure_type+po3.sweep_side+po3.t_disp+po3.t_sweep|new_candidate,903871_1788999394_24185000_1789050120_EURJPY_17954,184.9,0.0,DEGRADED_NON_TRADING,hard_pre_gate,REJECT,False,other,non_full_structured_decision,,False,,
903871_1789062748_87542921_1789071381_EURJPY_15593,903871,903871_1789062748_87542921,EURJPY,1789071379,OFF,NK,CALL,SCHEDULED_REVIEW_WITH_MEANINGFUL_CHANGE,meaningful_change,SCHEDULED_REVIEW_WITH_MEANINGFUL_CHANGE,meaningful_change,session_transition|request_state:is_buy+po3.developing_bos+po3.has_sweep+po3.liquidity_kind+po3.ltf_bos+po3.ltf_choch+po3.ltf_mss+po3.structure_type+po3.sweep_side+po3.t_disp+po3.t_sweep|new_candidate,903871_1788999394_24185000_1789050120_EURJPY_17954,354.3333333333333,0.0,FULL_STRUCTURED,ai_rejected,REJECT,False,muse,stored,analyst_reject,False,REJECT,
903871_1789062748_87542921_1789072358_EURJPY_22127,903871,903871_1789062748_87542921,EURJPY,1789072357,OFF,NK,CALL,REQUIRED_NEW_DECISION,meaningful_change,REQUIRED_NEW_DECISION,meaningful_change,candidate_state:entry_trigger_phase+fvg_execution_class+fvg_mid_mitigated+fvg_mitigation_state+fvg_touched,903871_1789062748_87542921_1789071381_EURJPY_15593,16.3,0.0,FULL_STRUCTURED,ai_abstained,ABSTAIN,False,muse,stored,analyst_abstain_below_adjudication_floor,False,ABSTAIN,
903871_1789062748_87542921_1789078798_EURJPY_27716,903871,903871_1789062748_87542921,EURJPY,1789078796,OFF,NK,CALL,SCHEDULED_REVIEW_WITH_MEANINGFUL_CHANGE,meaningful_change,SCHEDULED_REVIEW_WITH_MEANINGFUL_CHANGE,meaningful_change,new_candidate,903871_1789062748_87542921_1789072358_EURJPY_22127,107.31666666666666,0.0,FULL_STRUCTURED,ai_abstained,ABSTAIN,False,muse,stored,analyst_abstain_below_adjudication_floor,False,ABSTAIN,
903871_1789062748_87542921_1789079710_EURJPY_12780,903871,903871_1789062748_87542921,EURJPY,1789079708,OFF,NK,CALL,REQUIRED_NEW_DECISION,meaningful_change,REQUIRED_NEW_DECISION,meaningful_change,candidate_state:entry_trigger_phase+fvg_execution_class+fvg_mid_mitigated+fvg_mitigation_state+fvg_touched|new_candidate,903871_1789062748_87542921_1789078798_EURJPY_27716,15.2,0.0,FULL_STRUCTURED,ai_abstained,ABSTAIN,False,muse,stored,analyst_abstain_below_adjudication_floor,False,ABSTAIN,
903871_1789062748_87542921_1789080766_EURJPY_3830,903871,903871_1789062748_87542921,EURJPY,1789080765,OFF,NK,REUSE,UNCHANGED_STATE,unchanged_decisive_non_approval_within_ttl,UNCHANGED_STATE,unchanged_decisive_non_approval_within_ttl,,903871_1789062748_87542921_1789079710_EURJPY_12780,17.616666666666667,30.0,FULL_STRUCTURED,ai_abstained,ABSTAIN,False,muse,,analyst_abstain_below_adjudication_floor,False,ABSTAIN,
903871_1789062748_87542921_1789081570_EURJPY_7313,903871,903871_1789062748_87542921,EURJPY,1789081569,NY,K,CALL,SCHEDULED_REVIEW_WITH_MEANINGFUL_CHANGE,meaningful_change,SCHEDULED_REVIEW_WITH_MEANINGFUL_CHANGE,meaningful_change,session_transition|killzone_transition|candidate_state:target_source+tp_model,903871_1789062748_87542921_1789079710_EURJPY_12780,31.016666666666666,0.0,FULL_STRUCTURED,ai_abstained,ABSTAIN,False,muse,stored,analyst_abstain_below_adjudication_floor,False,ABSTAIN,
903871_1789062748_87542921_1789082584_EURJPY_13461,903871,903871_1789062748_87542921,EURJPY,1789082583,NY,K,CALL,SCHEDULED_REVIEW_WITH_MEANINGFUL_CHANGE,meaningful_change,SCHEDULED_REVIEW_WITH_MEANINGFUL_CHANGE,meaningful_change,request_state:po3.developing_bos+po3.has_sweep+po3.liquidity_kind+po3.ltf_bos+po3.ltf_choch+po3.ltf_mss+po3.structure_type+po3.sweep_side+po3.t_disp+po3.t_sweep|new_candidate,903871_1789062748_87542921_1789081570_EURJPY_7313,16.9,0.0,FULL_STRUCTURED,ai_abstained,ABSTAIN,False,muse,stored,analyst_abstain_below_adjudication_floor,False,ABSTAIN,
903871_1789093630_118426656_1789096683_EURJPY_7275,903871,903871_1789093630_118426656,EURJPY,1789096682,ASIA,NK,CALL,SCHEDULED_REVIEW_WITH_MEANINGFUL_CHANGE,meaningful_change,SCHEDULED_REVIEW_WITH_MEANINGFUL_CHANGE,meaningful_change,session_transition|killzone_transition|request_state:po3.developing_bos+po3.has_sweep+po3.liquidity_kind+po3.ltf_bos+po3.ltf_choch+po3.ltf_mss+po3.structure_type+po3.sweep_side+po3.t_disp+po3.t_sweep|new_candidate,903871_1789062748_87542921_1789082584_EURJPY_13461,234.98333333333332,0.0,FULL_STRUCTURED,ai_abstained,ABSTAIN,False,muse,stored,analyst_abstain_below_adjudication_floor,False,ABSTAIN,
903871_1789093630_118426656_1789102811_EURJPY_2773,903871,903871_1789093630_118426656,EURJPY,1789102810,ASIA,NK,CALL,SCHEDULED_REVIEW_WITH_MEANINGFUL_CHANGE,meaningful_change,SCHEDULED_REVIEW_WITH_MEANINGFUL_CHANGE,meaningful_change,new_candidate,903871_1789093630_118426656_1789096683_EURJPY_7275,102.13333333333334,0.0,FULL_STRUCTURED,ai_abstained,ABSTAIN,False,muse,stored,analyst_abstain_below_adjudication_floor,False,ABSTAIN,
903871_1789093630_118426656_1789103435_EURJPY_17361,903871,903871_1789093630_118426656,EURJPY,1789103434,ASIA,NK,CALL,REQUIRED_NEW_DECISION,meaningful_change,REQUIRED_NEW_DECISION,meaningful_change,new_candidate,903871_1789093630_118426656_1789102811_EURJPY_2773,10.4,0.0,FULL_STRUCTURED,ai_abstained,ABSTAIN,False,muse,stored,analyst_abstain_below_adjudication_floor,False,ABSTAIN,
903871_1789093630_118426656_1789104089_EURJPY_3132,903871,903871_1789093630_118426656,EURJPY,1789104088,ASIA,NK,CALL,REQUIRED_NEW_DECISION,meaningful_change,REQUIRED_NEW_DECISION,meaningful_change,candidate_state:entry_trigger_phase+fvg_execution_class+fvg_mitigation_state+fvg_touched,903871_1789093630_118426656_1789103435_EURJPY_17361,10.9,0.0,FULL_STRUCTURED,ai_rejected,REJECT,False,muse,stored,analyst_reject,False,REJECT,
903871_1789093630_118426656_1789104772_EURJPY_12909,903871,903871_1789093630_118426656,EURJPY,1789104771,ASIA,NK,CALL,REQUIRED_NEW_DECISION,meaningful_change,REQUIRED_NEW_DECISION,meaningful_change,new_candidate,903871_1789093630_118426656_1789104089_EURJPY_3132,11.383333333333333,0.0,FULL_STRUCTURED,ai_abstained,ABSTAIN,False,muse,stored,analyst_abstain_below_adjudication_floor,False,ABSTAIN,
903871_1789093630_118426656_1789105494_EURJPY_8910,903871,903871_1789093630_118426656,EURJPY,1789105492,ASIA,NK,REUSE,UNCHANGED_STATE,unchanged_decisive_non_approval_within_ttl,UNCHANGED_STATE,unchanged_decisive_non_approval_within_ttl,,903871_1789093630_118426656_1789104772_EURJPY_12909,12.016666666666667,30.0,FULL_STRUCTURED,ai_abstained,ABSTAIN,False,muse,,analyst_abstain_below_adjudication_floor,False,ABSTAIN,
903871_1789093630_118426656_1789106175_EURJPY_13894,903871,903871_1789093630_118426656,EURJPY,1789106174,ASIA,NK,REUSE,UNCHANGED_STATE,unchanged_decisive_non_approval_within_ttl,UNCHANGED_STATE,unchanged_decisive_non_approval_within_ttl,,903871_1789093630_118426656_1789104772_EURJPY_12909,23.383333333333333,30.0,FULL_STRUCTURED,ai_abstained,ABSTAIN,False,muse,,analyst_abstain_below_adjudication_floor,False,ABSTAIN,
903871_1789093630_118426656_1789106971_EURJPY_701,903871,903871_1789093630_118426656,EURJPY,1789106970,ASIA,NK,CALL,OTHER_REQUIRED,decisive_prior_ttl_expired,OTHER_REQUIRED,decisive_prior_ttl_expired,,903871_1789093630_118426656_1789104772_EURJPY_12909,36.65,30.0,FULL_STRUCTURED,ai_abstained,ABSTAIN,False,muse,stored,analyst_abstain_below_adjudication_floor,False,ABSTAIN,
903871_1789093630_118426656_1789107739_EURJPY_24332,903871,903871_1789093630_118426656,EURJPY,1789107738,ASIA,NK,CALL,REQUIRED_NEW_DECISION,meaningful_change,REQUIRED_NEW_DECISION,meaningful_change,new_candidate,903871_1789093630_118426656_1789106971_EURJPY_701,12.8,0.0,FULL_STRUCTURED,ai_rejected,REJECT,False,muse,stored,analyst_reject,False,REJECT,
903871_1789148402_173202328_1789148584_EURJPY_10579,903871,903871_1789148402_173202328,EURJPY,1789148583,LON,NK,CALL,SCHEDULED_REVIEW_WITH_MEANINGFUL_CHANGE,meaningful_change,SCHEDULED_REVIEW_WITH_MEANINGFUL_CHANGE,meaningful_change,identity:runtime_input_hash|session_transition|request_state:po3.developing_bos+po3.has_sweep+po3.liquidity_kind+po3.ltf_bos+po3.ltf_choch+po3.ltf_mss+po3.structure_type+po3.sweep_side+po3.t_disp+po3.t_sweep|new_candidate,903871_1789093630_118426656_1789107739_EURJPY_24332,680.75,0.0,FULL_STRUCTURED,ai_abstained,ABSTAIN,False,muse,stored,analyst_abstain_below_adjudication_floor,False,ABSTAIN,
903871_1788983285_8075437_1788983957_EURNZD_31546,903871,903871_1788983285_8075437,EURNZD,1788983956,OFF,NK,CALL,REQUIRED_NEW_DECISION,no_prior_authoritative_decision,REQUIRED_NEW_DECISION,no_prior_authoritative_decision,,,,0.0,FULL_STRUCTURED,ai_abstained,ABSTAIN,False,muse,stored,analyst_abstain_below_adjudication_floor,False,ABSTAIN,
903871_1788983285_8075437_1788991338_EURNZD_4292,903871,903871_1788983285_8075437,EURNZD,1788991337,OFF,NK,CALL,SCHEDULED_REVIEW_WITH_MEANINGFUL_CHANGE,meaningful_change,SCHEDULED_REVIEW_WITH_MEANINGFUL_CHANGE,meaningful_change,new_candidate,903871_1788983285_8075437_1788983957_EURNZD_31546,123.01666666666667,0.0,FULL_STRUCTURED,ai_abstained,ABSTAIN,False,muse,stored,analyst_abstain_below_adjudication_floor,False,ABSTAIN,
903871_1788983285_8075437_1788994471_EURNZD_18347,903871,903871_1788983285_8075437,EURNZD,1788994470,OFF,NK,CALL,SCHEDULED_REVIEW_WITH_MEANINGFUL_CHANGE,meaningful_change,SCHEDULED_REVIEW_WITH_MEANINGFUL_CHANGE,meaningful_change,new_candidate,903871_1788983285_8075437_1788991338_EURNZD_4292,52.21666666666667,0.0,FULL_STRUCTURED,ai_abstained,ABSTAIN,False,muse,stored,analyst_abstain_below_adjudication_floor,False,ABSTAIN,
903871_1788999394_24185000_1789042356_EURNZD_18621,903871,903871_1788999394_24185000,EURNZD,1789042356,ASIA,K,CALL,SCHEDULED_REVIEW_WITH_MEANINGFUL_CHANGE,meaningful_change,SCHEDULED_REVIEW_WITH_MEANINGFUL_CHANGE,meaningful_change,session_transition|killzone_transition|request_state:po3.context_tier+po3.has_bos+po3.has_sweep+po3.htf_bos+po3.liquidity_kind+po3.ltf_bos+po3.po3_state+po3.structure_type+po3.sweep_side+po3.t_bos+po3.t_disp+po3.t_sweep|new_candidate,903871_1788983285_8075437_1788994471_EURNZD_18347,798.1,0.0,FULL_STRUCTURED,ai_abstained,ABSTAIN,False,muse,stored,analyst_abstain_below_adjudication_floor,False,ABSTAIN,
903871_1788999394_24185000_1789054955_EURNZD_19948,903871,903871_1788999394_24185000,EURNZD,1789054954,LON,NK,CALL,SCHEDULED_REVIEW_WITH_MEANINGFUL_CHANGE,meaningful_change,SCHEDULED_REVIEW_WITH_MEANINGFUL_CHANGE,meaningful_change,session_transition|killzone_transition|request_state:po3.t_disp|new_candidate,903871_1788999394_24185000_1789042356_EURNZD_18621,209.96666666666667,0.0,FULL_STRUCTURED,ai_abstained,ABSTAIN,False,muse,stored,analyst_abstain_below_adjudication_floor,False,ABSTAIN,
903871_1789062748_87542921_1789071381_EURNZD_11936,903871,903871_1789062748_87542921,EURNZD,1789071380,OFF,NK,CALL,SCHEDULED_REVIEW_WITH_MEANINGFUL_CHANGE,meaningful_change,SCHEDULED_REVIEW_WITH_MEANINGFUL_CHANGE,meaningful_change,session_transition|request_state:is_buy+po3.liquidity_kind+po3.structure_type+po3.sweep_side+po3.t_disp+po3.t_sweep|new_candidate,903871_1788999394_24185000_1789054955_EURNZD_19948,273.76666666666665,0.0,FULL_STRUCTURED,ai_abstained,ABSTAIN,False,muse,stored,analyst_abstain_below_adjudication_floor,False,ABSTAIN,
903871_1789062748_87542921_1789089325_EURNZD_13536,903871,903871_1789062748_87542921,EURNZD,1789089324,NY,NK,CALL,UNKNOWN,no_archived_decision,SCHEDULED_REVIEW_WITH_MEANINGFUL_CHANGE,meaningful_change,session_transition|request_state:is_buy+po3.liquidity_kind+po3.structure_type+po3.sweep_side+po3.t_disp+po3.t_sweep|new_candidate,903871_1789062748_87542921_1789071381_EURNZD_11936,299.06666666666666,0.0,,,,False,unknown,,,False,,
903871_1789093630_118426656_1789108723_EURNZD_24774,903871,903871_1789093630_118426656,EURNZD,1789108722,ASIA,NK,CALL,SCHEDULED_REVIEW_WITH_MEANINGFUL_CHANGE,meaningful_change,SCHEDULED_REVIEW_WITH_MEANINGFUL_CHANGE,meaningful_change,session_transition|request_state:po3.context_tier+po3.has_bos+po3.has_sweep+po3.htf_bos+po3.liquidity_kind+po3.ltf_bos+po3.po3_state+po3.structure_type+po3.sweep_side+po3.t_bos+po3.t_disp+po3.t_sweep|new_candidate,903871_1789062748_87542921_1789071381_EURNZD_11936,622.3666666666667,0.0,FULL_STRUCTURED,ai_rejected,REJECT,False,muse,stored,analyst_reject,False,REJECT,
903871_1789148402_173202328_1789149809_EURNZD_16142,903871,903871_1789148402_173202328,EURNZD,1789149808,LON,NK,CALL,SCHEDULED_REVIEW_WITH_MEANINGFUL_CHANGE,meaningful_change,SCHEDULED_REVIEW_WITH_MEANINGFUL_CHANGE,meaningful_change,identity:runtime_input_hash|session_transition|request_state:is_buy+po3.context_tier+po3.has_bos+po3.has_sweep+po3.htf_bos+po3.liquidity_kind+po3.ltf_bos+po3.po3_state+po3.structure_type+po3.sweep_side+po3.t_bos+po3.t_disp+po3.t_sweep|new_candidate,903871_1789093630_118426656_1789108723_EURNZD_24774,684.7666666666667,0.0,FULL_STRUCTURED,ai_abstained,ABSTAIN,False,muse,stored,qualitative_dispute_unresolved,True,ABSTAIN,
903871_1789148402_173202328_1789150419_EURNZD_28179,903871,903871_1789148402_173202328,EURNZD,1789150418,LON,NK,CALL,REQUIRED_NEW_DECISION,meaningful_change,REQUIRED_NEW_DECISION,meaningful_change,new_candidate|candidate_state:target_source+tp_model,903871_1789148402_173202328_1789149809_EURNZD_16142,10.166666666666666,0.0,FULL_STRUCTURED,ai_abstained,ABSTAIN,False,muse,stored,analyst_abstain_below_adjudication_floor,False,ABSTAIN,
903871_1789148402_173202328_1789151032_EURNZD_28004,903871,903871_1789148402_173202328,EURNZD,1789151031,LON,NK,CALL,REQUIRED_NEW_DECISION,meaningful_change,REQUIRED_NEW_DECISION,meaningful_change,new_candidate,903871_1789148402_173202328_1789150419_EURNZD_28179,10.216666666666667,0.0,FULL_STRUCTURED,ai_abstained,ABSTAIN,False,muse,stored,analyst_abstain_below_adjudication_floor,False,ABSTAIN,
903871_1789148402_173202328_1789151643_EURNZD_2773,903871,903871_1789148402_173202328,EURNZD,1789151642,LON,NK,CALL,REQUIRED_NEW_DECISION,meaningful_change,REQUIRED_NEW_DECISION,meaningful_change,request_state:po3.developing_bos+po3.has_sweep+po3.liquidity_kind+po3.ltf_bos+po3.structure_type+po3.sweep_side+po3.t_disp+po3.t_sweep|candidate_state:entry_trigger_phase+fvg_execution_class+fvg_mid_mitigated+fvg_mitigation_state+fvg_touched|new_candidate,903871_1789148402_173202328_1789151032_EURNZD_28004,10.183333333333334,0.0,FULL_STRUCTURED,ai_abstained,ABSTAIN,False,muse,stored,qualitative_dispute_unresolved,True,ABSTAIN,
903871_1789148402_173202328_1789152253_EURNZD_17773,903871,903871_1789148402_173202328,EURNZD,1789152252,LON,NK,CALL,REQUIRED_NEW_DECISION,meaningful_change,REQUIRED_NEW_DECISION,meaningful_change,new_candidate|candidate_state:target_source+tp_model,903871_1789148402_173202328_1789151643_EURNZD_2773,10.166666666666666,0.0,FULL_STRUCTURED,ai_abstained,ABSTAIN,False,muse,stored,analyst_abstain_below_adjudication_floor,False,ABSTAIN,
903871_1789148402_173202328_1789152868_EURNZD_21011,903871,903871_1789148402_173202328,EURNZD,1789152867,LON,NK,CALL,REQUIRED_NEW_DECISION,meaningful_change,REQUIRED_NEW_DECISION,meaningful_change,new_candidate,903871_1789148402_173202328_1789152253_EURNZD_17773,10.25,0.0,FULL_STRUCTURED,ai_rejected,REJECT,False,muse,stored,analyst_reject,False,REJECT,
903871_1789148402_173202328_1789153480_EURNZD_20116,903871,903871_1789148402_173202328,EURNZD,1789153479,OFF,NK,CALL,REQUIRED_NEW_DECISION,meaningful_change,REQUIRED_NEW_DECISION,meaningful_change,session_transition|request_state:po3.context_tier+po3.developing_bos+po3.has_bos+po3.htf_bos+po3.htf_choch+po3.htf_mss+po3.po3_state+po3.structure_type+po3.t_bos|new_candidate,903871_1789148402_173202328_1789152868_EURNZD_21011,10.2,0.0,FULL_STRUCTURED,ai_abstained,ABSTAIN,False,muse,stored,qualitative_dispute_unresolved,True,ABSTAIN,
903871_1789148402_173202328_1789154095_EURNZD_13759,903871,903871_1789148402_173202328,EURNZD,1789154094,OFF,NK,CALL,PREDETERMINED_OUTCOME,python_hard_pre_gate_already_skips_provider,REQUIRED_NEW_DECISION,meaningful_change,identity:python.model_id+python.provider_id|new_candidate|candidate_state:target_source+tp_model|price_drift,903871_1789148402_173202328_1789153480_EURNZD_20116,10.25,0.0,DEGRADED_NON_TRADING,hard_pre_gate,REJECT,False,other,non_full_structured_decision,,False,,
903871_1788983285_8075437_1788983957_EURUSD_30213,903871,903871_1788983285_8075437,EURUSD,1788983956,OFF,NK,CALL,REQUIRED_NEW_DECISION,no_prior_authoritative_decision,REQUIRED_NEW_DECISION,no_prior_authoritative_decision,,,,0.0,FULL_STRUCTURED,ai_rejected,REJECT,False,muse,stored,analyst_reject,False,REJECT,
903871_1788983285_8075437_1788984569_EURUSD_9792,903871,903871_1788983285_8075437,EURUSD,1788984567,OFF,NK,CALL,REQUIRED_NEW_DECISION,meaningful_change,REQUIRED_NEW_DECISION,meaningful_change,candidate_state:obstacle_kind,903871_1788983285_8075437_1788983957_EURUSD_30213,10.183333333333334,0.0,FULL_STRUCTURED,ai_abstained,ABSTAIN,False,muse,stored,analyst_abstain_below_adjudication_floor,False,ABSTAIN,
903871_1788983285_8075437_1788985176_EURUSD_4432,903871,903871_1788983285_8075437,EURUSD,1788985175,OFF,NK,CALL,OTHER_REQUIRED,borderline_prior_requires_fresh_review,OTHER_REQUIRED,borderline_prior_requires_fresh_review,,903871_1788983285_8075437_1788984569_EURUSD_9792,10.133333333333333,0.0,FULL_STRUCTURED,ai_abstained,ABSTAIN,False,muse,stored,analyst_abstain_below_adjudication_floor,False,ABSTAIN,
903871_1788983285_8075437_1788985786_EURUSD_5048,903871,903871_1788983285_8075437,EURUSD,1788985784,OFF,NK,CALL,OTHER_REQUIRED,borderline_prior_requires_fresh_review,OTHER_REQUIRED,borderline_prior_requires_fresh_review,,903871_1788983285_8075437_1788985176_EURUSD_4432,10.15,0.0,FULL_STRUCTURED,ai_abstained,ABSTAIN,False,muse,stored,analyst_abstain_below_adjudication_floor,False,ABSTAIN,
903871_1788983285_8075437_1788986395_EURUSD_24597,903871,903871_1788983285_8075437,EURUSD,1788986394,OFF,NK,CALL,OTHER_REQUIRED,borderline_prior_requires_fresh_review,OTHER_REQUIRED,borderline_prior_requires_fresh_review,,903871_1788983285_8075437_1788985786_EURUSD_5048,10.166666666666666,0.0,FULL_STRUCTURED,ai_abstained,ABSTAIN,False,muse,stored,analyst_abstain_below_adjudication_floor,False,ABSTAIN,
903871_1788983285_8075437_1788987005_EURUSD_24595,903871,903871_1788983285_8075437,EURUSD,1788987004,OFF,NK,CALL,REQUIRED_NEW_DECISION,meaningful_change,REQUIRED_NEW_DECISION,meaningful_change,identity:python.model_id+python.provider_id,903871_1788983285_8075437_1788986395_EURUSD_24597,10.166666666666666,0.0,FULL_STRUCTURED,ai_approved,APPROVE,True,luna,stored,analyst_approve_critic_pass,False,APPROVE,
903871_1788983285_8075437_1788987618_EURUSD_21110,903871,903871_1788983285_8075437,EURUSD,1788987616,OFF,NK,CALL,REQUIRED_NEW_DECISION,prior_decision_approved_never_reused,REQUIRED_NEW_DECISION,prior_decision_approved_never_reused,,903871_1788983285_8075437_1788987005_EURUSD_24595,10.2,0.0,FULL_STRUCTURED,ai_abstained,ABSTAIN,False,muse,stored,analyst_abstain_below_adjudication_floor,False,ABSTAIN,
903871_1788983285_8075437_1788988231_EURUSD_7120,903871,903871_1788983285_8075437,EURUSD,1788988229,OFF,NK,CALL,OTHER_REQUIRED,borderline_prior_requires_fresh_review,OTHER_REQUIRED,borderline_prior_requires_fresh_review,,903871_1788983285_8075437_1788987618_EURUSD_21110,10.216666666666667,0.0,FULL_STRUCTURED,ai_abstained,ABSTAIN,False,muse,stored,analyst_abstain_below_adjudication_floor,False,ABSTAIN,
903871_1788983285_8075437_1788988853_EURUSD_29882,903871,903871_1788983285_8075437,EURUSD,1788988852,OFF,NK,CALL,REQUIRED_NEW_DECISION,meaningful_change,REQUIRED_NEW_DECISION,meaningful_change,new_candidate,903871_1788983285_8075437_1788988231_EURUSD_7120,10.383333333333333,0.0,FULL_STRUCTURED,ai_abstained,ABSTAIN,False,muse,stored,analyst_abstain_below_adjudication_floor,False,ABSTAIN,
903871_1788983285_8075437_1788989465_EURUSD_15830,903871,903871_1788983285_8075437,EURUSD,1788989463,OFF,NK,CALL,REQUIRED_NEW_DECISION,meaningful_change,REQUIRED_NEW_DECISION,meaningful_change,new_candidate,903871_1788983285_8075437_1788988853_EURUSD_29882,10.183333333333334,0.0,FULL_STRUCTURED,ai_abstained,ABSTAIN,False,muse,stored,analyst_abstain_below_adjudication_floor,False,ABSTAIN,
903871_1788983285_8075437_1788990078_EURUSD_26596,903871,903871_1788983285_8075437,EURUSD,1788990077,OFF,NK,CALL,OTHER_REQUIRED,borderline_prior_requires_fresh_review,OTHER_REQUIRED,borderline_prior_requires_fresh_review,,903871_1788983285_8075437_1788989465_EURUSD_15830,10.233333333333333,0.0,FULL_STRUCTURED,ai_abstained,ABSTAIN,False,muse,stored,analyst_abstain_below_adjudication_floor,False,ABSTAIN,
903871_1788983285_8075437_1788990696_EURUSD_7294,903871,903871_1788983285_8075437,EURUSD,1788990695,OFF,NK,CALL,REQUIRED_NEW_DECISION,meaningful_change,REQUIRED_NEW_DECISION,meaningful_change,new_candidate,903871_1788983285_8075437_1788990078_EURUSD_26596,10.3,0.0,FULL_STRUCTURED,ai_abstained,ABSTAIN,False,muse,stored,analyst_abstain_below_adjudication_floor,False,ABSTAIN,
903871_1788983285_8075437_1788991337_EURUSD_25941,903871,903871_1788983285_8075437,EURUSD,1788991336,OFF,NK,CALL,REQUIRED_NEW_DECISION,meaningful_change,REQUIRED_NEW_DECISION,meaningful_change,identity:python.model_id+python.provider_id,903871_1788983285_8075437_1788990696_EURUSD_7294,10.683333333333334,0.0,FULL_STRUCTURED,ai_abstained,ABSTAIN,False,luna,stored,qualitative_dispute_unresolved,True,ABSTAIN,
903871_1788983285_8075437_1788991957_EURUSD_18448,903871,903871_1788983285_8075437,EURUSD,1788991956,OFF,NK,CALL,REQUIRED_NEW_DECISION,meaningful_change,REQUIRED_NEW_DECISION,meaningful_change,identity:python.model_id+python.provider_id|price_drift,903871_1788983285_8075437_1788991337_EURUSD_25941,10.333333333333334,0.0,FULL_STRUCTURED,ai_abstained,ABSTAIN,False,muse,stored,analyst_abstain_below_adjudication_floor,False,ABSTAIN,
903871_1788983285_8075437_1788992574_EURUSD_14770,903871,903871_1788983285_8075437,EURUSD,1788992573,OFF,NK,CALL,REQUIRED_NEW_DECISION,meaningful_change,REQUIRED_NEW_DECISION,meaningful_change,identity:python.model_id+python.provider_id|new_candidate,903871_1788983285_8075437_1788991957_EURUSD_18448,10.283333333333333,0.0,FULL_STRUCTURED,ai_abstained,ABSTAIN,False,luna,stored,qualitative_dispute_unresolved,True,ABSTAIN,
903871_1788983285_8075437_1788993197_EURUSD_13478,903871,903871_1788983285_8075437,EURUSD,1788993196,OFF,NK,CALL,REQUIRED_NEW_DECISION,meaningful_change,REQUIRED_NEW_DECISION,meaningful_change,identity:python.model_id+python.provider_id|new_candidate,903871_1788983285_8075437_1788992574_EURUSD_14770,10.383333333333333,0.0,FULL_STRUCTURED,ai_abstained,ABSTAIN,False,muse,stored,analyst_abstain_below_adjudication_floor,False,ABSTAIN,
903871_1788983285_8075437_1788993839_EURUSD_919,903871,903871_1788983285_8075437,EURUSD,1788993838,OFF,NK,CALL,OTHER_REQUIRED,borderline_prior_requires_fresh_review,OTHER_REQUIRED,borderline_prior_requires_fresh_review,,903871_1788983285_8075437_1788993197_EURUSD_13478,10.7,0.0,FULL_STRUCTURED,ai_abstained,ABSTAIN,False,muse,stored,analyst_abstain_below_adjudication_floor,False,ABSTAIN,
903871_1788983285_8075437_1788994470_EURUSD_6762,903871,903871_1788983285_8075437,EURUSD,1788994470,OFF,NK,CALL,REQUIRED_NEW_DECISION,meaningful_change,REQUIRED_NEW_DECISION,meaningful_change,candidate_state:entry_trigger_phase+fvg_execution_class+fvg_mid_mitigated+fvg_touched|new_candidate,903871_1788983285_8075437_1788993839_EURUSD_919,10.533333333333333,0.0,FULL_STRUCTURED,ai_abstained,ABSTAIN,False,muse,stored,qualitative_dispute_unresolved,True,ABSTAIN,
903871_1788983285_8075437_1788995216_EURUSD_2246,903871,903871_1788983285_8075437,EURUSD,1788995216,NY,K,CALL,SCHEDULED_REVIEW_WITH_MEANINGFUL_CHANGE,meaningful_change,SCHEDULED_REVIEW_WITH_MEANINGFUL_CHANGE,meaningful_change,session_transition|killzone_transition|candidate_state:entry_trigger_phase+fvg_execution_class+fvg_mid_mitigated+fvg_touched|new_candidate,903871_1788983285_8075437_1788994470_EURUSD_6762,12.433333333333334,0.0,FULL_STRUCTURED,ai_abstained,ABSTAIN,False,muse,stored,analyst_abstain_below_adjudication_floor,False,ABSTAIN,
903871_1788983285_8075437_1788995963_EURUSD_8414,903871,903871_1788983285_8075437,EURUSD,1788995963,NY,K,CALL,OTHER_REQUIRED,borderline_prior_requires_fresh_review,OTHER_REQUIRED,borderline_prior_requires_fresh_review,,903871_1788983285_8075437_1788995216_EURUSD_2246,12.45,0.0,FULL_STRUCTURED,ai_abstained,ABSTAIN,False,muse,stored,analyst_abstain_below_adjudication_floor,False,ABSTAIN,
903871_1788999394_24185000_1789002917_EURUSD_15743,903871,903871_1788999394_24185000,EURUSD,1789002916,NY,NK,CALL,SCHEDULED_REVIEW_WITH_MEANINGFUL_CHANGE,meaningful_change,SCHEDULED_REVIEW_WITH_MEANINGFUL_CHANGE,meaningful_change,killzone_transition|candidate_state:fvg_mitigation_state|price_drift|new_candidate,903871_1788983285_8075437_1788995963_EURUSD_8414,115.88333333333334,0.0,FULL_STRUCTURED,ai_abstained,ABSTAIN,False,muse,stored,analyst_abstain_below_adjudication_floor,False,ABSTAIN,
903871_1788999394_24185000_1789004134_EURUSD_2191,903871,903871_1788999394_24185000,EURUSD,1789004133,NY,NK,CALL,SCHEDULED_REVIEW_WITH_MEANINGFUL_CHANGE,meaningful_change,SCHEDULED_REVIEW_WITH_MEANINGFUL_CHANGE,meaningful_change,new_candidate,903871_1788999394_24185000_1789002917_EURUSD_15743,20.283333333333335,0.0,FULL_STRUCTURED,ai_abstained,ABSTAIN,False,muse,stored,analyst_abstain_below_adjudication_floor,False,ABSTAIN,
903871_1788999394_24185000_1789004375_EURUSD_15152,903871,903871_1788999394_24185000,EURUSD,1789004375,NY,NK,CALL,OTHER_REQUIRED,borderline_prior_requires_fresh_review,OTHER_REQUIRED,borderline_prior_requires_fresh_review,,903871_1788999394_24185000_1789004134_EURUSD_2191,4.033333333333333,0.0,FULL_STRUCTURED,ai_rejected,REJECT,False,muse,stored,analyst_reject,False,REJECT,
903871_1788999394_24185000_1789004983_EURUSD_27996,903871,903871_1788999394_24185000,EURUSD,1789004982,NY,NK,CALL,SCHEDULED_REVIEW_WITH_MEANINGFUL_CHANGE,meaningful_change,SCHEDULED_REVIEW_WITH_MEANINGFUL_CHANGE,meaningful_change,candidate_state:target_source+tp_model|price_drift,903871_1788999394_24185000_1789004375_EURUSD_15152,10.116666666666667,0.0,FULL_STRUCTURED,ai_abstained,ABSTAIN,False,muse,stored,analyst_abstain_below_adjudication_floor,False,ABSTAIN,
903871_1788999394_24185000_1789005590_EURUSD_31539,903871,903871_1788999394_24185000,EURUSD,1789005590,NY,NK,CALL,SCHEDULED_REVIEW_WITH_MEANINGFUL_CHANGE,meaningful_change,SCHEDULED_REVIEW_WITH_MEANINGFUL_CHANGE,meaningful_change,identity:python.model_id+python.provider_id|candidate_state:target_source+tp_model|price_drift,903871_1788999394_24185000_1789004983_EURUSD_27996,10.133333333333333,0.0,FULL_STRUCTURED,ai_approved,APPROVE,True,luna,stored,analyst_approve_critic_pass,False,APPROVE,
903871_1788999394_24185000_1789006198_EURUSD_30873,903871,903871_1788999394_24185000,EURUSD,1789006197,NY,NK,CALL,REQUIRED_NEW_DECISION,prior_decision_approved_never_reused,REQUIRED_NEW_DECISION,prior_decision_approved_never_reused,,903871_1788999394_24185000_1789005590_EURUSD_31539,10.116666666666667,0.0,FULL_STRUCTURED,ai_abstained,ABSTAIN,False,muse,stored,qualitative_dispute_unresolved,True,ABSTAIN,
903871_1788999394_24185000_1789006807_EURUSD_10336,903871,903871_1788999394_24185000,EURUSD,1789006807,NY,NK,CALL,OTHER_REQUIRED,borderline_prior_requires_fresh_review,OTHER_REQUIRED,borderline_prior_requires_fresh_review,,903871_1788999394_24185000_1789006198_EURUSD_30873,10.166666666666666,0.0,FULL_STRUCTURED,ai_abstained,ABSTAIN,False,muse,stored,analyst_abstain_below_adjudication_floor,False,ABSTAIN,
903871_1788999394_24185000_1789007417_EURUSD_31666,903871,903871_1788999394_24185000,EURUSD,1789007417,NY,NK,CALL,SCHEDULED_REVIEW_WITH_MEANINGFUL_CHANGE,meaningful_change,SCHEDULED_REVIEW_WITH_MEANINGFUL_CHANGE,meaningful_change,new_candidate,903871_1788999394_24185000_1789006807_EURUSD_10336,10.166666666666666,0.0,FULL_STRUCTURED,ai_approved,APPROVE,True,muse,stored,adjudicator_resolved_qualitative_dispute,True,APPROVE,
903871_1788999394_24185000_1789008027_EURUSD_30203,903871,903871_1788999394_24185000,EURUSD,1789008027,NY,NK,CALL,REQUIRED_NEW_DECISION,prior_decision_approved_never_reused,REQUIRED_NEW_DECISION,prior_decision_approved_never_reused,,903871_1788999394_24185000_1789007417_EURUSD_31666,10.166666666666666,0.0,FULL_STRUCTURED,ai_abstained,ABSTAIN,False,muse,stored,analyst_abstain_below_adjudication_floor,False,ABSTAIN,
903871_1788999394_24185000_1789008639_EURUSD_10835,903871,903871_1788999394_24185000,EURUSD,1789008638,NY,NK,CALL,OTHER_REQUIRED,borderline_prior_requires_fresh_review,OTHER_REQUIRED,borderline_prior_requires_fresh_review,,903871_1788999394_24185000_1789008027_EURUSD_30203,10.183333333333334,0.0,FULL_STRUCTURED,ai_abstained,ABSTAIN,False,muse,stored,analyst_abstain_below_adjudication_floor,False,ABSTAIN,
903871_1788999394_24185000_1789009256_EURUSD_31869,903871,903871_1788999394_24185000,EURUSD,1789009255,ASIA,NK,CALL,REQUIRED_NEW_DECISION,meaningful_change,REQUIRED_NEW_DECISION,meaningful_change,identity:python.model_id+python.provider_id|session_transition|new_candidate,903871_1788999394_24185000_1789008639_EURUSD_10835,10.283333333333333,0.0,FULL_STRUCTURED,ai_abstained,ABSTAIN,False,luna,stored,qualitative_dispute_unresolved,True,ABSTAIN,
903871_1788999394_24185000_1789009894_EURUSD_11851,903871,903871_1788999394_24185000,EURUSD,1789009894,ASIA,NK,CALL,REQUIRED_NEW_DECISION,meaningful_change,REQUIRED_NEW_DECISION,meaningful_change,identity:python.model_id+python.provider_id|new_candidate,903871_1788999394_24185000_1789009256_EURUSD_31869,10.65,0.0,FULL_STRUCTURED,ai_abstained,ABSTAIN,False,muse,stored,analyst_abstain_below_adjudication_floor,False,ABSTAIN,
903871_1788999394_24185000_1789010520_EURUSD_9255,903871,903871_1788999394_24185000,EURUSD,1789010519,ASIA,NK,CALL,REQUIRED_NEW_DECISION,meaningful_change,REQUIRED_NEW_DECISION,meaningful_change,new_candidate,903871_1788999394_24185000_1789009894_EURUSD_11851,10.416666666666666,0.0,FULL_STRUCTURED,ai_abstained,ABSTAIN,False,muse,stored,analyst_abstain_below_adjudication_floor,False,ABSTAIN,
903871_1788999394_24185000_1789011147_EURUSD_19268,903871,903871_1788999394_24185000,EURUSD,1789011146,ASIA,NK,CALL,REQUIRED_NEW_DECISION,meaningful_change,REQUIRED_NEW_DECISION,meaningful_change,candidate_state:entry_trigger_phase+fvg_execution_class+fvg_mid_mitigated+fvg_mitigation_state+fvg_touched|new_candidate,903871_1788999394_24185000_1789010520_EURUSD_9255,10.45,0.0,FULL_STRUCTURED,ai_abstained,ABSTAIN,False,muse,stored,analyst_abstain_below_adjudication_floor,False,ABSTAIN,
903871_1788999394_24185000_1789011821_EURUSD_7088,903871,903871_1788999394_24185000,EURUSD,1789011820,ASIA,NK,CALL,REQUIRED_NEW_DECISION,meaningful_change,REQUIRED_NEW_DECISION,meaningful_change,new_candidate,903871_1788999394_24185000_1789011147_EURUSD_19268,11.233333333333333,0.0,FULL_STRUCTURED,ai_abstained,ABSTAIN,False,muse,stored,analyst_abstain_below_adjudication_floor,False,ABSTAIN,
903871_1788999394_24185000_1789013087_EURUSD_6067,903871,903871_1788999394_24185000,EURUSD,1789013087,ASIA,NK,CALL,REQUIRED_NEW_DECISION,meaningful_change,REQUIRED_NEW_DECISION,meaningful_change,new_candidate,903871_1788999394_24185000_1789011821_EURUSD_7088,21.116666666666667,0.0,FULL_STRUCTURED,ai_abstained,ABSTAIN,False,muse,stored,analyst_abstain_below_adjudication_floor,False,ABSTAIN,
903871_1788999394_24185000_1789013928_EURUSD_21153,903871,903871_1788999394_24185000,EURUSD,1789013927,ASIA,NK,CALL,OTHER_REQUIRED,borderline_prior_requires_fresh_review,OTHER_REQUIRED,borderline_prior_requires_fresh_review,,903871_1788999394_24185000_1789013087_EURUSD_6067,14.0,0.0,FULL_STRUCTURED,ai_abstained,ABSTAIN,False,muse,stored,analyst_abstain_below_adjudication_floor,False,ABSTAIN,
903871_1788999394_24185000_1789014947_EURUSD_28124,903871,903871_1788999394_24185000,EURUSD,1789014947,ASIA,NK,CALL,REQUIRED_NEW_DECISION,meaningful_change,REQUIRED_NEW_DECISION,meaningful_change,new_candidate|candidate_state:entry_trigger_phase+fvg_execution_class+fvg_mid_mitigated+fvg_mitigation_state+fvg_touched,903871_1788999394_24185000_1789013928_EURUSD_21153,17.0,0.0,FULL_STRUCTURED,ai_abstained,ABSTAIN,False,muse,stored,analyst_abstain_below_adjudication_floor,False,ABSTAIN,
903871_1788999394_24185000_1789015836_EURUSD_10328,903871,903871_1788999394_24185000,EURUSD,1789015835,ASIA,NK,CALL,REQUIRED_NEW_DECISION,meaningful_change,REQUIRED_NEW_DECISION,meaningful_change,new_candidate,903871_1788999394_24185000_1789014947_EURUSD_28124,14.8,0.0,FULL_STRUCTURED,ai_abstained,ABSTAIN,False,muse,stored,analyst_abstain_below_adjudication_floor,False,ABSTAIN,
903871_1788999394_24185000_1789016864_EURUSD_11927,903871,903871_1788999394_24185000,EURUSD,1789016863,ASIA,NK,CALL,REQUIRED_NEW_DECISION,meaningful_change,REQUIRED_NEW_DECISION,meaningful_change,new_candidate,903871_1788999394_24185000_1789015836_EURUSD_10328,17.133333333333333,0.0,FULL_STRUCTURED,ai_abstained,ABSTAIN,False,muse,stored,analyst_abstain_below_adjudication_floor,False,ABSTAIN,
903871_1788999394_24185000_1789017796_EURUSD_22815,903871,903871_1788999394_24185000,EURUSD,1789017795,ASIA,NK,CALL,REQUIRED_NEW_DECISION,meaningful_change,REQUIRED_NEW_DECISION,meaningful_change,new_candidate,903871_1788999394_24185000_1789016864_EURUSD_11927,15.533333333333333,0.0,FULL_STRUCTURED,ai_abstained,ABSTAIN,False,muse,stored,analyst_abstain_below_adjudication_floor,False,ABSTAIN,
903871_1788999394_24185000_1789019724_EURUSD_697,903871,903871_1788999394_24185000,EURUSD,1789019723,ASIA,NK,CALL,OTHER_REQUIRED,borderline_prior_requires_fresh_review,OTHER_REQUIRED,borderline_prior_requires_fresh_review,,903871_1788999394_24185000_1789017796_EURUSD_22815,32.13333333333333,0.0,FULL_STRUCTURED,ai_abstained,ABSTAIN,False,muse,stored,analyst_abstain_below_adjudication_floor,False,ABSTAIN,
903871_1788999394_24185000_1789021710_EURUSD_607,903871,903871_1788999394_24185000,EURUSD,1789021709,ASIA,NK,CALL,SCHEDULED_REVIEW_WITH_MEANINGFUL_CHANGE,meaningful_change,SCHEDULED_REVIEW_WITH_MEANINGFUL_CHANGE,meaningful_change,new_candidate,903871_1788999394_24185000_1789019724_EURUSD_697,33.1,0.0,FULL_STRUCTURED,ai_abstained,ABSTAIN,False,muse,stored,analyst_abstain_below_adjudication_floor,False,ABSTAIN,
903871_1788999394_24185000_1789022724_EURUSD_27223,903871,903871_1788999394_24185000,EURUSD,1789022722,ASIA,NK,CALL,REQUIRED_NEW_DECISION,meaningful_change,REQUIRED_NEW_DECISION,meaningful_change,new_candidate,903871_1788999394_24185000_1789021710_EURUSD_607,16.883333333333333,0.0,FULL_STRUCTURED,ai_abstained,ABSTAIN,False,muse,stored,analyst_abstain_below_adjudication_floor,False,ABSTAIN,
903871_1788999394_24185000_1789023692_EURUSD_23364,903871,903871_1788999394_24185000,EURUSD,1789023690,ASIA,NK,CALL,REQUIRED_NEW_DECISION,meaningful_change,REQUIRED_NEW_DECISION,meaningful_change,new_candidate,903871_1788999394_24185000_1789022724_EURUSD_27223,16.133333333333333,0.0,FULL_STRUCTURED,ai_abstained,ABSTAIN,False,muse,stored,analyst_abstain_below_adjudication_floor,False,ABSTAIN,
903871_1788999394_24185000_1789024711_EURUSD_30728,903871,903871_1788999394_24185000,EURUSD,1789024710,ASIA,NK,CALL,REQUIRED_NEW_DECISION,meaningful_change,REQUIRED_NEW_DECISION,meaningful_change,new_candidate|candidate_state:target_source+tp_model,903871_1788999394_24185000_1789023692_EURUSD_23364,17.0,0.0,FULL_STRUCTURED,ai_abstained,ABSTAIN,False,muse,stored,analyst_abstain_below_adjudication_floor,False,ABSTAIN,
903871_1788999394_24185000_1789025693_EURUSD_18854,903871,903871_1788999394_24185000,EURUSD,1789025692,ASIA,NK,CALL,REQUIRED_NEW_DECISION,meaningful_change,REQUIRED_NEW_DECISION,meaningful_change,new_candidate,903871_1788999394_24185000_1789024711_EURUSD_30728,16.366666666666667,0.0,FULL_STRUCTURED,ai_abstained,ABSTAIN,False,muse,stored,analyst_abstain_below_adjudication_floor,False,ABSTAIN,
903871_1788999394_24185000_1789026849_EURUSD_16052,903871,903871_1788999394_24185000,EURUSD,1789026848,ASIA,NK,CALL,REQUIRED_NEW_DECISION,meaningful_change,REQUIRED_NEW_DECISION,meaningful_change,new_candidate,903871_1788999394_24185000_1789025693_EURUSD_18854,19.266666666666666,0.0,FULL_STRUCTURED,ai_abstained,ABSTAIN,False,muse,stored,analyst_abstain_below_adjudication_floor,False,ABSTAIN,
903871_1788999394_24185000_1789027883_EURUSD_25532,903871,903871_1788999394_24185000,EURUSD,1789027882,ASIA,NK,CALL,REQUIRED_NEW_DECISION,meaningful_change,REQUIRED_NEW_DECISION,meaningful_change,new_candidate|candidate_state:target_source+tp_model,903871_1788999394_24185000_1789026849_EURUSD_16052,17.233333333333334,0.0,FULL_STRUCTURED,ai_abstained,ABSTAIN,False,muse,stored,analyst_abstain_below_adjudication_floor,False,ABSTAIN,
903871_1788999394_24185000_1789028921_EURUSD_509,903871,903871_1788999394_24185000,EURUSD,1789028919,ASIA,NK,CALL,REQUIRED_NEW_DECISION,meaningful_change,REQUIRED_NEW_DECISION,meaningful_change,new_candidate|candidate_state:target_source+tp_model,903871_1788999394_24185000_1789027883_EURUSD_25532,17.283333333333335,0.0,FULL_STRUCTURED,ai_abstained,ABSTAIN,False,muse,stored,analyst_abstain_below_adjudication_floor,False,ABSTAIN,
903871_1788999394_24185000_1789029979_EURUSD_32191,903871,903871_1788999394_24185000,EURUSD,1789029977,ASIA,NK,CALL,REQUIRED_NEW_DECISION,meaningful_change,REQUIRED_NEW_DECISION,meaningful_change,identity:python.model_id+python.provider_id|new_candidate|candidate_state:target_source+tp_model,903871_1788999394_24185000_1789028921_EURUSD_509,17.633333333333333,0.0,FULL_STRUCTURED,ai_approved,APPROVE,True,luna,stored,analyst_approve_critic_pass,False,APPROVE,
903871_1788999394_24185000_1789031053_EURUSD_31581,903871,903871_1788999394_24185000,EURUSD,1789031052,ASIA,NK,CALL,REQUIRED_NEW_DECISION,prior_decision_approved_never_reused,REQUIRED_NEW_DECISION,prior_decision_approved_never_reused,,903871_1788999394_24185000_1789029979_EURUSD_32191,17.916666666666668,0.0,FULL_STRUCTURED,ai_abstained,ABSTAIN,False,muse,stored,analyst_abstain_below_adjudication_floor,False,ABSTAIN,
903871_1788999394_24185000_1789032083_EURUSD_10685,903871,903871_1788999394_24185000,EURUSD,1789032082,ASIA,NK,CALL,OTHER_REQUIRED,borderline_prior_requires_fresh_review,OTHER_REQUIRED,borderline_prior_requires_fresh_review,,903871_1788999394_24185000_1789031053_EURUSD_31581,17.166666666666668,0.0,FULL_STRUCTURED,ai_abstained,ABSTAIN,False,muse,stored,qualitative_dispute_unresolved,True,ABSTAIN,
903871_1788999394_24185000_1789033279_EURUSD_22003,903871,903871_1788999394_24185000,EURUSD,1789033278,ASIA,NK,CALL,OTHER_REQUIRED,borderline_prior_requires_fresh_review,OTHER_REQUIRED,borderline_prior_requires_fresh_review,,903871_1788999394_24185000_1789032083_EURUSD_10685,19.933333333333334,0.0,FULL_STRUCTURED,ai_abstained,ABSTAIN,False,muse,stored,analyst_abstain_below_adjudication_floor,False,ABSTAIN,
903871_1788999394_24185000_1789034279_EURUSD_12309,903871,903871_1788999394_24185000,EURUSD,1789034278,ASIA,NK,REUSE,UNCHANGED_STATE,unchanged_decisive_non_approval_within_ttl,UNCHANGED_STATE,unchanged_decisive_non_approval_within_ttl,,903871_1788999394_24185000_1789033279_EURUSD_22003,16.666666666666668,30.0,FULL_STRUCTURED,ai_rejected,REJECT,False,muse,,analyst_reject,False,REJECT,
903871_1788999394_24185000_1789036512_EURUSD_14615,903871,903871_1788999394_24185000,EURUSD,1789036510,ASIA,NK,CALL,SCHEDULED_REVIEW_WITH_MEANINGFUL_CHANGE,meaningful_change,SCHEDULED_REVIEW_WITH_MEANINGFUL_CHANGE,meaningful_change,new_candidate,903871_1788999394_24185000_1789033279_EURUSD_22003,53.86666666666667,0.0,FULL_STRUCTURED,ai_abstained,ABSTAIN,False,muse,stored,qualitative_dispute_unresolved,True,ABSTAIN,
903871_1788999394_24185000_1789037774_EURUSD_24725,903871,903871_1788999394_24185000,EURUSD,1789037774,ASIA,NK,CALL,REQUIRED_NEW_DECISION,meaningful_change,REQUIRED_NEW_DECISION,meaningful_change,candidate_state:target_source+tp_model,903871_1788999394_24185000_1789036512_EURUSD_14615,21.066666666666666,0.0,FULL_STRUCTURED,ai_approved,APPROVE,True,muse,stored,analyst_approve_critic_pass,False,APPROVE,
903871_1788999394_24185000_1789061214_EURUSD_18338,903871,903871_1788999394_24185000,EURUSD,1789061213,LON,NK,CALL,REQUIRED_NEW_DECISION,prior_decision_approved_never_reused,REQUIRED_NEW_DECISION,prior_decision_approved_never_reused,,903871_1788999394_24185000_1789037774_EURUSD_24725,390.65,0.0,FULL_STRUCTURED,ai_abstained,ABSTAIN,False,muse,stored,analyst_abstain_below_adjudication_floor,False,ABSTAIN,
903871_1788999394_24185000_1789062466_EURUSD_7899,903871,903871_1788999394_24185000,EURUSD,1789062465,LON,NK,CALL,SCHEDULED_REVIEW_WITH_MEANINGFUL_CHANGE,meaningful_change,SCHEDULED_REVIEW_WITH_MEANINGFUL_CHANGE,meaningful_change,new_candidate,903871_1788999394_24185000_1789061214_EURUSD_18338,20.866666666666667,0.0,FULL_STRUCTURED,ai_abstained,ABSTAIN,False,muse,stored,analyst_abstain_below_adjudication_floor,False,ABSTAIN,
903871_1789062748_87542921_1789063912_EURUSD_17429,903871,903871_1789062748_87542921,EURUSD,1789063911,LON,NK,CALL,SCHEDULED_REVIEW_WITH_MEANINGFUL_CHANGE,meaningful_change,SCHEDULED_REVIEW_WITH_MEANINGFUL_CHANGE,meaningful_change,request_state:po3.context_tier+po3.developing_bos+po3.has_bos+po3.htf_bos+po3.liquidity_kind+po3.po3_state+po3.structure_type+po3.t_bos+po3.t_disp+po3.t_sweep|new_candidate,903871_1788999394_24185000_1789062466_EURUSD_7899,24.1,0.0,FULL_STRUCTURED,ai_abstained,ABSTAIN,False,muse,stored,analyst_abstain_below_adjudication_floor,False,ABSTAIN,
903871_1789062748_87542921_1789064597_EURUSD_1275,903871,903871_1789062748_87542921,EURUSD,1789064595,LON,NK,CALL,REQUIRED_NEW_DECISION,meaningful_change,REQUIRED_NEW_DECISION,meaningful_change,candidate_state:target_source+tp_model|new_candidate,903871_1789062748_87542921_1789063912_EURUSD_17429,11.4,0.0,FULL_STRUCTURED,ai_abstained,ABSTAIN,False,muse,stored,analyst_abstain_below_adjudication_floor,False,ABSTAIN,
903871_1789062748_87542921_1789065450_EURUSD_7774,903871,903871_1789062748_87542921,EURUSD,1789065449,LON,NK,CALL,REQUIRED_NEW_DECISION,meaningful_change,REQUIRED_NEW_DECISION,meaningful_change,new_candidate,903871_1789062748_87542921_1789064597_EURUSD_1275,14.233333333333333,0.0,FULL_STRUCTURED,ai_abstained,ABSTAIN,False,muse,stored,analyst_abstain_below_adjudication_floor,False,ABSTAIN,
903871_1789062748_87542921_1789066789_EURUSD_20860,903871,903871_1789062748_87542921,EURUSD,1789066788,LON,NK,CALL,OTHER_REQUIRED,decisive_prior_ttl_expired,OTHER_REQUIRED,decisive_prior_ttl_expired,,903871_1789062748_87542921_1789065450_EURUSD_7774,22.316666666666666,15.0,FULL_STRUCTURED,ai_abstained,ABSTAIN,False,muse,stored,analyst_abstain_below_adjudication_floor,False,ABSTAIN,
903871_1789062748_87542921_1789071381_EURUSD_23318,903871,903871_1789062748_87542921,EURUSD,1789071379,OFF,NK,CALL,SCHEDULED_REVIEW_WITH_MEANINGFUL_CHANGE,meaningful_change,SCHEDULED_REVIEW_WITH_MEANINGFUL_CHANGE,meaningful_change,session_transition|new_candidate|regime_label,903871_1789062748_87542921_1789066789_EURUSD_20860,76.51666666666667,0.0,FULL_STRUCTURED,ai_abstained,ABSTAIN,False,muse,stored,analyst_abstain_below_adjudication_floor,False,ABSTAIN,
903871_1789062748_87542921_1789073294_EURUSD_24969,903871,903871_1789062748_87542921,EURUSD,1789073293,OFF,NK,CALL,SCHEDULED_REVIEW_WITH_MEANINGFUL_CHANGE,meaningful_change,SCHEDULED_REVIEW_WITH_MEANINGFUL_CHANGE,meaningful_change,new_candidate,903871_1789062748_87542921_1789071381_EURUSD_23318,31.9,0.0,FULL_STRUCTURED,ai_abstained,ABSTAIN,False,muse,stored,analyst_abstain_below_adjudication_floor,False,ABSTAIN,
903871_1789062748_87542921_1789074818_EURUSD_28748,903871,903871_1789062748_87542921,EURUSD,1789074817,OFF,NK,CALL,REQUIRED_NEW_DECISION,meaningful_change,REQUIRED_NEW_DECISION,meaningful_change,candidate_state:target_source+tp_model,903871_1789062748_87542921_1789073294_EURUSD_24969,25.4,0.0,FULL_STRUCTURED,ai_rejected,REJECT,False,muse,stored,analyst_reject,False,REJECT,
903871_1789062748_87542921_1789076820_EURUSD_20487,903871,903871_1789062748_87542921,EURUSD,1789076818,OFF,NK,CALL,SCHEDULED_REVIEW_WITH_MEANINGFUL_CHANGE,meaningful_change,SCHEDULED_REVIEW_WITH_MEANINGFUL_CHANGE,meaningful_change,candidate_state:target_source+tp_model,903871_1789062748_87542921_1789074818_EURUSD_28748,33.35,0.0,FULL_STRUCTURED,ai_abstained,ABSTAIN,False,muse,stored,analyst_abstain_below_adjudication_floor,False,ABSTAIN,
903871_1789062748_87542921_1789077957_EURUSD_17422,903871,903871_1789062748_87542921,EURUSD,1789077956,OFF,NK,REUSE,UNCHANGED_STATE,unchanged_decisive_non_approval_within_ttl,UNCHANGED_STATE,unchanged_decisive_non_approval_within_ttl,,903871_1789062748_87542921_1789076820_EURUSD_20487,18.966666666666665,30.0,FULL_STRUCTURED,ai_abstained,ABSTAIN,False,muse,,analyst_abstain_below_adjudication_floor,False,ABSTAIN,
903871_1789062748_87542921_1789078797_EURUSD_2541,903871,903871_1789062748_87542921,EURUSD,1789078796,OFF,NK,CALL,SCHEDULED_REVIEW_WITH_MEANINGFUL_CHANGE,meaningful_change,SCHEDULED_REVIEW_WITH_MEANINGFUL_CHANGE,meaningful_change,candidate_state:entry_trigger_phase+fvg_execution_class+fvg_mitigation_state+fvg_touched+target_source+tp_model,903871_1789062748_87542921_1789076820_EURUSD_20487,32.96666666666667,0.0,FULL_STRUCTURED,ai_abstained,ABSTAIN,False,muse,stored,analyst_abstain_below_adjudication_floor,False,ABSTAIN,
903871_1789062748_87542921_1789079710_EURUSD_217,903871,903871_1789062748_87542921,EURUSD,1789079708,OFF,NK,CALL,REQUIRED_NEW_DECISION,meaningful_change,REQUIRED_NEW_DECISION,meaningful_change,candidate_state:target_source+tp_model,903871_1789062748_87542921_1789078797_EURUSD_2541,15.2,0.0,FULL_STRUCTURED,ai_rejected,REJECT,False,muse,stored,analyst_reject,False,REJECT,
903871_1789062748_87542921_1789080766_EURUSD_9574,903871,903871_1789062748_87542921,EURUSD,1789080765,OFF,NK,CALL,REQUIRED_NEW_DECISION,meaningful_change,REQUIRED_NEW_DECISION,meaningful_change,candidate_state:target_source+tp_model,903871_1789062748_87542921_1789079710_EURUSD_217,17.616666666666667,0.0,FULL_STRUCTURED,ai_abstained,ABSTAIN,False,muse,stored,analyst_abstain_below_adjudication_floor,False,ABSTAIN,
903871_1789062748_87542921_1789082584_EURUSD_657,903871,903871_1789062748_87542921,EURUSD,1789082583,NY,K,CALL,SCHEDULED_REVIEW_WITH_MEANINGFUL_CHANGE,meaningful_change,SCHEDULED_REVIEW_WITH_MEANINGFUL_CHANGE,meaningful_change,identity:python.model_id+python.provider_id|session_transition|killzone_transition|request_state:is_buy+po3.developing_bos+po3.has_sweep+po3.liquidity_kind+po3.ltf_bos+po3.ltf_choch+po3.ltf_mss+po3.structure_type+po3.sweep_side+po3.t_disp+po3.t_sweep|new_candidate|candidate_state:target_source+tp_model,903871_1789062748_87542921_1789080766_EURUSD_9574,30.3,0.0,DEGRADED_NON_TRADING,structured_response_invalid,REJECT,False,other,non_full_structured_decision,,False,,
903871_1789062748_87542921_1789083532_EURUSD_31859,903871,903871_1789062748_87542921,EURUSD,1789083531,NY,K,CALL,UNKNOWN,no_archived_decision,SCHEDULED_REVIEW_WITH_MEANINGFUL_CHANGE,meaningful_change,identity:python.model_id+python.provider_id|session_transition|killzone_transition|request_state:is_buy+po3.developing_bos+po3.has_sweep+po3.liquidity_kind+po3.ltf_bos+po3.ltf_choch+po3.ltf_mss+po3.structure_type+po3.sweep_side+po3.t_disp+po3.t_sweep|new_candidate|candidate_state:fvg_execution_class+fvg_mid_mitigated+fvg_mitigation_state+target_source+tp_model,903871_1789062748_87542921_1789080766_EURUSD_9574,46.1,0.0,,,,False,unknown,,,False,,
903871_1789062748_87542921_1789089325_EURUSD_21509,903871,903871_1789062748_87542921,EURUSD,1789089324,NY,NK,CALL,UNKNOWN,no_archived_decision,SCHEDULED_REVIEW_WITH_MEANINGFUL_CHANGE,meaningful_change,identity:python.model_id+python.provider_id|session_transition|request_state:po3.liquidity_kind|candidate_state:fvg_execution_class+fvg_mid_mitigated+fvg_mitigation_state|candidate_state:fvg_execution_class+fvg_mid_mitigated+fvg_mitigation_state+target_source+tp_model,903871_1789062748_87542921_1789080766_EURUSD_9574,142.65,0.0,,,,False,unknown,,,False,,
903871_1789062748_87542921_1789090539_EURUSD_18952,903871,903871_1789062748_87542921,EURUSD,1789090538,NY,NK,CALL,UNKNOWN,no_archived_decision,SCHEDULED_REVIEW_WITH_MEANINGFUL_CHANGE,meaningful_change,identity:python.model_id+python.provider_id|session_transition|request_state:po3.liquidity_kind|candidate_state:fvg_execution_class+fvg_mid_mitigated+fvg_mitigation_state+target_source+tp_model|price_drift,903871_1789062748_87542921_1789080766_EURUSD_9574,162.88333333333333,0.0,,,,False,unknown,,,False,,
903871_1789062748_87542921_1789091752_EURUSD_8928,903871,903871_1789062748_87542921,EURUSD,1789091751,NY,NK,CALL,UNKNOWN,no_archived_decision,SCHEDULED_REVIEW_WITH_MEANINGFUL_CHANGE,meaningful_change,identity:python.model_id+python.provider_id|session_transition|request_state:po3.liquidity_kind|candidate_state:fvg_execution_class+fvg_mid_mitigated+fvg_mitigation_state+target_source+tp_model,903871_1789062748_87542921_1789080766_EURUSD_9574,183.1,0.0,,,,False,unknown,,,False,,
903871_1789062748_87542921_1789092967_EURUSD_3793,903871,903871_1789062748_87542921,EURUSD,1789092966,NY,NK,CALL,SCHEDULED_REVIEW_WITH_MEANINGFUL_CHANGE,meaningful_change,SCHEDULED_REVIEW_WITH_MEANINGFUL_CHANGE,meaningful_change,identity:python.model_id+python.provider_id|session_transition|request_state:po3.liquidity_kind|candidate_state:fvg_execution_class+fvg_mid_mitigated+fvg_mitigation_state+target_source+tp_model|price_drift,903871_1789062748_87542921_1789080766_EURUSD_9574,203.35,0.0,DEGRADED_NON_TRADING,provider_deadline_exceeded,REJECT,False,other,non_full_structured_decision,,False,,
903871_1789093630_118426656_1789094249_EURUSD_8439,903871,903871_1789093630_118426656,EURUSD,1789094248,NY,NK,CALL,SCHEDULED_REVIEW_WITH_MEANINGFUL_CHANGE,meaningful_change,SCHEDULED_REVIEW_WITH_MEANINGFUL_CHANGE,meaningful_change,session_transition|request_state:po3.liquidity_kind|candidate_state:fvg_execution_class+fvg_mid_mitigated+fvg_mitigation_state+target_source+tp_model,903871_1789062748_87542921_1789080766_EURUSD_9574,224.71666666666667,0.0,FULL_STRUCTURED,ai_abstained,ABSTAIN,False,muse,stored,analyst_abstain_below_adjudication_floor,False,ABSTAIN,
903871_1789093630_118426656_1789094856_EURUSD_27132,903871,903871_1789093630_118426656,EURUSD,1789094855,NY,NK,CALL,SCHEDULED_REVIEW_WITH_MEANINGFUL_CHANGE,meaningful_change,SCHEDULED_REVIEW_WITH_MEANINGFUL_CHANGE,meaningful_change,candidate_state:target_source+tp_model|price_drift,903871_1789093630_118426656_1789094249_EURUSD_8439,10.116666666666667,0.0,FULL_STRUCTURED,ai_abstained,ABSTAIN,False,muse,stored,analyst_abstain_below_adjudication_floor,False,ABSTAIN,
903871_1789093630_118426656_1789095464_EURUSD_24315,903871,903871_1789093630_118426656,EURUSD,1789095462,NY,NK,CALL,OTHER_REQUIRED,decisive_prior_ttl_expired,OTHER_REQUIRED,decisive_prior_ttl_expired,,903871_1789093630_118426656_1789094856_EURUSD_27132,10.116666666666667,7.0,FULL_STRUCTURED,ai_abstained,ABSTAIN,False,muse,stored,analyst_abstain_below_adjudication_floor,False,ABSTAIN,
903871_1789093630_118426656_1789096071_EURUSD_6953,903871,903871_1789093630_118426656,EURUSD,1789096070,ASIA,NK,CALL,REQUIRED_NEW_DECISION,meaningful_change,REQUIRED_NEW_DECISION,meaningful_change,session_transition,903871_1789093630_118426656_1789095464_EURUSD_24315,10.133333333333333,0.0,FULL_STRUCTURED,ai_rejected,REJECT,False,muse,stored,analyst_reject,False,REJECT,
903871_1789093630_118426656_1789096683_EURUSD_19286,903871,903871_1789093630_118426656,EURUSD,1789096682,ASIA,NK,CALL,REQUIRED_NEW_DECISION,meaningful_change,REQUIRED_NEW_DECISION,meaningful_change,identity:python.model_id+python.provider_id,903871_1789093630_118426656_1789096071_EURUSD_6953,10.2,0.0,FULL_STRUCTURED,ai_abstained,ABSTAIN,False,luna,stored,qualitative_dispute_unresolved,True,ABSTAIN,
903871_1789093630_118426656_1789097294_EURUSD_29578,903871,903871_1789093630_118426656,EURUSD,1789097293,ASIA,NK,CALL,REQUIRED_NEW_DECISION,meaningful_change,REQUIRED_NEW_DECISION,meaningful_change,identity:python.model_id+python.provider_id|candidate_state:target_source+tp_model,903871_1789093630_118426656_1789096683_EURUSD_19286,10.183333333333334,0.0,FULL_STRUCTURED,ai_abstained,ABSTAIN,False,muse,stored,analyst_abstain_below_adjudication_floor,False,ABSTAIN,
903871_1789093630_118426656_1789097903_EURUSD_3582,903871,903871_1789093630_118426656,EURUSD,1789097902,ASIA,NK,CALL,REQUIRED_NEW_DECISION,meaningful_change,REQUIRED_NEW_DECISION,meaningful_change,candidate_state:target_source+tp_model,903871_1789093630_118426656_1789097294_EURUSD_29578,10.15,0.0,FULL_STRUCTURED,ai_abstained,ABSTAIN,False,muse,stored,analyst_abstain_below_adjudication_floor,False,ABSTAIN,
903871_1789093630_118426656_1789098514_EURUSD_9543,903871,903871_1789093630_118426656,EURUSD,1789098513,ASIA,NK,CALL,PREDETERMINED_OUTCOME,python_hard_pre_gate_already_skips_provider,REQUIRED_NEW_DECISION,meaningful_change,identity:python.model_id+python.provider_id|candidate_state:target_source+tp_model|price_drift,903871_1789093630_118426656_1789097903_EURUSD_3582,10.183333333333334,0.0,DEGRADED_NON_TRADING,hard_pre_gate,REJECT,False,other,non_full_structured_decision,,False,,
903871_1789093630_118426656_1789099124_EURUSD_29133,903871,903871_1789093630_118426656,EURUSD,1789099123,ASIA,NK,REUSE,UNCHANGED_STATE,unchanged_decisive_non_approval_within_ttl,UNCHANGED_STATE,unchanged_decisive_non_approval_within_ttl,,903871_1789093630_118426656_1789097903_EURUSD_3582,20.35,30.0,FULL_STRUCTURED,ai_abstained,ABSTAIN,False,muse,,analyst_abstain_below_adjudication_floor,False,ABSTAIN,
903871_1789093630_118426656_1789099738_EURUSD_596,903871,903871_1789093630_118426656,EURUSD,1789099737,ASIA,NK,CALL,OTHER_REQUIRED,decisive_prior_ttl_expired,OTHER_REQUIRED,decisive_prior_ttl_expired,,903871_1789093630_118426656_1789097903_EURUSD_3582,30.583333333333332,30.0,FULL_STRUCTURED,ai_abstained,ABSTAIN,False,muse,stored,analyst_abstain_below_adjudication_floor,False,ABSTAIN,
903871_1789093630_118426656_1789100353_EURUSD_5499,903871,903871_1789093630_118426656,EURUSD,1789100352,ASIA,NK,CALL,REQUIRED_NEW_DECISION,meaningful_change,REQUIRED_NEW_DECISION,meaningful_change,request_state:po3.developing_bos+po3.has_sweep+po3.liquidity_kind+po3.ltf_bos+po3.ltf_choch+po3.ltf_mss+po3.structure_type+po3.sweep_side+po3.t_disp+po3.t_sweep|new_candidate|candidate_state:target_source+tp_model|price_drift,903871_1789093630_118426656_1789099738_EURUSD_596,10.25,0.0,FULL_STRUCTURED,ai_abstained,ABSTAIN,False,muse,stored,analyst_abstain_below_adjudication_floor,False,ABSTAIN,
903871_1789093630_118426656_1789100962_EURUSD_32680,903871,903871_1789093630_118426656,EURUSD,1789100961,ASIA,NK,CALL,REQUIRED_NEW_DECISION,meaningful_change,REQUIRED_NEW_DECISION,meaningful_change,identity:python.model_id+python.provider_id,903871_1789093630_118426656_1789100353_EURUSD_5499,10.15,0.0,FULL_STRUCTURED,ai_abstained,ABSTAIN,False,luna,stored,qualitative_dispute_unresolved,True,ABSTAIN,
903871_1789093630_118426656_1789101580_EURUSD_24471,903871,903871_1789093630_118426656,EURUSD,1789101579,ASIA,NK,CALL,REQUIRED_NEW_DECISION,meaningful_change,REQUIRED_NEW_DECISION,meaningful_change,identity:python.model_id+python.provider_id,903871_1789093630_118426656_1789100962_EURUSD_32680,10.3,0.0,FULL_STRUCTURED,ai_abstained,ABSTAIN,False,muse,stored,analyst_abstain_below_adjudication_floor,False,ABSTAIN,
903871_1789093630_118426656_1789102197_EURUSD_9826,903871,903871_1789093630_118426656,EURUSD,1789102196,ASIA,NK,CALL,REQUIRED_NEW_DECISION,meaningful_change,REQUIRED_NEW_DECISION,meaningful_change,request_state:po3.developing_bos+po3.has_sweep+po3.liquidity_kind+po3.ltf_bos+po3.ltf_choch+po3.ltf_mss+po3.structure_type+po3.sweep_side+po3.t_disp+po3.t_sweep|new_candidate,903871_1789093630_118426656_1789101580_EURUSD_24471,10.283333333333333,0.0,FULL_STRUCTURED,ai_rejected,REJECT,False,muse,stored,analyst_reject,False,REJECT,
903871_1789093630_118426656_1789103435_EURUSD_15852,903871,903871_1789093630_118426656,EURUSD,1789103434,ASIA,NK,REUSE,UNCHANGED_STATE,unchanged_decisive_non_approval_within_ttl,UNCHANGED_STATE,unchanged_decisive_non_approval_within_ttl,,903871_1789093630_118426656_1789102197_EURUSD_9826,20.633333333333333,30.0,FULL_STRUCTURED,ai_abstained,ABSTAIN,False,muse,,analyst_abstain_below_adjudication_floor,False,ABSTAIN,
903871_1789093630_118426656_1789104089_EURUSD_6178,903871,903871_1789093630_118426656,EURUSD,1789104088,ASIA,NK,CALL,SCHEDULED_REVIEW_WITH_MEANINGFUL_CHANGE,meaningful_change,SCHEDULED_REVIEW_WITH_MEANINGFUL_CHANGE,meaningful_change,candidate_state:target_source+tp_model,903871_1789093630_118426656_1789102197_EURUSD_9826,31.533333333333335,0.0,FULL_STRUCTURED,ai_abstained,ABSTAIN,False,muse,stored,analyst_abstain_below_adjudication_floor,False,ABSTAIN,
903871_1789093630_118426656_1789104772_EURUSD_22981,903871,903871_1789093630_118426656,EURUSD,1789104770,ASIA,NK,CALL,REQUIRED_NEW_DECISION,meaningful_change,REQUIRED_NEW_DECISION,meaningful_change,candidate_state:target_source+tp_model,903871_1789093630_118426656_1789104089_EURUSD_6178,11.366666666666667,0.0,FULL_STRUCTURED,ai_rejected,REJECT,False,muse,stored,analyst_reject,False,REJECT,
903871_1789093630_118426656_1789106175_EURUSD_3568,903871,903871_1789093630_118426656,EURUSD,1789106174,ASIA,NK,CALL,REQUIRED_NEW_DECISION,meaningful_change,REQUIRED_NEW_DECISION,meaningful_change,identity:python.model_id+python.provider_id|request_state:is_buy+po3.developing_bos+po3.has_sweep+po3.liquidity_kind+po3.ltf_bos+po3.ltf_choch+po3.ltf_mss+po3.structure_type+po3.sweep_side+po3.t_disp+po3.t_sweep|new_candidate|candidate_state:target_source+tp_model,903871_1789093630_118426656_1789104772_EURUSD_22981,23.4,0.0,DEGRADED_NON_TRADING,structured_response_invalid,REJECT,False,other,non_full_structured_decision,,False,,
903871_1789093630_118426656_1789106971_EURUSD_1390,903871,903871_1789093630_118426656,EURUSD,1789106970,ASIA,NK,CALL,SCHEDULED_REVIEW_WITH_MEANINGFUL_CHANGE,meaningful_change,SCHEDULED_REVIEW_WITH_MEANINGFUL_CHANGE,meaningful_change,identity:python.model_id+python.provider_id|request_state:is_buy+po3.developing_bos+po3.has_sweep+po3.liquidity_kind+po3.ltf_bos+po3.ltf_choch+po3.ltf_mss+po3.structure_type+po3.sweep_side+po3.t_disp+po3.t_sweep|new_candidate|candidate_state:target_source+tp_model,903871_1789093630_118426656_1789104772_EURUSD_22981,36.666666666666664,0.0,DEGRADED_NON_TRADING,structured_response_invalid,REJECT,False,other,non_full_structured_decision,,False,,
903871_1789148402_173202328_1789148584_EURUSD_30219,903871,903871_1789148402_173202328,EURUSD,1789148583,LON,NK,CALL,SCHEDULED_REVIEW_WITH_MEANINGFUL_CHANGE,meaningful_change,SCHEDULED_REVIEW_WITH_MEANINGFUL_CHANGE,meaningful_change,identity:runtime_input_hash|session_transition|request_state:po3.developing_bos+po3.has_sweep+po3.liquidity_kind+po3.ltf_bos+po3.ltf_choch+po3.ltf_mss+po3.structure_type+po3.sweep_side+po3.t_disp+po3.t_sweep|new_candidate,903871_1789093630_118426656_1789104772_EURUSD_22981,730.2166666666667,0.0,FULL_STRUCTURED,ai_abstained,ABSTAIN,False,muse,stored,analyst_abstain_below_adjudication_floor,False,ABSTAIN,
903871_1789148402_173202328_1789149809_EURUSD_631,903871,903871_1789148402_173202328,EURUSD,1789149808,LON,NK,CALL,PREDETERMINED_OUTCOME,python_hard_pre_gate_already_skips_provider,SCHEDULED_REVIEW_WITH_MEANINGFUL_CHANGE,meaningful_change,identity:python.model_id+python.provider_id|request_state:po3.context_tier+po3.has_bos+po3.has_sweep+po3.htf_bos+po3.htf_choch+po3.htf_mss+po3.liquidity_kind+po3.ltf_bos+po3.po3_state+po3.structure_type+po3.sweep_side+po3.t_bos+po3.t_disp+po3.t_sweep|new_candidate,903871_1789148402_173202328_1789148584_EURUSD_30219,20.416666666666668,0.0,DEGRADED_NON_TRADING,hard_pre_gate,REJECT,False,other,non_full_structured_decision,,False,,
903871_1789148402_173202328_1789150419_EURUSD_16993,903871,903871_1789148402_173202328,EURUSD,1789150418,LON,NK,CALL,PREDETERMINED_OUTCOME,python_hard_pre_gate_already_skips_provider,SCHEDULED_REVIEW_WITH_MEANINGFUL_CHANGE,meaningful_change,identity:python.model_id+python.provider_id|request_state:po3.context_tier+po3.has_bos+po3.has_sweep+po3.htf_bos+po3.htf_choch+po3.htf_mss+po3.liquidity_kind+po3.ltf_bos+po3.po3_state+po3.structure_type+po3.sweep_side+po3.t_bos+po3.t_disp+po3.t_sweep|new_candidate,903871_1789148402_173202328_1789148584_EURUSD_30219,30.583333333333332,0.0,DEGRADED_NON_TRADING,hard_pre_gate,REJECT,False,other,non_full_structured_decision,,False,,
903871_1789148402_173202328_1789151032_EURUSD_439,903871,903871_1789148402_173202328,EURUSD,1789151031,LON,NK,CALL,PREDETERMINED_OUTCOME,python_hard_pre_gate_already_skips_provider,SCHEDULED_REVIEW_WITH_MEANINGFUL_CHANGE,meaningful_change,identity:python.model_id+python.provider_id|request_state:po3.context_tier+po3.has_bos+po3.has_sweep+po3.htf_bos+po3.htf_choch+po3.htf_mss+po3.liquidity_kind+po3.ltf_bos+po3.po3_state+po3.structure_type+po3.sweep_side+po3.t_bos+po3.t_disp+po3.t_sweep|new_candidate,903871_1789148402_173202328_1789148584_EURUSD_30219,40.8,0.0,DEGRADED_NON_TRADING,hard_pre_gate,REJECT,False,other,non_full_structured_decision,,False,,
903871_1789148402_173202328_1789151643_EURUSD_2707,903871,903871_1789148402_173202328,EURUSD,1789151642,LON,NK,CALL,PREDETERMINED_OUTCOME,python_hard_pre_gate_already_skips_provider,SCHEDULED_REVIEW_WITH_MEANINGFUL_CHANGE,meaningful_change,identity:python.model_id+python.provider_id|request_state:po3.context_tier+po3.has_bos+po3.has_sweep+po3.htf_bos+po3.htf_choch+po3.htf_mss+po3.liquidity_kind+po3.ltf_bos+po3.po3_state+po3.structure_type+po3.sweep_side+po3.t_bos+po3.t_disp+po3.t_sweep|new_candidate,903871_1789148402_173202328_1789148584_EURUSD_30219,50.983333333333334,0.0,DEGRADED_NON_TRADING,hard_pre_gate,REJECT,False,other,non_full_structured_decision,,False,,
903871_1789148402_173202328_1789152253_EURUSD_22069,903871,903871_1789148402_173202328,EURUSD,1789152252,LON,NK,CALL,PREDETERMINED_OUTCOME,python_hard_pre_gate_already_skips_provider,SCHEDULED_REVIEW_WITH_MEANINGFUL_CHANGE,meaningful_change,identity:python.model_id+python.provider_id|request_state:po3.context_tier+po3.has_bos+po3.has_sweep+po3.htf_bos+po3.htf_choch+po3.htf_mss+po3.liquidity_kind+po3.ltf_bos+po3.po3_state+po3.structure_type+po3.sweep_side+po3.t_bos+po3.t_disp+po3.t_sweep|new_candidate,903871_1789148402_173202328_1789148584_EURUSD_30219,61.15,0.0,DEGRADED_NON_TRADING,hard_pre_gate,REJECT,False,other,non_full_structured_decision,,False,,
903871_1789148402_173202328_1789152868_EURUSD_29744,903871,903871_1789148402_173202328,EURUSD,1789152867,LON,NK,CALL,PREDETERMINED_OUTCOME,python_hard_pre_gate_already_skips_provider,SCHEDULED_REVIEW_WITH_MEANINGFUL_CHANGE,meaningful_change,identity:python.model_id+python.provider_id|request_state:po3.context_tier+po3.has_bos+po3.has_sweep+po3.htf_bos+po3.htf_choch+po3.htf_mss+po3.liquidity_kind+po3.ltf_bos+po3.po3_state+po3.structure_type+po3.sweep_side+po3.t_bos+po3.t_disp+po3.t_sweep|new_candidate,903871_1789148402_173202328_1789148584_EURUSD_30219,71.4,0.0,DEGRADED_NON_TRADING,hard_pre_gate,REJECT,False,other,non_full_structured_decision,,False,,
903871_1789148402_173202328_1789154096_EURUSD_492,903871,903871_1789148402_173202328,EURUSD,1789154094,OFF,NK,CALL,PREDETERMINED_OUTCOME,python_hard_pre_gate_already_skips_provider,SCHEDULED_REVIEW_WITH_MEANINGFUL_CHANGE,meaningful_change,identity:python.model_id+python.provider_id|session_transition|request_state:po3.context_tier+po3.has_bos+po3.has_sweep+po3.htf_bos+po3.htf_choch+po3.htf_mss+po3.liquidity_kind+po3.ltf_bos+po3.po3_state+po3.structure_type+po3.sweep_side+po3.t_bos+po3.t_disp+po3.t_sweep|new_candidate,903871_1789148402_173202328_1789148584_EURUSD_30219,91.85,0.0,DEGRADED_NON_TRADING,hard_pre_gate,REJECT,False,other,non_full_structured_decision,,False,,
903871_1789148402_173202328_1789154707_EURUSD_20138,903871,903871_1789148402_173202328,EURUSD,1789154706,OFF,NK,CALL,PREDETERMINED_OUTCOME,python_hard_pre_gate_already_skips_provider,SCHEDULED_REVIEW_WITH_MEANINGFUL_CHANGE,meaningful_change,identity:python.model_id+python.provider_id|session_transition|request_state:po3.context_tier+po3.has_bos+po3.has_sweep+po3.htf_bos+po3.htf_choch+po3.htf_mss+po3.liquidity_kind+po3.ltf_bos+po3.po3_state+po3.structure_type+po3.sweep_side+po3.t_bos+po3.t_disp+po3.t_sweep|new_candidate,903871_1789148402_173202328_1789148584_EURUSD_30219,102.05,0.0,DEGRADED_NON_TRADING,hard_pre_gate,REJECT,False,other,non_full_structured_decision,,False,,
903871_1789148402_173202328_1789155320_EURUSD_31953,903871,903871_1789148402_173202328,EURUSD,1789155319,OFF,NK,CALL,PREDETERMINED_OUTCOME,python_hard_pre_gate_already_skips_provider,SCHEDULED_REVIEW_WITH_MEANINGFUL_CHANGE,meaningful_change,identity:python.model_id+python.provider_id|session_transition|request_state:po3.context_tier+po3.has_bos+po3.has_sweep+po3.htf_bos+po3.htf_choch+po3.htf_mss+po3.liquidity_kind+po3.ltf_bos+po3.po3_state+po3.structure_type+po3.sweep_side+po3.t_bos+po3.t_disp+po3.t_sweep|new_candidate,903871_1789148402_173202328_1789148584_EURUSD_30219,112.26666666666667,0.0,DEGRADED_NON_TRADING,hard_pre_gate,REJECT,False,other,non_full_structured_decision,,False,,
903871_1789148402_173202328_1789155937_EURUSD_2153,903871,903871_1789148402_173202328,EURUSD,1789155936,OFF,NK,CALL,PREDETERMINED_OUTCOME,python_hard_pre_gate_already_skips_provider,SCHEDULED_REVIEW_WITH_MEANINGFUL_CHANGE,meaningful_change,identity:python.model_id+python.provider_id|session_transition|request_state:po3.context_tier+po3.has_bos+po3.has_sweep+po3.htf_bos+po3.htf_choch+po3.htf_mss+po3.liquidity_kind+po3.ltf_bos+po3.po3_state+po3.structure_type+po3.sweep_side+po3.t_bos+po3.t_disp+po3.t_sweep|new_candidate,903871_1789148402_173202328_1789148584_EURUSD_30219,122.55,0.0,DEGRADED_NON_TRADING,hard_pre_gate,REJECT,False,other,non_full_structured_decision,,False,,
903871_1789148402_173202328_1789156550_EURUSD_11952,903871,903871_1789148402_173202328,EURUSD,1789156549,OFF,NK,CALL,PREDETERMINED_OUTCOME,python_hard_pre_gate_already_skips_provider,SCHEDULED_REVIEW_WITH_MEANINGFUL_CHANGE,meaningful_change,identity:python.model_id+python.provider_id|session_transition|request_state:po3.context_tier+po3.has_bos+po3.has_sweep+po3.htf_bos+po3.htf_choch+po3.htf_mss+po3.liquidity_kind+po3.ltf_bos+po3.po3_state+po3.structure_type+po3.sweep_side+po3.t_bos+po3.t_disp+po3.t_sweep|new_candidate,903871_1789148402_173202328_1789148584_EURUSD_30219,132.76666666666668,0.0,DEGRADED_NON_TRADING,hard_pre_gate,REJECT,False,other,non_full_structured_decision,,False,,
903871_1789148402_173202328_1789157784_EURUSD_14595,903871,903871_1789148402_173202328,EURUSD,1789157783,OFF,NK,CALL,PREDETERMINED_OUTCOME,python_hard_pre_gate_already_skips_provider,SCHEDULED_REVIEW_WITH_MEANINGFUL_CHANGE,meaningful_change,identity:python.model_id+python.provider_id|session_transition|request_state:po3.context_tier+po3.has_bos+po3.has_sweep+po3.htf_bos+po3.htf_choch+po3.htf_mss+po3.liquidity_kind+po3.ltf_bos+po3.po3_state+po3.structure_type+po3.sweep_side+po3.t_bos+po3.t_disp+po3.t_sweep|new_candidate,903871_1789148402_173202328_1789148584_EURUSD_30219,153.33333333333334,0.0,DEGRADED_NON_TRADING,hard_pre_gate,REJECT,False,other,non_full_structured_decision,,False,,
903871_1789148402_173202328_1789158408_EURUSD_4080,903871,903871_1789148402_173202328,EURUSD,1789158407,OFF,NK,CALL,PREDETERMINED_OUTCOME,python_hard_pre_gate_already_skips_provider,SCHEDULED_REVIEW_WITH_MEANINGFUL_CHANGE,meaningful_change,identity:python.model_id+python.provider_id|session_transition|request_state:po3.context_tier+po3.has_bos+po3.has_sweep+po3.htf_bos+po3.htf_choch+po3.htf_mss+po3.liquidity_kind+po3.ltf_bos+po3.po3_state+po3.structure_type+po3.sweep_side+po3.t_bos+po3.t_disp+po3.t_sweep|new_candidate,903871_1789148402_173202328_1789148584_EURUSD_30219,163.73333333333332,0.0,DEGRADED_NON_TRADING,hard_pre_gate,REJECT,False,other,non_full_structured_decision,,False,,
903871_1789148402_173202328_1789159027_EURUSD_8699,903871,903871_1789148402_173202328,EURUSD,1789159026,OFF,NK,CALL,PREDETERMINED_OUTCOME,python_hard_pre_gate_already_skips_provider,SCHEDULED_REVIEW_WITH_MEANINGFUL_CHANGE,meaningful_change,identity:python.model_id+python.provider_id|session_transition|request_state:po3.context_tier+po3.has_bos+po3.has_sweep+po3.htf_bos+po3.htf_choch+po3.htf_mss+po3.liquidity_kind+po3.ltf_bos+po3.po3_state+po3.structure_type+po3.sweep_side+po3.t_bos+po3.t_disp+po3.t_sweep|new_candidate,903871_1789148402_173202328_1789148584_EURUSD_30219,174.05,0.0,DEGRADED_NON_TRADING,hard_pre_gate,REJECT,False,other,non_full_structured_decision,,False,,
903871_1789148402_173202328_1789160263_EURUSD_8776,903871,903871_1789148402_173202328,EURUSD,1789160262,OFF,NK,CALL,PREDETERMINED_OUTCOME,python_hard_pre_gate_already_skips_provider,SCHEDULED_REVIEW_WITH_MEANINGFUL_CHANGE,meaningful_change,identity:python.model_id+python.provider_id|session_transition|request_state:po3.context_tier+po3.has_bos+po3.has_sweep+po3.htf_bos+po3.htf_choch+po3.htf_mss+po3.liquidity_kind+po3.ltf_bos+po3.po3_state+po3.structure_type+po3.sweep_side+po3.t_bos+po3.t_disp+po3.t_sweep|new_candidate,903871_1789148402_173202328_1789148584_EURUSD_30219,194.65,0.0,DEGRADED_NON_TRADING,hard_pre_gate,REJECT,False,other,non_full_structured_decision,,False,,
903871_1789148402_173202328_1789160882_EURUSD_14837,903871,903871_1789148402_173202328,EURUSD,1789160881,OFF,NK,CALL,PREDETERMINED_OUTCOME,python_hard_pre_gate_already_skips_provider,SCHEDULED_REVIEW_WITH_MEANINGFUL_CHANGE,meaningful_change,identity:python.model_id+python.provider_id|session_transition|request_state:po3.context_tier+po3.has_bos+po3.has_sweep+po3.htf_bos+po3.htf_choch+po3.htf_mss+po3.liquidity_kind+po3.ltf_bos+po3.po3_state+po3.structure_type+po3.sweep_side+po3.t_bos+po3.t_disp+po3.t_sweep|new_candidate,903871_1789148402_173202328_1789148584_EURUSD_30219,204.96666666666667,0.0,DEGRADED_NON_TRADING,hard_pre_gate,REJECT,False,other,non_full_structured_decision,,False,,
903871_1789148402_173202328_1789161500_EURUSD_31255,903871,903871_1789148402_173202328,EURUSD,1789161498,OFF,NK,CALL,PREDETERMINED_OUTCOME,python_hard_pre_gate_already_skips_provider,SCHEDULED_REVIEW_WITH_MEANINGFUL_CHANGE,meaningful_change,identity:python.model_id+python.provider_id|session_transition|request_state:po3.context_tier+po3.has_bos+po3.has_sweep+po3.htf_bos+po3.htf_choch+po3.htf_mss+po3.liquidity_kind+po3.ltf_bos+po3.po3_state+po3.structure_type+po3.sweep_side+po3.t_bos+po3.t_disp+po3.t_sweep|new_candidate,903871_1789148402_173202328_1789148584_EURUSD_30219,215.25,0.0,DEGRADED_NON_TRADING,hard_pre_gate,REJECT,False,other,non_full_structured_decision,,False,,
903871_1789148402_173202328_1789162120_EURUSD_10605,903871,903871_1789148402_173202328,EURUSD,1789162118,OFF,NK,CALL,PREDETERMINED_OUTCOME,python_hard_pre_gate_already_skips_provider,SCHEDULED_REVIEW_WITH_MEANINGFUL_CHANGE,meaningful_change,identity:python.model_id+python.provider_id|session_transition|request_state:po3.context_tier+po3.has_bos+po3.has_sweep+po3.htf_bos+po3.htf_choch+po3.htf_mss+po3.liquidity_kind+po3.ltf_bos+po3.po3_state+po3.structure_type+po3.sweep_side+po3.t_bos+po3.t_disp+po3.t_sweep|new_candidate,903871_1789148402_173202328_1789148584_EURUSD_30219,225.58333333333334,0.0,DEGRADED_NON_TRADING,hard_pre_gate,REJECT,False,other,non_full_structured_decision,,False,,
903871_1788999394_24185000_1789015837_GBPAUD_7314,903871,903871_1788999394_24185000,GBPAUD,1789015836,ASIA,NK,CALL,PREDETERMINED_OUTCOME,python_hard_pre_gate_already_skips_provider,REQUIRED_NEW_DECISION,no_prior_authoritative_decision,,,,0.0,DEGRADED_NON_TRADING,hard_pre_gate,REJECT,False,other,non_full_structured_decision,,False,,
903871_1788999394_24185000_1789043523_GBPAUD_8309,903871,903871_1788999394_24185000,GBPAUD,1789043523,ASIA,K,CALL,PREDETERMINED_OUTCOME,python_hard_pre_gate_already_skips_provider,REQUIRED_NEW_DECISION,no_prior_authoritative_decision,,,,0.0,DEGRADED_NON_TRADING,hard_pre_gate,REJECT,False,other,non_full_structured_decision,,False,,
903871_1788999394_24185000_1789053535_GBPAUD_23843,903871,903871_1788999394_24185000,GBPAUD,1789053534,LON,NK,CALL,PREDETERMINED_OUTCOME,python_hard_pre_gate_already_skips_provider,REQUIRED_NEW_DECISION,no_prior_authoritative_decision,,,,0.0,DEGRADED_NON_TRADING,hard_pre_gate,REJECT,False,other,non_full_structured_decision,,False,,
903871_1789062748_87542921_1789082584_GBPAUD_1132,903871,903871_1789062748_87542921,GBPAUD,1789082583,NY,K,CALL,UNKNOWN,no_archived_decision,REQUIRED_NEW_DECISION,no_prior_authoritative_decision,,,,0.0,,,,False,unknown,,,False,,
903871_1789148402_173202328_1789149197_GBPAUD_30904,903871,903871_1789148402_173202328,GBPAUD,1789149196,LON,NK,CALL,REQUIRED_NEW_DECISION,no_prior_authoritative_decision,REQUIRED_NEW_DECISION,no_prior_authoritative_decision,,,,0.0,FULL_STRUCTURED,ai_abstained,ABSTAIN,False,muse,stored,analyst_abstain_below_adjudication_floor,False,ABSTAIN,
903871_1789148402_173202328_1789152868_GBPAUD_936,903871,903871_1789148402_173202328,GBPAUD,1789152867,LON,NK,CALL,SCHEDULED_REVIEW_WITH_MEANINGFUL_CHANGE,meaningful_change,SCHEDULED_REVIEW_WITH_MEANINGFUL_CHANGE,meaningful_change,new_candidate,903871_1789148402_173202328_1789149197_GBPAUD_30904,61.18333333333333,0.0,FULL_STRUCTURED,ai_abstained,ABSTAIN,False,muse,stored,analyst_abstain_below_adjudication_floor,False,ABSTAIN,
903871_1789148402_173202328_1789157168_GBPAUD_2145,903871,903871_1789148402_173202328,GBPAUD,1789157166,OFF,NK,CALL,SCHEDULED_REVIEW_WITH_MEANINGFUL_CHANGE,meaningful_change,SCHEDULED_REVIEW_WITH_MEANINGFUL_CHANGE,meaningful_change,identity:python.model_id+python.provider_id|session_transition|new_candidate,903871_1789148402_173202328_1789152868_GBPAUD_936,71.65,0.0,FULL_STRUCTURED,ai_abstained,ABSTAIN,False,luna,stored,qualitative_dispute_unresolved,True,ABSTAIN,
903871_1789148402_173202328_1789157784_GBPAUD_24630,903871,903871_1789148402_173202328,GBPAUD,1789157783,OFF,NK,CALL,OTHER_REQUIRED,borderline_prior_requires_fresh_review,OTHER_REQUIRED,borderline_prior_requires_fresh_review,,903871_1789148402_173202328_1789157168_GBPAUD_2145,10.283333333333333,0.0,FULL_STRUCTURED,ai_abstained,ABSTAIN,False,luna,stored,qualitative_dispute_unresolved,True,ABSTAIN,
903871_1789148402_173202328_1789158408_GBPAUD_3719,903871,903871_1789148402_173202328,GBPAUD,1789158407,OFF,NK,CALL,OTHER_REQUIRED,borderline_prior_requires_fresh_review,OTHER_REQUIRED,borderline_prior_requires_fresh_review,,903871_1789148402_173202328_1789157784_GBPAUD_24630,10.4,0.0,FULL_STRUCTURED,ai_approved,APPROVE,True,luna,stored,analyst_approve_critic_pass,False,APPROVE,
903871_1789148402_173202328_1789159645_GBPAUD_17963,903871,903871_1789148402_173202328,GBPAUD,1789159643,OFF,NK,CALL,REQUIRED_NEW_DECISION,prior_decision_approved_never_reused,REQUIRED_NEW_DECISION,prior_decision_approved_never_reused,,903871_1789148402_173202328_1789158408_GBPAUD_3719,20.6,0.0,FULL_STRUCTURED,ai_abstained,ABSTAIN,False,luna,stored,qualitative_dispute_unresolved,True,ABSTAIN,False
903871_1789148402_173202328_1789160882_GBPAUD_28929,903871,903871_1789148402_173202328,GBPAUD,1789160881,OFF,NK,CALL,REQUIRED_NEW_DECISION,meaningful_change,REQUIRED_NEW_DECISION,meaningful_change,price_drift|new_candidate,903871_1789148402_173202328_1789159645_GBPAUD_17963,20.633333333333333,0.0,FULL_STRUCTURED,ai_rejected,REJECT,False,luna,stored,analyst_reject,False,REJECT,False
903871_1789148402_173202328_1789162736_GBPAUD_14289,903871,903871_1789148402_173202328,GBPAUD,1789162734,OFF,NK,CALL,PREDETERMINED_OUTCOME,mql_sweep_already_consumed_all_candidates,SCHEDULED_REVIEW_WITH_MEANINGFUL_CHANGE,meaningful_change,new_candidate|candidate_state:entry_trigger_phase+fvg_execution_class+fvg_mid_mitigated+fvg_mitigation_state+fvg_touched,903871_1789148402_173202328_1789160882_GBPAUD_28929,30.883333333333333,0.0,FULL_STRUCTURED,ai_abstained,ABSTAIN,False,luna,stored,qualitative_dispute_unresolved,True,ABSTAIN,True
903871_1788983285_8075437_1788992574_GBPCAD_2922,903871,903871_1788983285_8075437,GBPCAD,1788992573,OFF,NK,CALL,REQUIRED_NEW_DECISION,no_prior_authoritative_decision,REQUIRED_NEW_DECISION,no_prior_authoritative_decision,,,,0.0,FULL_STRUCTURED,ai_abstained,ABSTAIN,False,muse,stored,analyst_abstain_below_adjudication_floor,False,ABSTAIN,
903871_1788983285_8075437_1788993198_GBPCAD_8524,903871,903871_1788983285_8075437,GBPCAD,1788993196,OFF,NK,CALL,REQUIRED_NEW_DECISION,meaningful_change,REQUIRED_NEW_DECISION,meaningful_change,candidate_state:entry_trigger_phase+fvg_execution_class+fvg_mid_mitigated+fvg_mitigation_state+fvg_touched+target_source+tp_model,903871_1788983285_8075437_1788992574_GBPCAD_2922,10.383333333333333,0.0,FULL_STRUCTURED,ai_rejected,REJECT,False,muse,stored,analyst_reject,False,REJECT,
903871_1788983285_8075437_1788993839_GBPCAD_19533,903871,903871_1788983285_8075437,GBPCAD,1788993839,OFF,NK,REUSE,UNCHANGED_STATE,unchanged_decisive_non_approval_within_ttl,UNCHANGED_STATE,unchanged_decisive_non_approval_within_ttl,,903871_1788983285_8075437_1788993198_GBPCAD_8524,10.716666666666667,30.0,FULL_STRUCTURED,ai_abstained,ABSTAIN,False,muse,,analyst_abstain_below_adjudication_floor,False,ABSTAIN,
903871_1788983285_8075437_1788995216_GBPCAD_29371,903871,903871_1788983285_8075437,GBPCAD,1788995216,NY,K,CALL,SCHEDULED_REVIEW_WITH_MEANINGFUL_CHANGE,meaningful_change,SCHEDULED_REVIEW_WITH_MEANINGFUL_CHANGE,meaningful_change,session_transition|killzone_transition|request_state:po3.t_disp+po3.t_sweep|new_candidate,903871_1788983285_8075437_1788993198_GBPCAD_8524,33.666666666666664,0.0,FULL_STRUCTURED,ai_abstained,ABSTAIN,False,muse,stored,analyst_abstain_below_adjudication_floor,False,ABSTAIN,
903871_1788999394_24185000_1789040077_GBPCAD_31771,903871,903871_1788999394_24185000,GBPCAD,1789040077,ASIA,NK,CALL,SCHEDULED_REVIEW_WITH_MEANINGFUL_CHANGE,meaningful_change,SCHEDULED_REVIEW_WITH_MEANINGFUL_CHANGE,meaningful_change,session_transition|killzone_transition|request_state:po3.liquidity_kind+po3.structure_type+po3.sweep_side+po3.t_disp+po3.t_sweep|new_candidate,903871_1788983285_8075437_1788995216_GBPCAD_29371,747.6833333333333,0.0,FULL_STRUCTURED,ai_abstained,ABSTAIN,False,muse,stored,analyst_abstain_below_adjudication_floor,False,ABSTAIN,
903871_1788999394_24185000_1789054955_GBPCAD_7570,903871,903871_1788999394_24185000,GBPCAD,1789054954,LON,NK,CALL,SCHEDULED_REVIEW_WITH_MEANINGFUL_CHANGE,meaningful_change,SCHEDULED_REVIEW_WITH_MEANINGFUL_CHANGE,meaningful_change,session_transition|request_state:po3.developing_bos+po3.has_sweep+po3.liquidity_kind+po3.ltf_bos+po3.structure_type+po3.sweep_side+po3.t_disp+po3.t_sweep|new_candidate,903871_1788999394_24185000_1789040077_GBPCAD_31771,247.95,0.0,FULL_STRUCTURED,ai_rejected,REJECT,False,muse,stored,analyst_reject,False,REJECT,
903871_1788999394_24185000_1789055987_GBPCAD_31661,903871,903871_1788999394_24185000,GBPCAD,1789055986,LON,NK,CALL,OTHER_REQUIRED,decisive_prior_ttl_expired,OTHER_REQUIRED,decisive_prior_ttl_expired,,903871_1788999394_24185000_1789054955_GBPCAD_7570,17.2,15.0,FULL_STRUCTURED,ai_abstained,ABSTAIN,False,muse,stored,analyst_abstain_below_adjudication_floor,False,ABSTAIN,
903871_1788999394_24185000_1789057177_GBPCAD_30686,903871,903871_1788999394_24185000,GBPCAD,1789057176,LON,NK,CALL,SCHEDULED_REVIEW_WITH_MEANINGFUL_CHANGE,meaningful_change,SCHEDULED_REVIEW_WITH_MEANINGFUL_CHANGE,meaningful_change,request_state:po3.context_tier+po3.developing_bos+po3.has_bos+po3.has_follow_through+po3.htf_bos+po3.po3_state+po3.structure_type+po3.t_bos|new_candidate,903871_1788999394_24185000_1789055987_GBPCAD_31661,19.833333333333332,0.0,FULL_STRUCTURED,ai_rejected,REJECT,False,muse,stored,analyst_reject,False,REJECT,
903871_1788999394_24185000_1789058400_GBPCAD_7435,903871,903871_1788999394_24185000,GBPCAD,1789058399,LON,NK,CALL,OTHER_REQUIRED,decisive_prior_ttl_expired,OTHER_REQUIRED,decisive_prior_ttl_expired,,903871_1788999394_24185000_1789057177_GBPCAD_30686,20.383333333333333,15.0,FULL_STRUCTURED,ai_rejected,REJECT,False,muse,stored,analyst_reject,False,REJECT,
903871_1788999394_24185000_1789059657_GBPCAD_26962,903871,903871_1788999394_24185000,GBPCAD,1789059656,LON,NK,CALL,OTHER_REQUIRED,decisive_prior_ttl_expired,OTHER_REQUIRED,decisive_prior_ttl_expired,,903871_1788999394_24185000_1789058400_GBPCAD_7435,20.95,15.0,FULL_STRUCTURED,ai_rejected,REJECT,False,muse,stored,analyst_reject,False,REJECT,
903871_1789062748_87542921_1789069517_GBPCAD_15997,903871,903871_1789062748_87542921,GBPCAD,1789069516,OFF,NK,CALL,SCHEDULED_REVIEW_WITH_MEANINGFUL_CHANGE,meaningful_change,SCHEDULED_REVIEW_WITH_MEANINGFUL_CHANGE,meaningful_change,session_transition|new_candidate,903871_1788999394_24185000_1789059657_GBPCAD_26962,164.33333333333334,0.0,FULL_STRUCTURED,ai_abstained,ABSTAIN,False,muse,stored,qualitative_dispute_unresolved,True,ABSTAIN,
903871_1789062748_87542921_1789070364_GBPCAD_4214,903871,903871_1789062748_87542921,GBPCAD,1789070363,OFF,NK,CALL,OTHER_REQUIRED,borderline_prior_requires_fresh_review,OTHER_REQUIRED,borderline_prior_requires_fresh_review,,903871_1789062748_87542921_1789069517_GBPCAD_15997,14.116666666666667,0.0,FULL_STRUCTURED,ai_abstained,ABSTAIN,False,muse,stored,qualitative_block_upheld,True,ABSTAIN,
903871_1789062748_87542921_1789075786_GBPCAD_16658,903871,903871_1789062748_87542921,GBPCAD,1789075785,OFF,NK,CALL,SCHEDULED_REVIEW_WITH_MEANINGFUL_CHANGE,meaningful_change,SCHEDULED_REVIEW_WITH_MEANINGFUL_CHANGE,meaningful_change,new_candidate,903871_1789062748_87542921_1789070364_GBPCAD_4214,90.36666666666666,0.0,FULL_STRUCTURED,ai_abstained,ABSTAIN,False,muse,stored,analyst_abstain_below_adjudication_floor,False,ABSTAIN,
903871_1789062748_87542921_1789076820_GBPCAD_19756,903871,903871_1789062748_87542921,GBPCAD,1789076818,OFF,NK,CALL,REQUIRED_NEW_DECISION,meaningful_change,REQUIRED_NEW_DECISION,meaningful_change,identity:python.model_id+python.provider_id,903871_1789062748_87542921_1789075786_GBPCAD_16658,17.216666666666665,0.0,FULL_STRUCTURED,ai_approved,APPROVE,True,luna,stored,analyst_approve_critic_pass,False,APPROVE,
903871_1789062748_87542921_1789078798_GBPCAD_5825,903871,903871_1789062748_87542921,GBPCAD,1789078796,OFF,NK,CALL,PREDETERMINED_OUTCOME,mql_sweep_already_consumed_all_candidates,REQUIRED_NEW_DECISION,prior_decision_approved_never_reused,,903871_1789062748_87542921_1789076820_GBPCAD_19756,32.96666666666667,0.0,FULL_STRUCTURED,ai_abstained,ABSTAIN,False,muse,stored,analyst_abstain_below_adjudication_floor,False,ABSTAIN,True
903871_1789062748_87542921_1789082584_GBPCAD_2506,903871,903871_1789062748_87542921,GBPCAD,1789082583,NY,K,CALL,UNKNOWN,no_archived_decision,SCHEDULED_REVIEW_WITH_MEANINGFUL_CHANGE,meaningful_change,session_transition|killzone_transition|request_state:po3.context_tier+po3.has_bos+po3.has_follow_through+po3.has_sweep+po3.htf_bos+po3.liquidity_kind+po3.ltf_bos+po3.po3_state+po3.structure_type+po3.sweep_side+po3.t_bos+po3.t_disp+po3.t_sweep|new_candidate,903871_1789062748_87542921_1789078798_GBPCAD_5825,63.11666666666667,0.0,,,,False,unknown,,,False,,False
903871_1789062748_87542921_1789084176_GBPCAD_6528,903871,903871_1789062748_87542921,GBPCAD,1789084176,NY,K,CALL,PREDETERMINED_OUTCOME,mql_sweep_already_consumed_all_candidates,SCHEDULED_REVIEW_WITH_MEANINGFUL_CHANGE,meaningful_change,session_transition|killzone_transition|new_candidate|candidate_state:entry_trigger_phase+fvg_execution_class+fvg_mitigation_state+fvg_touched|price_drift,903871_1789062748_87542921_1789078798_GBPCAD_5825,89.66666666666667,0.0,,,,False,unknown,,,False,,True
903871_1789093630_118426656_1789096071_GBPCAD_30144,903871,903871_1789093630_118426656,GBPCAD,1789096070,ASIA,NK,CALL,SCHEDULED_REVIEW_WITH_MEANINGFUL_CHANGE,meaningful_change,SCHEDULED_REVIEW_WITH_MEANINGFUL_CHANGE,meaningful_change,session_transition|request_state:is_buy+po3.has_follow_through+po3.htf_choch+po3.htf_mss+po3.liquidity_kind+po3.structure_type+po3.sweep_side+po3.t_bos+po3.t_disp+po3.t_sweep|new_candidate,903871_1789062748_87542921_1789078798_GBPCAD_5825,287.9,0.0,FULL_STRUCTURED,ai_abstained,ABSTAIN,False,muse,stored,analyst_abstain_below_adjudication_floor,False,ABSTAIN,
903871_1789093630_118426656_1789096683_GBPCAD_25890,903871,903871_1789093630_118426656,GBPCAD,1789096682,ASIA,NK,CALL,REQUIRED_NEW_DECISION,meaningful_change,REQUIRED_NEW_DECISION,meaningful_change,identity:python.model_id+python.provider_id|new_candidate,903871_1789093630_118426656_1789096071_GBPCAD_30144,10.2,0.0,FULL_STRUCTURED,ai_abstained,ABSTAIN,False,luna,stored,qualitative_dispute_unresolved,True,ABSTAIN,
903871_1789093630_118426656_1789097903_GBPCAD_15711,903871,903871_1789093630_118426656,GBPCAD,1789097902,ASIA,NK,CALL,REQUIRED_NEW_DECISION,meaningful_change,REQUIRED_NEW_DECISION,meaningful_change,identity:python.model_id+python.provider_id,903871_1789093630_118426656_1789096683_GBPCAD_25890,20.333333333333332,0.0,FULL_STRUCTURED,ai_rejected,REJECT,False,muse,stored,analyst_reject,False,REJECT,
903871_1789093630_118426656_1789098513_GBPCAD_20864,903871,903871_1789093630_118426656,GBPCAD,1789098512,ASIA,NK,CALL,REQUIRED_NEW_DECISION,meaningful_change,REQUIRED_NEW_DECISION,meaningful_change,new_candidate,903871_1789093630_118426656_1789097903_GBPCAD_15711,10.166666666666666,0.0,FULL_STRUCTURED,ai_abstained,ABSTAIN,False,muse,stored,analyst_abstain_below_adjudication_floor,False,ABSTAIN,
903871_1789093630_118426656_1789099124_GBPCAD_16148,903871,903871_1789093630_118426656,GBPCAD,1789099123,ASIA,NK,CALL,REQUIRED_NEW_DECISION,meaningful_change,REQUIRED_NEW_DECISION,meaningful_change,new_candidate,903871_1789093630_118426656_1789098513_GBPCAD_20864,10.183333333333334,0.0,FULL_STRUCTURED,ai_abstained,ABSTAIN,False,muse,stored,analyst_abstain_below_adjudication_floor,False,ABSTAIN,
903871_1789093630_118426656_1789099738_GBPCAD_19166,903871,903871_1789093630_118426656,GBPCAD,1789099737,ASIA,NK,CALL,REQUIRED_NEW_DECISION,meaningful_change,REQUIRED_NEW_DECISION,meaningful_change,new_candidate,903871_1789093630_118426656_1789099124_GBPCAD_16148,10.233333333333333,0.0,FULL_STRUCTURED,ai_abstained,ABSTAIN,False,muse,stored,analyst_abstain_below_adjudication_floor,False,ABSTAIN,
903871_1789093630_118426656_1789100962_GBPCAD_24567,903871,903871_1789093630_118426656,GBPCAD,1789100961,ASIA,NK,CALL,OTHER_REQUIRED,borderline_prior_requires_fresh_review,OTHER_REQUIRED,borderline_prior_requires_fresh_review,,903871_1789093630_118426656_1789099738_GBPCAD_19166,20.4,0.0,FULL_STRUCTURED,ai_abstained,ABSTAIN,False,muse,stored,analyst_abstain_below_adjudication_floor,False,ABSTAIN,
903871_1789093630_118426656_1789102197_GBPCAD_2256,903871,903871_1789093630_118426656,GBPCAD,1789102196,ASIA,NK,CALL,REQUIRED_NEW_DECISION,meaningful_change,REQUIRED_NEW_DECISION,meaningful_change,new_candidate|candidate_state:entry_trigger_phase+fvg_execution_class+fvg_mid_mitigated+fvg_touched,903871_1789093630_118426656_1789100962_GBPCAD_24567,20.583333333333332,0.0,FULL_STRUCTURED,ai_abstained,ABSTAIN,False,muse,stored,analyst_abstain_below_adjudication_floor,False,ABSTAIN,
903871_1789093630_118426656_1789102811_GBPCAD_879,903871,903871_1789093630_118426656,GBPCAD,1789102810,ASIA,NK,CALL,OTHER_REQUIRED,borderline_prior_requires_fresh_review,OTHER_REQUIRED,borderline_prior_requires_fresh_review,,903871_1789093630_118426656_1789102197_GBPCAD_2256,10.233333333333333,0.0,FULL_STRUCTURED,ai_abstained,ABSTAIN,False,muse,stored,analyst_abstain_below_adjudication_floor,False,ABSTAIN,
903871_1789093630_118426656_1789103436_GBPCAD_9836,903871,903871_1789093630_118426656,GBPCAD,1789103434,ASIA,NK,CALL,REQUIRED_NEW_DECISION,meaningful_change,REQUIRED_NEW_DECISION,meaningful_change,candidate_state:entry_trigger_phase+fvg_execution_class+fvg_mid_mitigated+fvg_touched|new_candidate,903871_1789093630_118426656_1789102811_GBPCAD_879,10.4,0.0,FULL_STRUCTURED,ai_abstained,ABSTAIN,False,muse,stored,analyst_abstain_below_adjudication_floor,False,ABSTAIN,
903871_1789093630_118426656_1789104772_GBPCAD_25590,903871,903871_1789093630_118426656,GBPCAD,1789104771,ASIA,NK,CALL,REQUIRED_NEW_DECISION,meaningful_change,REQUIRED_NEW_DECISION,meaningful_change,candidate_state:entry_trigger_phase+fvg_execution_class+fvg_mitigation_state+fvg_touched+target_source+tp_model|price_drift|candidate_state:entry_trigger_phase+fvg_execution_class+fvg_mitigation_state+fvg_touched,903871_1789093630_118426656_1789103436_GBPCAD_9836,22.283333333333335,0.0,FULL_STRUCTURED,ai_abstained,ABSTAIN,False,muse,stored,analyst_abstain_below_adjudication_floor,False,ABSTAIN,
903871_1789093630_118426656_1789105494_GBPCAD_875,903871,903871_1789093630_118426656,GBPCAD,1789105493,ASIA,NK,CALL,OTHER_REQUIRED,borderline_prior_requires_fresh_review,OTHER_REQUIRED,borderline_prior_requires_fresh_review,,903871_1789093630_118426656_1789104772_GBPCAD_25590,12.033333333333333,0.0,FULL_STRUCTURED,ai_rejected,REJECT,False,muse,stored,analyst_reject,False,REJECT,
903871_1789093630_118426656_1789106175_GBPCAD_28566,903871,903871_1789093630_118426656,GBPCAD,1789106174,ASIA,NK,CALL,REQUIRED_NEW_DECISION,meaningful_change,REQUIRED_NEW_DECISION,meaningful_change,new_candidate|candidate_state:target_source+tp_model,903871_1789093630_118426656_1789105494_GBPCAD_875,11.35,0.0,FULL_STRUCTURED,ai_abstained,ABSTAIN,False,muse,stored,analyst_abstain_below_adjudication_floor,False,ABSTAIN,
903871_1789093630_118426656_1789106971_GBPCAD_23372,903871,903871_1789093630_118426656,GBPCAD,1789106970,ASIA,NK,CALL,REQUIRED_NEW_DECISION,meaningful_change,REQUIRED_NEW_DECISION,meaningful_change,new_candidate,903871_1789093630_118426656_1789106175_GBPCAD_28566,13.266666666666667,0.0,FULL_STRUCTURED,ai_abstained,ABSTAIN,False,muse,stored,analyst_abstain_below_adjudication_floor,False,ABSTAIN,
903871_1789093630_118426656_1789107739_GBPCAD_3136,903871,903871_1789093630_118426656,GBPCAD,1789107738,ASIA,NK,CALL,REQUIRED_NEW_DECISION,meaningful_change,REQUIRED_NEW_DECISION,meaningful_change,identity:python.model_id+python.provider_id|new_candidate,903871_1789093630_118426656_1789106971_GBPCAD_23372,12.8,0.0,FULL_STRUCTURED,ai_abstained,ABSTAIN,False,luna,stored,qualitative_dispute_unresolved,True,ABSTAIN,
903871_1789093630_118426656_1789108723_GBPCAD_25701,903871,903871_1789093630_118426656,GBPCAD,1789108721,ASIA,NK,CALL,REQUIRED_NEW_DECISION,meaningful_change,REQUIRED_NEW_DECISION,meaningful_change,identity:python.model_id+python.provider_id,903871_1789093630_118426656_1789107739_GBPCAD_3136,16.383333333333333,0.0,FULL_STRUCTURED,ai_abstained,ABSTAIN,False,muse,stored,analyst_abstain_below_adjudication_floor,False,ABSTAIN,
903871_1788983285_8075437_1788983348_GBPJPY_11316,903871,903871_1788983285_8075437,GBPJPY,1788983346,OFF,NK,CALL,REQUIRED_NEW_DECISION,no_prior_authoritative_decision,REQUIRED_NEW_DECISION,no_prior_authoritative_decision,,,,0.0,FULL_STRUCTURED,ai_rejected,REJECT,False,muse,stored,analyst_reject,False,REJECT,
903871_1788983285_8075437_1788985786_GBPJPY_20283,903871,903871_1788983285_8075437,GBPJPY,1788985785,OFF,NK,CALL,OTHER_REQUIRED,decisive_prior_ttl_expired,OTHER_REQUIRED,decisive_prior_ttl_expired,,903871_1788983285_8075437_1788983348_GBPJPY_11316,40.65,30.0,FULL_STRUCTURED,ai_rejected,REJECT,False,muse,stored,analyst_reject,False,REJECT,
903871_1788983285_8075437_1788987618_GBPJPY_6900,903871,903871_1788983285_8075437,GBPJPY,1788987617,OFF,NK,CALL,OTHER_REQUIRED,decisive_prior_ttl_expired,OTHER_REQUIRED,decisive_prior_ttl_expired,,903871_1788983285_8075437_1788985786_GBPJPY_20283,30.533333333333335,30.0,FULL_STRUCTURED,ai_rejected,REJECT,False,muse,stored,analyst_reject,False,REJECT,
903871_1788999394_24185000_1789016864_GBPJPY_16699,903871,903871_1788999394_24185000,GBPJPY,1789016863,ASIA,NK,CALL,SCHEDULED_REVIEW_WITH_MEANINGFUL_CHANGE,meaningful_change,SCHEDULED_REVIEW_WITH_MEANINGFUL_CHANGE,meaningful_change,session_transition|request_state:is_buy+po3.context_tier+po3.developing_bos+po3.has_bos+po3.htf_bos+po3.liquidity_kind+po3.ltf_choch+po3.ltf_mss+po3.po3_state+po3.structure_type+po3.sweep_side+po3.t_bos+po3.t_disp+po3.t_sweep|new_candidate,903871_1788983285_8075437_1788987618_GBPJPY_6900,487.43333333333334,0.0,FULL_STRUCTURED,ai_abstained,ABSTAIN,False,muse,stored,analyst_abstain_below_adjudication_floor,False,ABSTAIN,
903871_1789062748_87542921_1789075785_GBPJPY_14617,903871,903871_1789062748_87542921,GBPJPY,1789075783,OFF,NK,CALL,SCHEDULED_REVIEW_WITH_MEANINGFUL_CHANGE,meaningful_change,SCHEDULED_REVIEW_WITH_MEANINGFUL_CHANGE,meaningful_change,session_transition|request_state:is_buy+po3.liquidity_kind+po3.ltf_choch+po3.ltf_mss+po3.sweep_side+po3.t_disp+po3.t_sweep|new_candidate,903871_1788999394_24185000_1789016864_GBPJPY_16699,982.0,0.0,FULL_STRUCTURED,ai_abstained,ABSTAIN,False,muse,stored,analyst_abstain_below_adjudication_floor,False,ABSTAIN,
903871_1789062748_87542921_1789076820_GBPJPY_32369,903871,903871_1789062748_87542921,GBPJPY,1789076818,OFF,NK,CALL,REQUIRED_NEW_DECISION,meaningful_change,REQUIRED_NEW_DECISION,meaningful_change,new_candidate|candidate_state:entry_trigger_phase+fvg_execution_class+fvg_mid_mitigated+fvg_mitigation_state+fvg_touched,903871_1789062748_87542921_1789075785_GBPJPY_14617,17.25,0.0,FULL_STRUCTURED,ai_rejected,REJECT,False,muse,stored,analyst_reject,False,REJECT,
903871_1789062748_87542921_1789077957_GBPJPY_18453,903871,903871_1789062748_87542921,GBPJPY,1789077956,OFF,NK,REUSE,UNCHANGED_STATE,unchanged_decisive_non_approval_within_ttl,UNCHANGED_STATE,unchanged_decisive_non_approval_within_ttl,,903871_1789062748_87542921_1789076820_GBPJPY_32369,18.966666666666665,30.0,FULL_STRUCTURED,ai_rejected,REJECT,False,muse,,analyst_reject,False,REJECT,
903871_1789062748_87542921_1789078798_GBPJPY_1921,903871,903871_1789062748_87542921,GBPJPY,1789078796,OFF,NK,CALL,OTHER_REQUIRED,decisive_prior_ttl_expired,OTHER_REQUIRED,decisive_prior_ttl_expired,,903871_1789062748_87542921_1789076820_GBPJPY_32369,32.96666666666667,30.0,FULL_STRUCTURED,ai_rejected,REJECT,False,muse,stored,analyst_reject,False,REJECT,
903871_1789062748_87542921_1789079710_GBPJPY_20334,903871,903871_1789062748_87542921,GBPJPY,1789079708,OFF,NK,REUSE,UNCHANGED_STATE,unchanged_decisive_non_approval_within_ttl,UNCHANGED_STATE,unchanged_decisive_non_approval_within_ttl,,903871_1789062748_87542921_1789078798_GBPJPY_1921,15.2,30.0,FULL_STRUCTURED,ai_rejected,REJECT,False,muse,,analyst_reject,False,REJECT,
903871_1789062748_87542921_1789080766_GBPJPY_8061,903871,903871_1789062748_87542921,GBPJPY,1789080765,OFF,NK,CALL,OTHER_REQUIRED,decisive_prior_ttl_expired,OTHER_REQUIRED,decisive_prior_ttl_expired,,903871_1789062748_87542921_1789078798_GBPJPY_1921,32.81666666666667,30.0,FULL_STRUCTURED,ai_rejected,REJECT,False,muse,stored,analyst_reject,False,REJECT,
903871_1789062748_87542921_1789081570_GBPJPY_16484,903871,903871_1789062748_87542921,GBPJPY,1789081569,NY,K,CALL,SCHEDULED_REVIEW_WITH_MEANINGFUL_CHANGE,meaningful_change,SCHEDULED_REVIEW_WITH_MEANINGFUL_CHANGE,meaningful_change,session_transition|killzone_transition,903871_1789062748_87542921_1789080766_GBPJPY_8061,13.4,0.0,FULL_STRUCTURED,ai_rejected,REJECT,False,muse,stored,analyst_reject,False,REJECT,
903871_1789062748_87542921_1789082584_GBPJPY_4362,903871,903871_1789062748_87542921,GBPJPY,1789082583,NY,K,CALL,UNKNOWN,no_archived_decision,OTHER_REQUIRED,decisive_prior_ttl_expired,,903871_1789062748_87542921_1789081570_GBPJPY_16484,16.9,7.0,,,,False,unknown,,,False,,
903871_1789062748_87542921_1789092359_GBPJPY_30134,903871,903871_1789062748_87542921,GBPJPY,1789092358,NY,NK,CALL,UNKNOWN,no_archived_decision,SCHEDULED_REVIEW_WITH_MEANINGFUL_CHANGE,meaningful_change,killzone_transition|request_state:po3.liquidity_kind|new_candidate,903871_1789062748_87542921_1789081570_GBPJPY_16484,179.81666666666666,0.0,,,,False,unknown,,,False,,
903871_1789093630_118426656_1789096683_GBPJPY_4639,903871,903871_1789093630_118426656,GBPJPY,1789096681,ASIA,NK,CALL,SCHEDULED_REVIEW_WITH_MEANINGFUL_CHANGE,meaningful_change,SCHEDULED_REVIEW_WITH_MEANINGFUL_CHANGE,meaningful_change,session_transition|killzone_transition|request_state:po3.liquidity_kind|new_candidate,903871_1789062748_87542921_1789081570_GBPJPY_16484,251.86666666666667,0.0,FULL_STRUCTURED,ai_abstained,ABSTAIN,False,muse,stored,analyst_abstain_below_adjudication_floor,False,ABSTAIN,
903871_1789093630_118426656_1789101580_GBPJPY_29584,903871,903871_1789093630_118426656,GBPJPY,1789101579,ASIA,NK,CALL,SCHEDULED_REVIEW_WITH_MEANINGFUL_CHANGE,meaningful_change,SCHEDULED_REVIEW_WITH_MEANINGFUL_CHANGE,meaningful_change,new_candidate,903871_1789093630_118426656_1789096683_GBPJPY_4639,81.63333333333334,0.0,FULL_STRUCTURED,ai_abstained,ABSTAIN,False,muse,stored,analyst_abstain_below_adjudication_floor,False,ABSTAIN,
903871_1789093630_118426656_1789102197_GBPJPY_3303,903871,903871_1789093630_118426656,GBPJPY,1789102196,ASIA,NK,CALL,REQUIRED_NEW_DECISION,meaningful_change,REQUIRED_NEW_DECISION,meaningful_change,price_drift|new_candidate,903871_1789093630_118426656_1789101580_GBPJPY_29584,10.283333333333333,0.0,FULL_STRUCTURED,ai_abstained,ABSTAIN,False,muse,stored,analyst_abstain_below_adjudication_floor,False,ABSTAIN,
903871_1789093630_118426656_1789102811_GBPJPY_5193,903871,903871_1789093630_118426656,GBPJPY,1789102810,ASIA,NK,CALL,OTHER_REQUIRED,borderline_prior_requires_fresh_review,OTHER_REQUIRED,borderline_prior_requires_fresh_review,,903871_1789093630_118426656_1789102197_GBPJPY_3303,10.233333333333333,0.0,FULL_STRUCTURED,ai_abstained,ABSTAIN,False,muse,stored,analyst_abstain_below_adjudication_floor,False,ABSTAIN,
903871_1789093630_118426656_1789103435_GBPJPY_7629,903871,903871_1789093630_118426656,GBPJPY,1789103434,ASIA,NK,CALL,REQUIRED_NEW_DECISION,meaningful_change,REQUIRED_NEW_DECISION,meaningful_change,request_state:po3.developing_bos+po3.has_sweep+po3.liquidity_kind+po3.ltf_bos+po3.structure_type+po3.sweep_side+po3.t_disp+po3.t_sweep|new_candidate,903871_1789093630_118426656_1789102811_GBPJPY_5193,10.4,0.0,FULL_STRUCTURED,ai_abstained,ABSTAIN,False,muse,stored,analyst_abstain_below_adjudication_floor,False,ABSTAIN,
903871_1789093630_118426656_1789104089_GBPJPY_745,903871,903871_1789093630_118426656,GBPJPY,1789104088,ASIA,NK,CALL,REQUIRED_NEW_DECISION,meaningful_change,REQUIRED_NEW_DECISION,meaningful_change,request_state:po3.developing_bos+po3.has_sweep+po3.liquidity_kind+po3.ltf_bos+po3.structure_type+po3.sweep_side+po3.t_sweep|candidate_state:entry_trigger_phase+fvg_execution_class+fvg_mitigation_state+fvg_touched|price_drift|new_candidate,903871_1789093630_118426656_1789103435_GBPJPY_7629,10.9,0.0,FULL_STRUCTURED,ai_rejected,REJECT,False,muse,stored,analyst_reject,False,REJECT,
903871_1789093630_118426656_1789105494_GBPJPY_13147,903871,903871_1789093630_118426656,GBPJPY,1789105493,ASIA,NK,REUSE,UNCHANGED_STATE,unchanged_decisive_non_approval_within_ttl,UNCHANGED_STATE,unchanged_decisive_non_approval_within_ttl,,903871_1789093630_118426656_1789104089_GBPJPY_745,23.416666666666668,30.0,FULL_STRUCTURED,ai_rejected,REJECT,False,muse,,analyst_reject,False,REJECT,
903871_1789093630_118426656_1789106971_GBPJPY_5146,903871,903871_1789093630_118426656,GBPJPY,1789106970,ASIA,NK,CALL,OTHER_REQUIRED,decisive_prior_ttl_expired,OTHER_REQUIRED,decisive_prior_ttl_expired,,903871_1789093630_118426656_1789104089_GBPJPY_745,48.03333333333333,30.0,FULL_STRUCTURED,ai_rejected,REJECT,False,muse,stored,analyst_reject,False,REJECT,
903871_1789093630_118426656_1789107739_GBPJPY_32649,903871,903871_1789093630_118426656,GBPJPY,1789107738,ASIA,NK,CALL,REQUIRED_NEW_DECISION,meaningful_change,REQUIRED_NEW_DECISION,meaningful_change,request_state:po3.developing_bos+po3.has_sweep+po3.liquidity_kind+po3.ltf_bos+po3.structure_type+po3.sweep_side+po3.t_sweep|new_candidate,903871_1789093630_118426656_1789106971_GBPJPY_5146,12.8,0.0,FULL_STRUCTURED,ai_abstained,ABSTAIN,False,muse,stored,analyst_abstain_below_adjudication_floor,False,ABSTAIN,
903871_1789148402_173202328_1789148584_GBPJPY_24447,903871,903871_1789148402_173202328,GBPJPY,1789148583,LON,NK,CALL,SCHEDULED_REVIEW_WITH_MEANINGFUL_CHANGE,meaningful_change,SCHEDULED_REVIEW_WITH_MEANINGFUL_CHANGE,meaningful_change,identity:runtime_input_hash|session_transition|request_state:po3.context_tier+po3.has_bos+po3.has_sweep+po3.htf_bos+po3.htf_choch+po3.htf_mss+po3.liquidity_kind+po3.ltf_bos+po3.po3_state+po3.structure_type+po3.sweep_side+po3.t_bos+po3.t_sweep|new_candidate,903871_1789093630_118426656_1789107739_GBPJPY_32649,680.75,0.0,FULL_STRUCTURED,ai_abstained,ABSTAIN,False,muse,stored,analyst_abstain_below_adjudication_floor,False,ABSTAIN,
903871_1789148402_173202328_1789153480_GBPJPY_18869,903871,903871_1789148402_173202328,GBPJPY,1789153479,OFF,NK,CALL,SCHEDULED_REVIEW_WITH_MEANINGFUL_CHANGE,meaningful_change,SCHEDULED_REVIEW_WITH_MEANINGFUL_CHANGE,meaningful_change,session_transition|new_candidate|price_drift,903871_1789148402_173202328_1789148584_GBPJPY_24447,81.6,0.0,FULL_STRUCTURED,ai_rejected,REJECT,False,muse,stored,analyst_reject,False,REJECT,
903871_1789148402_173202328_1789154095_GBPJPY_3609,903871,903871_1789148402_173202328,GBPJPY,1789154094,OFF,NK,CALL,REQUIRED_NEW_DECISION,meaningful_change,REQUIRED_NEW_DECISION,meaningful_change,price_drift,903871_1789148402_173202328_1789153480_GBPJPY_18869,10.25,0.0,FULL_STRUCTURED,ai_rejected,REJECT,False,muse,stored,analyst_reject,False,REJECT,
903871_1789148402_173202328_1789154707_GBPJPY_10170,903871,903871_1789148402_173202328,GBPJPY,1789154706,OFF,NK,REUSE,UNCHANGED_STATE,unchanged_decisive_non_approval_within_ttl,UNCHANGED_STATE,unchanged_decisive_non_approval_within_ttl,,903871_1789148402_173202328_1789154095_GBPJPY_3609,10.2,30.0,FULL_STRUCTURED,ai_rejected,REJECT,False,muse,,analyst_reject,False,REJECT,
903871_1789148402_173202328_1789155319_GBPJPY_4389,903871,903871_1789148402_173202328,GBPJPY,1789155318,OFF,NK,REUSE,UNCHANGED_STATE,unchanged_decisive_non_approval_within_ttl,UNCHANGED_STATE,unchanged_decisive_non_approval_within_ttl,,903871_1789148402_173202328_1789154095_GBPJPY_3609,20.4,30.0,FULL_STRUCTURED,ai_rejected,REJECT,False,muse,,analyst_reject,False,REJECT,
903871_1789148402_173202328_1789155936_GBPJPY_31170,903871,903871_1789148402_173202328,GBPJPY,1789155935,OFF,NK,CALL,OTHER_REQUIRED,decisive_prior_ttl_expired,OTHER_REQUIRED,decisive_prior_ttl_expired,,903871_1789148402_173202328_1789154095_GBPJPY_3609,30.683333333333334,30.0,FULL_STRUCTURED,ai_rejected,REJECT,False,muse,stored,analyst_reject,False,REJECT,
903871_1789148402_173202328_1789156550_GBPJPY_29005,903871,903871_1789148402_173202328,GBPJPY,1789156548,OFF,NK,CALL,REQUIRED_NEW_DECISION,meaningful_change,REQUIRED_NEW_DECISION,meaningful_change,identity:python.model_id+python.provider_id,903871_1789148402_173202328_1789155936_GBPJPY_31170,10.216666666666667,0.0,FULL_STRUCTURED,ai_rejected,REJECT,False,luna,stored,analyst_reject,False,REJECT,
903871_1789148402_173202328_1789157167_GBPJPY_1597,903871,903871_1789148402_173202328,GBPJPY,1789157166,OFF,NK,REUSE,UNCHANGED_STATE,unchanged_decisive_non_approval_within_ttl,UNCHANGED_STATE,unchanged_decisive_non_approval_within_ttl,,903871_1789148402_173202328_1789156550_GBPJPY_29005,10.3,30.0,FULL_STRUCTURED,ai_rejected,REJECT,False,luna,,analyst_reject,False,REJECT,
903871_1789148402_173202328_1789157784_GBPJPY_10376,903871,903871_1789148402_173202328,GBPJPY,1789157783,OFF,NK,REUSE,UNCHANGED_STATE,unchanged_decisive_non_approval_within_ttl,UNCHANGED_STATE,unchanged_decisive_non_approval_within_ttl,,903871_1789148402_173202328_1789156550_GBPJPY_29005,20.583333333333332,30.0,FULL_STRUCTURED,ai_rejected,REJECT,False,luna,,analyst_reject,False,REJECT,
903871_1789148402_173202328_1789158408_GBPJPY_13242,903871,903871_1789148402_173202328,GBPJPY,1789158406,OFF,NK,CALL,OTHER_REQUIRED,decisive_prior_ttl_expired,OTHER_REQUIRED,decisive_prior_ttl_expired,,903871_1789148402_173202328_1789156550_GBPJPY_29005,30.966666666666665,30.0,FULL_STRUCTURED,ai_rejected,REJECT,False,luna,stored,analyst_reject,False,REJECT,
903871_1789148402_173202328_1789159027_GBPJPY_11753,903871,903871_1789148402_173202328,GBPJPY,1789159026,OFF,NK,CALL,REQUIRED_NEW_DECISION,meaningful_change,REQUIRED_NEW_DECISION,meaningful_change,price_drift,903871_1789148402_173202328_1789158408_GBPJPY_13242,10.333333333333334,0.0,FULL_STRUCTURED,ai_rejected,REJECT,False,luna,stored,analyst_reject,False,REJECT,
903871_1789148402_173202328_1789159645_GBPJPY_5388,903871,903871_1789148402_173202328,GBPJPY,1789159643,OFF,NK,REUSE,UNCHANGED_STATE,unchanged_decisive_non_approval_within_ttl,UNCHANGED_STATE,unchanged_decisive_non_approval_within_ttl,,903871_1789148402_173202328_1789159027_GBPJPY_11753,10.283333333333333,30.0,FULL_STRUCTURED,ai_abstained,ABSTAIN,False,luna,,analyst_abstain_below_adjudication_floor,False,ABSTAIN,
903871_1789148402_173202328_1789160263_GBPJPY_16974,903871,903871_1789148402_173202328,GBPJPY,1789160262,OFF,NK,REUSE,UNCHANGED_STATE,unchanged_decisive_non_approval_within_ttl,UNCHANGED_STATE,unchanged_decisive_non_approval_within_ttl,,903871_1789148402_173202328_1789159027_GBPJPY_11753,20.6,30.0,FULL_STRUCTURED,ai_abstained,ABSTAIN,False,luna,,analyst_abstain_below_adjudication_floor,False,ABSTAIN,
903871_1789148402_173202328_1789161500_GBPJPY_10807,903871,903871_1789148402_173202328,GBPJPY,1789161498,OFF,NK,CALL,SCHEDULED_REVIEW_WITH_MEANINGFUL_CHANGE,meaningful_change,SCHEDULED_REVIEW_WITH_MEANINGFUL_CHANGE,meaningful_change,regime_label,903871_1789148402_173202328_1789159027_GBPJPY_11753,41.2,0.0,FULL_STRUCTURED,ai_abstained,ABSTAIN,False,luna,stored,analyst_abstain_below_adjudication_floor,False,ABSTAIN,
903871_1789148402_173202328_1789162120_GBPJPY_27988,903871,903871_1789148402_173202328,GBPJPY,1789162118,OFF,NK,CALL,OTHER_REQUIRED,borderline_prior_requires_fresh_review,OTHER_REQUIRED,borderline_prior_requires_fresh_review,,903871_1789148402_173202328_1789161500_GBPJPY_10807,10.333333333333334,0.0,FULL_STRUCTURED,ai_abstained,ABSTAIN,False,luna,stored,analyst_abstain_below_adjudication_floor,False,ABSTAIN,
903871_1789148402_173202328_1789162735_GBPJPY_18470,903871,903871_1789148402_173202328,GBPJPY,1789162734,OFF,NK,CALL,OTHER_REQUIRED,borderline_prior_requires_fresh_review,OTHER_REQUIRED,borderline_prior_requires_fresh_review,,903871_1789148402_173202328_1789162120_GBPJPY_27988,10.266666666666667,0.0,FULL_STRUCTURED,ai_rejected,REJECT,False,luna,stored,analyst_reject,False,REJECT,
903871_1789148402_173202328_1789163359_GBPJPY_9950,903871,903871_1789148402_173202328,GBPJPY,1789163358,OFF,NK,REUSE,UNCHANGED_STATE,unchanged_decisive_non_approval_within_ttl,UNCHANGED_STATE,unchanged_decisive_non_approval_within_ttl,,903871_1789148402_173202328_1789162735_GBPJPY_18470,10.4,30.0,FULL_STRUCTURED,ai_rejected,REJECT,False,luna,,analyst_reject,False,REJECT,
903871_1789148402_173202328_1789163976_GBPJPY_17173,903871,903871_1789148402_173202328,GBPJPY,1789163975,OFF,NK,CALL,REQUIRED_NEW_DECISION,meaningful_change,REQUIRED_NEW_DECISION,meaningful_change,price_drift,903871_1789148402_173202328_1789162735_GBPJPY_18470,20.683333333333334,0.0,FULL_STRUCTURED,ai_rejected,REJECT,False,luna,stored,analyst_reject,False,REJECT,
903871_1789148402_173202328_1789164597_GBPJPY_3308,903871,903871_1789148402_173202328,GBPJPY,1789164595,OFF,NK,CALL,OTHER_REQUIRED,borderline_prior_requires_fresh_review,OTHER_REQUIRED,borderline_prior_requires_fresh_review,,903871_1789148402_173202328_1789163976_GBPJPY_17173,10.333333333333334,0.0,FULL_STRUCTURED,ai_abstained,ABSTAIN,False,luna,stored,analyst_abstain_below_adjudication_floor,False,ABSTAIN,
903871_1789148402_173202328_1789165219_GBPJPY_4547,903871,903871_1789148402_173202328,GBPJPY,1789165218,OFF,NK,CALL,OTHER_REQUIRED,borderline_prior_requires_fresh_review,OTHER_REQUIRED,borderline_prior_requires_fresh_review,,903871_1789148402_173202328_1789164597_GBPJPY_3308,10.383333333333333,0.0,FULL_STRUCTURED,ai_rejected,REJECT,False,luna,stored,analyst_reject,False,REJECT,
903871_1789148402_173202328_1789165836_GBPJPY_7244,903871,903871_1789148402_173202328,GBPJPY,1789165835,OFF,NK,REUSE,UNCHANGED_STATE,unchanged_decisive_non_approval_within_ttl,UNCHANGED_STATE,unchanged_decisive_non_approval_within_ttl,,903871_1789148402_173202328_1789165219_GBPJPY_4547,10.283333333333333,30.0,FULL_STRUCTURED,ai_rejected,REJECT,False,luna,,analyst_reject,False,REJECT,
903871_1789148402_173202328_1789166456_GBPJPY_14093,903871,903871_1789148402_173202328,GBPJPY,1789166455,OFF,NK,REUSE,UNCHANGED_STATE,unchanged_decisive_non_approval_within_ttl,UNCHANGED_STATE,unchanged_decisive_non_approval_within_ttl,,903871_1789148402_173202328_1789165219_GBPJPY_4547,20.616666666666667,30.0,FULL_STRUCTURED,ai_rejected,REJECT,False,luna,,analyst_reject,False,REJECT,
903871_1789148402_173202328_1789167071_GBPJPY_18682,903871,903871_1789148402_173202328,GBPJPY,1789167070,OFF,NK,CALL,OTHER_REQUIRED,decisive_prior_ttl_expired,OTHER_REQUIRED,decisive_prior_ttl_expired,,903871_1789148402_173202328_1789165219_GBPJPY_4547,30.866666666666667,30.0,FULL_STRUCTURED,ai_rejected,REJECT,False,luna,stored,analyst_reject,False,REJECT,
903871_1789148402_173202328_1789167692_GBPJPY_18701,903871,903871_1789148402_173202328,GBPJPY,1789167691,NY,K,CALL,SCHEDULED_REVIEW_WITH_MEANINGFUL_CHANGE,meaningful_change,SCHEDULED_REVIEW_WITH_MEANINGFUL_CHANGE,meaningful_change,session_transition|killzone_transition,903871_1789148402_173202328_1789167071_GBPJPY_18682,10.35,0.0,FULL_STRUCTURED,ai_rejected,REJECT,False,luna,stored,analyst_reject,False,REJECT,
903871_1789148402_173202328_1789168134_GBPJPY_29945,903871,903871_1789148402_173202328,GBPJPY,1789168133,NY,K,CALL,SCHEDULED_REVIEW_WITH_MEANINGFUL_CHANGE,meaningful_change,SCHEDULED_REVIEW_WITH_MEANINGFUL_CHANGE,meaningful_change,price_drift|new_candidate,903871_1789148402_173202328_1789167692_GBPJPY_18701,7.366666666666666,0.0,FULL_STRUCTURED,ai_approved,APPROVE,True,luna,stored,analyst_approve_critic_pass,False,APPROVE,
903871_1789148402_173202328_1789168754_GBPJPY_28856,903871,903871_1789148402_173202328,GBPJPY,1789168753,NY,K,CALL,REQUIRED_NEW_DECISION,prior_decision_approved_never_reused,REQUIRED_NEW_DECISION,prior_decision_approved_never_reused,,903871_1789148402_173202328_1789168134_GBPJPY_29945,10.333333333333334,0.0,FULL_STRUCTURED,ai_rejected,REJECT,False,luna,stored,analyst_reject,False,REJECT,
903871_1789148402_173202328_1789169375_GBPJPY_3422,903871,903871_1789148402_173202328,GBPJPY,1789169375,NY,K,CALL,SCHEDULED_REVIEW_WITH_MEANINGFUL_CHANGE,meaningful_change,SCHEDULED_REVIEW_WITH_MEANINGFUL_CHANGE,meaningful_change,new_candidate,903871_1789148402_173202328_1789168754_GBPJPY_28856,10.366666666666667,0.0,FULL_STRUCTURED,ai_approved,APPROVE,True,luna,stored,analyst_approve_critic_pass,False,APPROVE,
903871_1788999394_24185000_1789008638_GBPNZD_16806,903871,903871_1788999394_24185000,GBPNZD,1789008637,NY,NK,CALL,REQUIRED_NEW_DECISION,no_prior_authoritative_decision,REQUIRED_NEW_DECISION,no_prior_authoritative_decision,,,,0.0,FULL_STRUCTURED,ai_abstained,ABSTAIN,False,muse,stored,analyst_abstain_below_adjudication_floor,False,ABSTAIN,
903871_1788999394_24185000_1789009255_GBPNZD_11893,903871,903871_1788999394_24185000,GBPNZD,1789009255,ASIA,NK,CALL,REQUIRED_NEW_DECISION,meaningful_change,REQUIRED_NEW_DECISION,meaningful_change,session_transition|price_drift,903871_1788999394_24185000_1789008638_GBPNZD_16806,10.3,0.0,FULL_STRUCTURED,ai_abstained,ABSTAIN,False,muse,stored,analyst_abstain_below_adjudication_floor,False,ABSTAIN,
903871_1788999394_24185000_1789046185_GBPNZD_12054,903871,903871_1788999394_24185000,GBPNZD,1789046184,LON,NK,CALL,SCHEDULED_REVIEW_WITH_MEANINGFUL_CHANGE,meaningful_change,SCHEDULED_REVIEW_WITH_MEANINGFUL_CHANGE,meaningful_change,session_transition|new_candidate,903871_1788999394_24185000_1789009255_GBPNZD_11893,615.4833333333333,0.0,FULL_STRUCTURED,ai_abstained,ABSTAIN,False,muse,stored,qualitative_dispute_unresolved,True,ABSTAIN,
903871_1788999394_24185000_1789047618_GBPNZD_18857,903871,903871_1788999394_24185000,GBPNZD,1789047618,LON,NK,CALL,SCHEDULED_REVIEW_WITH_MEANINGFUL_CHANGE,meaningful_change,SCHEDULED_REVIEW_WITH_MEANINGFUL_CHANGE,meaningful_change,new_candidate,903871_1788999394_24185000_1789046185_GBPNZD_12054,23.9,0.0,FULL_STRUCTURED,ai_abstained,ABSTAIN,False,muse,stored,analyst_abstain_below_adjudication_floor,False,ABSTAIN,
903871_1788999394_24185000_1789050120_GBPNZD_25229,903871,903871_1788999394_24185000,GBPNZD,1789050119,LON,NK,CALL,SCHEDULED_REVIEW_WITH_MEANINGFUL_CHANGE,meaningful_change,SCHEDULED_REVIEW_WITH_MEANINGFUL_CHANGE,meaningful_change,request_state:is_buy+po3.liquidity_kind+po3.sweep_side+po3.t_bos+po3.t_disp+po3.t_sweep|new_candidate,903871_1788999394_24185000_1789047618_GBPNZD_18857,41.68333333333333,0.0,FULL_STRUCTURED,ai_abstained,ABSTAIN,False,muse,stored,analyst_abstain_below_adjudication_floor,False,ABSTAIN,
903871_1788999394_24185000_1789052441_GBPNZD_7863,903871,903871_1788999394_24185000,GBPNZD,1789052440,LON,NK,CALL,OTHER_REQUIRED,borderline_prior_requires_fresh_review,OTHER_REQUIRED,borderline_prior_requires_fresh_review,,903871_1788999394_24185000_1789050120_GBPNZD_25229,38.68333333333333,0.0,FULL_STRUCTURED,ai_abstained,ABSTAIN,False,muse,stored,analyst_abstain_below_adjudication_floor,False,ABSTAIN,
903871_1789093630_118426656_1789099124_GBPNZD_5747,903871,903871_1789093630_118426656,GBPNZD,1789099123,ASIA,NK,CALL,SCHEDULED_REVIEW_WITH_MEANINGFUL_CHANGE,meaningful_change,SCHEDULED_REVIEW_WITH_MEANINGFUL_CHANGE,meaningful_change,session_transition|price_drift,903871_1788999394_24185000_1789052441_GBPNZD_7863,778.05,0.0,FULL_STRUCTURED,ai_abstained,ABSTAIN,False,muse,stored,analyst_abstain_below_adjudication_floor,False,ABSTAIN,
903871_1789093630_118426656_1789099738_GBPNZD_30915,903871,903871_1789093630_118426656,GBPNZD,1789099737,ASIA,NK,CALL,OTHER_REQUIRED,borderline_prior_requires_fresh_review,OTHER_REQUIRED,borderline_prior_requires_fresh_review,,903871_1789093630_118426656_1789099124_GBPNZD_5747,10.233333333333333,0.0,FULL_STRUCTURED,ai_abstained,ABSTAIN,False,muse,stored,analyst_abstain_below_adjudication_floor,False,ABSTAIN,
903871_1789093630_118426656_1789100352_GBPNZD_31762,903871,903871_1789093630_118426656,GBPNZD,1789100351,ASIA,NK,CALL,OTHER_REQUIRED,borderline_prior_requires_fresh_review,OTHER_REQUIRED,borderline_prior_requires_fresh_review,,903871_1789093630_118426656_1789099738_GBPNZD_30915,10.233333333333333,0.0,FULL_STRUCTURED,ai_abstained,ABSTAIN,False,muse,stored,analyst_abstain_below_adjudication_floor,False,ABSTAIN,
903871_1789093630_118426656_1789100962_GBPNZD_31161,903871,903871_1789093630_118426656,GBPNZD,1789100961,ASIA,NK,CALL,REQUIRED_NEW_DECISION,meaningful_change,REQUIRED_NEW_DECISION,meaningful_change,identity:python.model_id+python.provider_id,903871_1789093630_118426656_1789100352_GBPNZD_31762,10.166666666666666,0.0,FULL_STRUCTURED,ai_approved,APPROVE,True,luna,stored,analyst_approve_critic_pass,False,APPROVE,
903871_1789093630_118426656_1789101580_GBPNZD_5459,903871,903871_1789093630_118426656,GBPNZD,1789101579,ASIA,NK,CALL,REQUIRED_NEW_DECISION,prior_decision_approved_never_reused,REQUIRED_NEW_DECISION,prior_decision_approved_never_reused,,903871_1789093630_118426656_1789100962_GBPNZD_31161,10.3,0.0,FULL_STRUCTURED,ai_abstained,ABSTAIN,False,muse,stored,analyst_abstain_below_adjudication_floor,False,ABSTAIN,
903871_1789093630_118426656_1789102197_GBPNZD_24377,903871,903871_1789093630_118426656,GBPNZD,1789102196,ASIA,NK,CALL,OTHER_REQUIRED,borderline_prior_requires_fresh_review,OTHER_REQUIRED,borderline_prior_requires_fresh_review,,903871_1789093630_118426656_1789101580_GBPNZD_5459,10.283333333333333,0.0,FULL_STRUCTURED,ai_abstained,ABSTAIN,False,muse,stored,analyst_abstain_below_adjudication_floor,False,ABSTAIN,
903871_1789093630_118426656_1789102811_GBPNZD_16317,903871,903871_1789093630_118426656,GBPNZD,1789102810,ASIA,NK,CALL,REQUIRED_NEW_DECISION,meaningful_change,REQUIRED_NEW_DECISION,meaningful_change,new_candidate,903871_1789093630_118426656_1789102197_GBPNZD_24377,10.233333333333333,0.0,FULL_STRUCTURED,ai_abstained,ABSTAIN,False,muse,stored,analyst_abstain_below_adjudication_floor,False,ABSTAIN,
903871_1789093630_118426656_1789103435_GBPNZD_18072,903871,903871_1789093630_118426656,GBPNZD,1789103434,ASIA,NK,CALL,REQUIRED_NEW_DECISION,meaningful_change,REQUIRED_NEW_DECISION,meaningful_change,new_candidate,903871_1789093630_118426656_1789102811_GBPNZD_16317,10.4,0.0,FULL_STRUCTURED,ai_abstained,ABSTAIN,False,muse,stored,analyst_abstain_below_adjudication_floor,False,ABSTAIN,
903871_1789093630_118426656_1789104089_GBPNZD_3282,903871,903871_1789093630_118426656,GBPNZD,1789104088,ASIA,NK,CALL,REQUIRED_NEW_DECISION,meaningful_change,REQUIRED_NEW_DECISION,meaningful_change,price_drift,903871_1789093630_118426656_1789103435_GBPNZD_18072,10.9,0.0,FULL_STRUCTURED,ai_abstained,ABSTAIN,False,muse,stored,analyst_abstain_below_adjudication_floor,False,ABSTAIN,
903871_1789093630_118426656_1789104772_GBPNZD_9264,903871,903871_1789093630_118426656,GBPNZD,1789104771,ASIA,NK,CALL,REQUIRED_NEW_DECISION,meaningful_change,REQUIRED_NEW_DECISION,meaningful_change,new_candidate,903871_1789093630_118426656_1789104089_GBPNZD_3282,11.383333333333333,0.0,FULL_STRUCTURED,ai_rejected,REJECT,False,muse,stored,analyst_reject,False,REJECT,
903871_1789093630_118426656_1789105493_GBPNZD_20056,903871,903871_1789093630_118426656,GBPNZD,1789105492,ASIA,NK,CALL,REQUIRED_NEW_DECISION,meaningful_change,REQUIRED_NEW_DECISION,meaningful_change,new_candidate,903871_1789093630_118426656_1789104772_GBPNZD_9264,12.016666666666667,0.0,FULL_STRUCTURED,ai_abstained,ABSTAIN,False,muse,stored,analyst_abstain_below_adjudication_floor,False,ABSTAIN,
903871_1789093630_118426656_1789106175_GBPNZD_2317,903871,903871_1789093630_118426656,GBPNZD,1789106173,ASIA,NK,CALL,OTHER_REQUIRED,borderline_prior_requires_fresh_review,OTHER_REQUIRED,borderline_prior_requires_fresh_review,,903871_1789093630_118426656_1789105493_GBPNZD_20056,11.35,0.0,FULL_STRUCTURED,ai_abstained,ABSTAIN,False,muse,stored,analyst_abstain_below_adjudication_floor,False,ABSTAIN,
903871_1789093630_118426656_1789106971_GBPNZD_7314,903871,903871_1789093630_118426656,GBPNZD,1789106970,ASIA,NK,CALL,OTHER_REQUIRED,borderline_prior_requires_fresh_review,OTHER_REQUIRED,borderline_prior_requires_fresh_review,,903871_1789093630_118426656_1789106175_GBPNZD_2317,13.283333333333333,0.0,FULL_STRUCTURED,ai_abstained,ABSTAIN,False,muse,stored,analyst_abstain_below_adjudication_floor,False,ABSTAIN,
903871_1789093630_118426656_1789107739_GBPNZD_7044,903871,903871_1789093630_118426656,GBPNZD,1789107738,ASIA,NK,CALL,REQUIRED_NEW_DECISION,meaningful_change,REQUIRED_NEW_DECISION,meaningful_change,price_drift|new_candidate,903871_1789093630_118426656_1789106971_GBPNZD_7314,12.8,0.0,FULL_STRUCTURED,ai_abstained,ABSTAIN,False,muse,stored,analyst_abstain_below_adjudication_floor,False,ABSTAIN,
903871_1789093630_118426656_1789108723_GBPNZD_31831,903871,903871_1789093630_118426656,GBPNZD,1789108721,ASIA,NK,CALL,REQUIRED_NEW_DECISION,meaningful_change,REQUIRED_NEW_DECISION,meaningful_change,price_drift|new_candidate,903871_1789093630_118426656_1789107739_GBPNZD_7044,16.383333333333333,0.0,FULL_STRUCTURED,ai_abstained,ABSTAIN,False,muse,stored,analyst_abstain_below_adjudication_floor,False,ABSTAIN,
903871_1789148402_173202328_1789149197_GBPNZD_5672,903871,903871_1789148402_173202328,GBPNZD,1789149196,LON,NK,CALL,SCHEDULED_REVIEW_WITH_MEANINGFUL_CHANGE,meaningful_change,SCHEDULED_REVIEW_WITH_MEANINGFUL_CHANGE,meaningful_change,identity:runtime_input_hash|session_transition|request_state:is_buy+po3.has_follow_through+po3.htf_choch+po3.htf_mss+po3.liquidity_kind+po3.ltf_choch+po3.ltf_mss+po3.structure_type+po3.sweep_side+po3.t_bos+po3.t_disp+po3.t_sweep|new_candidate,903871_1789093630_118426656_1789108723_GBPNZD_31831,674.5833333333334,0.0,FULL_STRUCTURED,ai_abstained,ABSTAIN,False,muse,stored,analyst_abstain_below_adjudication_floor,False,ABSTAIN,
903871_1789148402_173202328_1789157167_GBPNZD_3677,903871,903871_1789148402_173202328,GBPNZD,1789157166,OFF,NK,CALL,SCHEDULED_REVIEW_WITH_MEANINGFUL_CHANGE,meaningful_change,SCHEDULED_REVIEW_WITH_MEANINGFUL_CHANGE,meaningful_change,identity:python.model_id+python.provider_id|session_transition|request_state:is_buy+po3.context_tier+po3.developing_bos+po3.has_bos+po3.has_follow_through+po3.htf_bos+po3.liquidity_kind+po3.ltf_choch+po3.ltf_mss+po3.po3_state+po3.structure_type+po3.sweep_side+po3.t_bos+po3.t_disp+po3.t_sweep|new_candidate,903871_1789148402_173202328_1789149197_GBPNZD_5672,132.83333333333334,0.0,FULL_STRUCTURED,ai_abstained,ABSTAIN,False,luna,stored,analyst_abstain_below_adjudication_floor,False,ABSTAIN,
903871_1789148402_173202328_1789157784_GBPNZD_12466,903871,903871_1789148402_173202328,GBPNZD,1789157783,OFF,NK,REUSE,UNCHANGED_STATE,unchanged_decisive_non_approval_within_ttl,UNCHANGED_STATE,unchanged_decisive_non_approval_within_ttl,,903871_1789148402_173202328_1789157167_GBPNZD_3677,10.283333333333333,30.0,FULL_STRUCTURED,ai_abstained,ABSTAIN,False,luna,,analyst_abstain_below_adjudication_floor,False,ABSTAIN,
903871_1789148402_173202328_1789158408_GBPNZD_22318,903871,903871_1789148402_173202328,GBPNZD,1789158406,OFF,NK,REUSE,UNCHANGED_STATE,unchanged_decisive_non_approval_within_ttl,UNCHANGED_STATE,unchanged_decisive_non_approval_within_ttl,,903871_1789148402_173202328_1789157167_GBPNZD_3677,20.666666666666668,30.0,FULL_STRUCTURED,ai_abstained,ABSTAIN,False,luna,,analyst_abstain_below_adjudication_floor,False,ABSTAIN,
903871_1789148402_173202328_1789159027_GBPNZD_767,903871,903871_1789148402_173202328,GBPNZD,1789159026,OFF,NK,CALL,OTHER_REQUIRED,decisive_prior_ttl_expired,OTHER_REQUIRED,decisive_prior_ttl_expired,,903871_1789148402_173202328_1789157167_GBPNZD_3677,31.0,30.0,FULL_STRUCTURED,ai_abstained,ABSTAIN,False,luna,stored,analyst_abstain_below_adjudication_floor,False,ABSTAIN,
903871_1789148402_173202328_1789159645_GBPNZD_10150,903871,903871_1789148402_173202328,GBPNZD,1789159643,OFF,NK,CALL,REQUIRED_NEW_DECISION,meaningful_change,REQUIRED_NEW_DECISION,meaningful_change,identity:python.model_id+python.provider_id|new_candidate,903871_1789148402_173202328_1789159027_GBPNZD_767,10.283333333333333,0.0,DEGRADED_NON_TRADING,provider_transport_error,REJECT,False,other,non_full_structured_decision,,False,,
903871_1789148402_173202328_1789160263_GBPNZD_6971,903871,903871_1789148402_173202328,GBPNZD,1789160262,OFF,NK,CALL,REQUIRED_NEW_DECISION,meaningful_change,REQUIRED_NEW_DECISION,meaningful_change,candidate_state:target_source+tp_model|price_drift|new_candidate,903871_1789148402_173202328_1789159027_GBPNZD_767,20.6,0.0,FULL_STRUCTURED,ai_abstained,ABSTAIN,False,luna,stored,analyst_abstain_below_adjudication_floor,False,ABSTAIN,
903871_1789148402_173202328_1789160882_GBPNZD_15503,903871,903871_1789148402_173202328,GBPNZD,1789160880,OFF,NK,CALL,REQUIRED_NEW_DECISION,meaningful_change,REQUIRED_NEW_DECISION,meaningful_change,candidate_state:target_source+tp_model,903871_1789148402_173202328_1789160263_GBPNZD_6971,10.3,0.0,FULL_STRUCTURED,ai_rejected,REJECT,False,luna,stored,analyst_reject,False,REJECT,
903871_1789148402_173202328_1789161500_GBPNZD_30316,903871,903871_1789148402_173202328,GBPNZD,1789161498,OFF,NK,REUSE,UNCHANGED_STATE,unchanged_decisive_non_approval_within_ttl,UNCHANGED_STATE,unchanged_decisive_non_approval_within_ttl,,903871_1789148402_173202328_1789160882_GBPNZD_15503,10.3,30.0,FULL_STRUCTURED,ai_abstained,ABSTAIN,False,luna,,analyst_abstain_below_adjudication_floor,False,ABSTAIN,
903871_1789148402_173202328_1789162120_GBPNZD_27283,903871,903871_1789148402_173202328,GBPNZD,1789162118,OFF,NK,CALL,REQUIRED_NEW_DECISION,meaningful_change,REQUIRED_NEW_DECISION,meaningful_change,price_drift|new_candidate,903871_1789148402_173202328_1789160882_GBPNZD_15503,20.633333333333333,0.0,FULL_STRUCTURED,ai_abstained,ABSTAIN,False,luna,stored,analyst_abstain_below_adjudication_floor,False,ABSTAIN,
903871_1789148402_173202328_1789162735_GBPNZD_26386,903871,903871_1789148402_173202328,GBPNZD,1789162734,OFF,NK,CALL,REQUIRED_NEW_DECISION,meaningful_change,REQUIRED_NEW_DECISION,meaningful_change,new_candidate,903871_1789148402_173202328_1789162120_GBPNZD_27283,10.266666666666667,0.0,FULL_STRUCTURED,ai_abstained,ABSTAIN,False,luna,stored,qualitative_dispute_unresolved,True,ABSTAIN,
903871_1789148402_173202328_1789163360_GBPNZD_14071,903871,903871_1789148402_173202328,GBPNZD,1789163358,OFF,NK,CALL,REQUIRED_NEW_DECISION,meaningful_change,REQUIRED_NEW_DECISION,meaningful_change,new_candidate,903871_1789148402_173202328_1789162735_GBPNZD_26386,10.4,0.0,FULL_STRUCTURED,ai_rejected,REJECT,False,luna,stored,analyst_reject,False,REJECT,
903871_1789148402_173202328_1789163976_GBPNZD_28924,903871,903871_1789148402_173202328,GBPNZD,1789163975,OFF,NK,CALL,REQUIRED_NEW_DECISION,meaningful_change,REQUIRED_NEW_DECISION,meaningful_change,price_drift|new_candidate,903871_1789148402_173202328_1789163360_GBPNZD_14071,10.283333333333333,0.0,FULL_STRUCTURED,ai_abstained,ABSTAIN,False,luna,stored,analyst_abstain_below_adjudication_floor,False,ABSTAIN,
903871_1789148402_173202328_1789164597_GBPNZD_6002,903871,903871_1789148402_173202328,GBPNZD,1789164595,OFF,NK,CALL,REQUIRED_NEW_DECISION,meaningful_change,REQUIRED_NEW_DECISION,meaningful_change,price_drift|new_candidate,903871_1789148402_173202328_1789163976_GBPNZD_28924,10.333333333333334,0.0,FULL_STRUCTURED,ai_abstained,ABSTAIN,False,luna,stored,qualitative_block_upheld,True,ABSTAIN,
903871_1789148402_173202328_1789165219_GBPNZD_18237,903871,903871_1789148402_173202328,GBPNZD,1789165218,OFF,NK,CALL,REQUIRED_NEW_DECISION,meaningful_change,REQUIRED_NEW_DECISION,meaningful_change,candidate_state:target_source+tp_model,903871_1789148402_173202328_1789164597_GBPNZD_6002,10.383333333333333,0.0,FULL_STRUCTURED,ai_abstained,ABSTAIN,False,luna,stored,qualitative_dispute_unresolved,True,ABSTAIN,
903871_1789148402_173202328_1789165836_GBPNZD_19538,903871,903871_1789148402_173202328,GBPNZD,1789165835,OFF,NK,CALL,REQUIRED_NEW_DECISION,meaningful_change,REQUIRED_NEW_DECISION,meaningful_change,price_drift|candidate_state:target_source+tp_model|new_candidate,903871_1789148402_173202328_1789165219_GBPNZD_18237,10.283333333333333,0.0,FULL_STRUCTURED,ai_abstained,ABSTAIN,False,luna,stored,qualitative_dispute_unresolved,True,ABSTAIN,
903871_1789148402_173202328_1789166456_GBPNZD_31375,903871,903871_1789148402_173202328,GBPNZD,1789166455,OFF,NK,REUSE,UNCHANGED_STATE,unchanged_decisive_non_approval_within_ttl,UNCHANGED_STATE,unchanged_decisive_non_approval_within_ttl,,903871_1789148402_173202328_1789165836_GBPNZD_19538,10.333333333333334,30.0,FULL_STRUCTURED,ai_abstained,ABSTAIN,False,luna,,analyst_abstain_below_adjudication_floor,False,ABSTAIN,
903871_1789148402_173202328_1789167692_GBPNZD_10429,903871,903871_1789148402_173202328,GBPNZD,1789167691,NY,K,CALL,SCHEDULED_REVIEW_WITH_MEANINGFUL_CHANGE,meaningful_change,SCHEDULED_REVIEW_WITH_MEANINGFUL_CHANGE,meaningful_change,session_transition|killzone_transition|candidate_state:target_source+tp_model,903871_1789148402_173202328_1789165836_GBPNZD_19538,30.933333333333334,0.0,FULL_STRUCTURED,ai_abstained,ABSTAIN,False,luna,stored,analyst_abstain_below_adjudication_floor,False,ABSTAIN,
903871_1789148402_173202328_1789168134_GBPNZD_25177,903871,903871_1789148402_173202328,GBPNZD,1789168133,NY,K,CALL,SCHEDULED_REVIEW_WITH_MEANINGFUL_CHANGE,meaningful_change,SCHEDULED_REVIEW_WITH_MEANINGFUL_CHANGE,meaningful_change,candidate_state:target_source+tp_model,903871_1789148402_173202328_1789167692_GBPNZD_10429,7.366666666666666,0.0,FULL_STRUCTURED,ai_rejected,REJECT,False,luna,stored,analyst_reject,False,REJECT,
903871_1789148402_173202328_1789168753_GBPNZD_1893,903871,903871_1789148402_173202328,GBPNZD,1789168753,NY,K,CALL,SCHEDULED_REVIEW_WITH_MEANINGFUL_CHANGE,meaningful_change,SCHEDULED_REVIEW_WITH_MEANINGFUL_CHANGE,meaningful_change,request_state:po3.developing_bos+po3.has_sweep+po3.liquidity_kind+po3.ltf_bos+po3.ltf_choch+po3.ltf_mss+po3.structure_type+po3.sweep_side+po3.t_disp+po3.t_sweep|new_candidate,903871_1789148402_173202328_1789168134_GBPNZD_25177,10.333333333333334,0.0,FULL_STRUCTURED,ai_abstained,ABSTAIN,False,luna,stored,qualitative_dispute_unresolved,True,ABSTAIN,
903871_1789148402_173202328_1789169375_GBPNZD_19411,903871,903871_1789148402_173202328,GBPNZD,1789169375,NY,K,CALL,OTHER_REQUIRED,decisive_prior_ttl_expired,OTHER_REQUIRED,decisive_prior_ttl_expired,,903871_1789148402_173202328_1789168753_GBPNZD_1893,10.366666666666667,7.0,FULL_STRUCTURED,ai_abstained,ABSTAIN,False,luna,stored,analyst_abstain_below_adjudication_floor,False,ABSTAIN,
903871_1788983285_8075437_1788983347_GBPUSD_1543,903871,903871_1788983285_8075437,GBPUSD,1788983346,OFF,NK,CALL,REQUIRED_NEW_DECISION,no_prior_authoritative_decision,REQUIRED_NEW_DECISION,no_prior_authoritative_decision,,,,0.0,FULL_STRUCTURED,ai_abstained,ABSTAIN,False,muse,stored,analyst_abstain_below_adjudication_floor,False,ABSTAIN,
903871_1788983285_8075437_1788983957_GBPUSD_7850,903871,903871_1788983285_8075437,GBPUSD,1788983956,OFF,NK,CALL,REQUIRED_NEW_DECISION,meaningful_change,REQUIRED_NEW_DECISION,meaningful_change,candidate_state:target_source+tp_model|price_drift,903871_1788983285_8075437_1788983347_GBPUSD_1543,10.166666666666666,0.0,FULL_STRUCTURED,ai_abstained,ABSTAIN,False,muse,stored,analyst_abstain_below_adjudication_floor,False,ABSTAIN,
903871_1788983285_8075437_1788990696_GBPUSD_1036,903871,903871_1788983285_8075437,GBPUSD,1788990695,OFF,NK,CALL,SCHEDULED_REVIEW_WITH_MEANINGFUL_CHANGE,meaningful_change,SCHEDULED_REVIEW_WITH_MEANINGFUL_CHANGE,meaningful_change,new_candidate,903871_1788983285_8075437_1788983957_GBPUSD_7850,112.31666666666666,0.0,FULL_STRUCTURED,ai_abstained,ABSTAIN,False,muse,stored,qualitative_dispute_unresolved,True,ABSTAIN,
903871_1788983285_8075437_1788991337_GBPUSD_393,903871,903871_1788983285_8075437,GBPUSD,1788991336,OFF,NK,CALL,REQUIRED_NEW_DECISION,meaningful_change,REQUIRED_NEW_DECISION,meaningful_change,new_candidate,903871_1788983285_8075437_1788990696_GBPUSD_1036,10.683333333333334,0.0,FULL_STRUCTURED,ai_abstained,ABSTAIN,False,muse,stored,qualitative_dispute_unresolved,True,ABSTAIN,
903871_1788983285_8075437_1788991957_GBPUSD_6760,903871,903871_1788983285_8075437,GBPUSD,1788991955,OFF,NK,CALL,REQUIRED_NEW_DECISION,meaningful_change,REQUIRED_NEW_DECISION,meaningful_change,new_candidate|price_drift,903871_1788983285_8075437_1788991337_GBPUSD_393,10.316666666666666,0.0,FULL_STRUCTURED,ai_abstained,ABSTAIN,False,muse,stored,analyst_abstain_below_adjudication_floor,False,ABSTAIN,
903871_1788983285_8075437_1788992574_GBPUSD_6013,903871,903871_1788983285_8075437,GBPUSD,1788992573,OFF,NK,CALL,REQUIRED_NEW_DECISION,meaningful_change,REQUIRED_NEW_DECISION,meaningful_change,price_drift,903871_1788983285_8075437_1788991957_GBPUSD_6760,10.3,0.0,FULL_STRUCTURED,ai_abstained,ABSTAIN,False,muse,stored,analyst_abstain_below_adjudication_floor,False,ABSTAIN,
903871_1788983285_8075437_1788993197_GBPUSD_8117,903871,903871_1788983285_8075437,GBPUSD,1788993196,OFF,NK,CALL,OTHER_REQUIRED,borderline_prior_requires_fresh_review,OTHER_REQUIRED,borderline_prior_requires_fresh_review,,903871_1788983285_8075437_1788992574_GBPUSD_6013,10.383333333333333,0.0,FULL_STRUCTURED,ai_abstained,ABSTAIN,False,muse,stored,analyst_abstain_below_adjudication_floor,False,ABSTAIN,
903871_1788983285_8075437_1788994470_GBPUSD_29133,903871,903871_1788983285_8075437,GBPUSD,1788994470,OFF,NK,CALL,OTHER_REQUIRED,borderline_prior_requires_fresh_review,OTHER_REQUIRED,borderline_prior_requires_fresh_review,,903871_1788983285_8075437_1788993197_GBPUSD_8117,21.233333333333334,0.0,FULL_STRUCTURED,ai_abstained,ABSTAIN,False,muse,stored,analyst_abstain_below_adjudication_floor,False,ABSTAIN,
903871_1788983285_8075437_1788995216_GBPUSD_31936,903871,903871_1788983285_8075437,GBPUSD,1788995216,NY,K,CALL,SCHEDULED_REVIEW_WITH_MEANINGFUL_CHANGE,meaningful_change,SCHEDULED_REVIEW_WITH_MEANINGFUL_CHANGE,meaningful_change,session_transition|killzone_transition|new_candidate,903871_1788983285_8075437_1788994470_GBPUSD_29133,12.433333333333334,0.0,FULL_STRUCTURED,ai_abstained,ABSTAIN,False,muse,stored,analyst_abstain_below_adjudication_floor,False,ABSTAIN,
903871_1788983285_8075437_1788995963_GBPUSD_24926,903871,903871_1788983285_8075437,GBPUSD,1788995962,NY,K,CALL,SCHEDULED_REVIEW_WITH_MEANINGFUL_CHANGE,meaningful_change,SCHEDULED_REVIEW_WITH_MEANINGFUL_CHANGE,meaningful_change,new_candidate,903871_1788983285_8075437_1788995216_GBPUSD_31936,12.433333333333334,0.0,FULL_STRUCTURED,ai_abstained,ABSTAIN,False,muse,stored,analyst_abstain_below_adjudication_floor,False,ABSTAIN,
903871_1788999394_24185000_1789002917_GBPUSD_1263,903871,903871_1788999394_24185000,GBPUSD,1789002916,NY,NK,CALL,SCHEDULED_REVIEW_WITH_MEANINGFUL_CHANGE,meaningful_change,SCHEDULED_REVIEW_WITH_MEANINGFUL_CHANGE,meaningful_change,killzone_transition|new_candidate,903871_1788983285_8075437_1788995963_GBPUSD_24926,115.9,0.0,FULL_STRUCTURED,ai_rejected,REJECT,False,muse,stored,analyst_reject,False,REJECT,
903871_1788999394_24185000_1789003525_GBPUSD_22698,903871,903871_1788999394_24185000,GBPUSD,1789003525,NY,NK,CALL,SCHEDULED_REVIEW_WITH_MEANINGFUL_CHANGE,meaningful_change,SCHEDULED_REVIEW_WITH_MEANINGFUL_CHANGE,meaningful_change,identity:python.model_id+python.provider_id|new_candidate,903871_1788999394_24185000_1789002917_GBPUSD_1263,10.15,0.0,FULL_STRUCTURED,ai_approved,APPROVE,True,luna,stored,analyst_approve_critic_pass,False,APPROVE,
903871_1788999394_24185000_1789004134_GBPUSD_3362,903871,903871_1788999394_24185000,GBPUSD,1789004133,NY,NK,CALL,PREDETERMINED_OUTCOME,mql_sweep_already_consumed_all_candidates,REQUIRED_NEW_DECISION,prior_decision_approved_never_reused,,903871_1788999394_24185000_1789003525_GBPUSD_22698,10.133333333333333,0.0,FULL_STRUCTURED,ai_abstained,ABSTAIN,False,muse,stored,analyst_abstain_below_adjudication_floor,False,ABSTAIN,True
903871_1788999394_24185000_1789004375_GBPUSD_9528,903871,903871_1788999394_24185000,GBPUSD,1789004375,NY,NK,CALL,OTHER_REQUIRED,borderline_prior_requires_fresh_review,OTHER_REQUIRED,borderline_prior_requires_fresh_review,,903871_1788999394_24185000_1789004134_GBPUSD_3362,4.033333333333333,0.0,FULL_STRUCTURED,ai_abstained,ABSTAIN,False,muse,stored,analyst_abstain_below_adjudication_floor,False,ABSTAIN,
903871_1788999394_24185000_1789004983_GBPUSD_26719,903871,903871_1788999394_24185000,GBPUSD,1789004983,NY,NK,CALL,SCHEDULED_REVIEW_WITH_MEANINGFUL_CHANGE,meaningful_change,SCHEDULED_REVIEW_WITH_MEANINGFUL_CHANGE,meaningful_change,new_candidate|price_drift,903871_1788999394_24185000_1789004375_GBPUSD_9528,10.133333333333333,0.0,FULL_STRUCTURED,ai_abstained,ABSTAIN,False,muse,stored,analyst_abstain_below_adjudication_floor,False,ABSTAIN,
903871_1788999394_24185000_1789005591_GBPUSD_31984,903871,903871_1788999394_24185000,GBPUSD,1789005590,NY,NK,CALL,OTHER_REQUIRED,borderline_prior_requires_fresh_review,OTHER_REQUIRED,borderline_prior_requires_fresh_review,,903871_1788999394_24185000_1789004983_GBPUSD_26719,10.116666666666667,0.0,FULL_STRUCTURED,ai_abstained,ABSTAIN,False,muse,stored,analyst_abstain_below_adjudication_floor,False,ABSTAIN,
903871_1788999394_24185000_1789006198_GBPUSD_2800,903871,903871_1788999394_24185000,GBPUSD,1789006197,NY,NK,CALL,SCHEDULED_REVIEW_WITH_MEANINGFUL_CHANGE,meaningful_change,SCHEDULED_REVIEW_WITH_MEANINGFUL_CHANGE,meaningful_change,new_candidate,903871_1788999394_24185000_1789005591_GBPUSD_31984,10.116666666666667,0.0,FULL_STRUCTURED,ai_approved,APPROVE,True,muse,stored,analyst_approve_critic_pass,False,APPROVE,
903871_1788999394_24185000_1789006808_GBPUSD_13450,903871,903871_1788999394_24185000,GBPUSD,1789006807,NY,NK,CALL,REQUIRED_NEW_DECISION,prior_decision_approved_never_reused,REQUIRED_NEW_DECISION,prior_decision_approved_never_reused,,903871_1788999394_24185000_1789006198_GBPUSD_2800,10.166666666666666,0.0,FULL_STRUCTURED,ai_abstained,ABSTAIN,False,muse,stored,analyst_abstain_below_adjudication_floor,False,ABSTAIN,
903871_1788999394_24185000_1789007418_GBPUSD_28234,903871,903871_1788999394_24185000,GBPUSD,1789007417,NY,NK,CALL,SCHEDULED_REVIEW_WITH_MEANINGFUL_CHANGE,meaningful_change,SCHEDULED_REVIEW_WITH_MEANINGFUL_CHANGE,meaningful_change,new_candidate,903871_1788999394_24185000_1789006808_GBPUSD_13450,10.166666666666666,0.0,FULL_STRUCTURED,ai_abstained,ABSTAIN,False,muse,stored,analyst_abstain_below_adjudication_floor,False,ABSTAIN,
903871_1788999394_24185000_1789008028_GBPUSD_28538,903871,903871_1788999394_24185000,GBPUSD,1789008027,NY,NK,CALL,OTHER_REQUIRED,borderline_prior_requires_fresh_review,OTHER_REQUIRED,borderline_prior_requires_fresh_review,,903871_1788999394_24185000_1789007418_GBPUSD_28234,10.166666666666666,0.0,FULL_STRUCTURED,ai_abstained,ABSTAIN,False,muse,stored,analyst_abstain_below_adjudication_floor,False,ABSTAIN,
903871_1788999394_24185000_1789008638_GBPUSD_2920,903871,903871_1788999394_24185000,GBPUSD,1789008638,NY,NK,CALL,SCHEDULED_REVIEW_WITH_MEANINGFUL_CHANGE,meaningful_change,SCHEDULED_REVIEW_WITH_MEANINGFUL_CHANGE,meaningful_change,new_candidate|price_drift,903871_1788999394_24185000_1789008028_GBPUSD_28538,10.183333333333334,0.0,FULL_STRUCTURED,ai_abstained,ABSTAIN,False,muse,stored,analyst_abstain_below_adjudication_floor,False,ABSTAIN,
903871_1788999394_24185000_1789009255_GBPUSD_16613,903871,903871_1788999394_24185000,GBPUSD,1789009255,ASIA,NK,CALL,REQUIRED_NEW_DECISION,meaningful_change,REQUIRED_NEW_DECISION,meaningful_change,session_transition|new_candidate,903871_1788999394_24185000_1789008638_GBPUSD_2920,10.283333333333333,0.0,FULL_STRUCTURED,ai_abstained,ABSTAIN,False,muse,stored,analyst_abstain_below_adjudication_floor,False,ABSTAIN,
903871_1788999394_24185000_1789010520_GBPUSD_2538,903871,903871_1788999394_24185000,GBPUSD,1789010519,ASIA,NK,CALL,REQUIRED_NEW_DECISION,meaningful_change,REQUIRED_NEW_DECISION,meaningful_change,new_candidate,903871_1788999394_24185000_1789009255_GBPUSD_16613,21.066666666666666,0.0,FULL_STRUCTURED,ai_abstained,ABSTAIN,False,muse,stored,analyst_abstain_below_adjudication_floor,False,ABSTAIN,
903871_1788999394_24185000_1789011820_GBPUSD_31617,903871,903871_1788999394_24185000,GBPUSD,1789011819,ASIA,NK,REUSE,UNCHANGED_STATE,unchanged_decisive_non_approval_within_ttl,UNCHANGED_STATE,unchanged_decisive_non_approval_within_ttl,,903871_1788999394_24185000_1789010520_GBPUSD_2538,21.666666666666668,30.0,FULL_STRUCTURED,ai_abstained,ABSTAIN,False,muse,,qualitative_dispute_unresolved,True,ABSTAIN,
903871_1788999394_24185000_1789013087_GBPUSD_19411,903871,903871_1788999394_24185000,GBPUSD,1789013086,ASIA,NK,CALL,SCHEDULED_REVIEW_WITH_MEANINGFUL_CHANGE,meaningful_change,SCHEDULED_REVIEW_WITH_MEANINGFUL_CHANGE,meaningful_change,new_candidate|price_drift,903871_1788999394_24185000_1789010520_GBPUSD_2538,42.78333333333333,0.0,FULL_STRUCTURED,ai_abstained,ABSTAIN,False,muse,stored,analyst_abstain_below_adjudication_floor,False,ABSTAIN,
903871_1788999394_24185000_1789013928_GBPUSD_20899,903871,903871_1788999394_24185000,GBPUSD,1789013927,ASIA,NK,CALL,REQUIRED_NEW_DECISION,meaningful_change,REQUIRED_NEW_DECISION,meaningful_change,new_candidate,903871_1788999394_24185000_1789013087_GBPUSD_19411,14.016666666666667,0.0,FULL_STRUCTURED,ai_approved,APPROVE,True,muse,stored,analyst_approve_critic_pass,False,APPROVE,
903871_1788999394_24185000_1789014948_GBPUSD_7163,903871,903871_1788999394_24185000,GBPUSD,1789014947,ASIA,NK,CALL,REQUIRED_NEW_DECISION,prior_decision_approved_never_reused,REQUIRED_NEW_DECISION,prior_decision_approved_never_reused,,903871_1788999394_24185000_1789013928_GBPUSD_20899,17.0,0.0,FULL_STRUCTURED,ai_abstained,ABSTAIN,False,muse,stored,analyst_abstain_below_adjudication_floor,False,ABSTAIN,
903871_1788999394_24185000_1789015836_GBPUSD_18209,903871,903871_1788999394_24185000,GBPUSD,1789015835,ASIA,NK,CALL,OTHER_REQUIRED,borderline_prior_requires_fresh_review,OTHER_REQUIRED,borderline_prior_requires_fresh_review,,903871_1788999394_24185000_1789014948_GBPUSD_7163,14.8,0.0,FULL_STRUCTURED,ai_abstained,ABSTAIN,False,muse,stored,analyst_abstain_below_adjudication_floor,False,ABSTAIN,
903871_1788999394_24185000_1789044808_GBPUSD_21790,903871,903871_1788999394_24185000,GBPUSD,1789044808,ASIA,K,CALL,SCHEDULED_REVIEW_WITH_MEANINGFUL_CHANGE,meaningful_change,SCHEDULED_REVIEW_WITH_MEANINGFUL_CHANGE,meaningful_change,killzone_transition|request_state:po3.context_tier+po3.has_bos+po3.has_follow_through+po3.has_sweep+po3.htf_bos+po3.htf_choch+po3.htf_mss+po3.liquidity_kind+po3.ltf_bos+po3.ltf_choch+po3.ltf_mss+po3.po3_state+po3.structure_type+po3.sweep_side+po3.t_bos+po3.t_disp+po3.t_sweep|new_candidate,903871_1788999394_24185000_1789015836_GBPUSD_18209,482.8833333333333,0.0,FULL_STRUCTURED,ai_rejected,REJECT,False,muse,stored,analyst_reject,False,REJECT,
903871_1788999394_24185000_1789054955_GBPUSD_10544,903871,903871_1788999394_24185000,GBPUSD,1789054954,LON,NK,CALL,SCHEDULED_REVIEW_WITH_MEANINGFUL_CHANGE,meaningful_change,SCHEDULED_REVIEW_WITH_MEANINGFUL_CHANGE,meaningful_change,session_transition|killzone_transition|request_state:po3.t_disp|new_candidate,903871_1788999394_24185000_1789044808_GBPUSD_21790,169.1,0.0,FULL_STRUCTURED,ai_rejected,REJECT,False,muse,stored,analyst_reject,False,REJECT,
903871_1789062748_87542921_1789064597_GBPUSD_21440,903871,903871_1789062748_87542921,GBPUSD,1789064596,LON,NK,CALL,SCHEDULED_REVIEW_WITH_MEANINGFUL_CHANGE,meaningful_change,SCHEDULED_REVIEW_WITH_MEANINGFUL_CHANGE,meaningful_change,request_state:is_buy+po3.liquidity_kind+po3.structure_type+po3.sweep_side+po3.t_disp+po3.t_sweep|new_candidate,903871_1788999394_24185000_1789054955_GBPUSD_10544,160.7,0.0,FULL_STRUCTURED,ai_abstained,ABSTAIN,False,muse,stored,analyst_abstain_below_adjudication_floor,False,ABSTAIN,
903871_1789062748_87542921_1789068109_GBPUSD_1013,903871,903871_1789062748_87542921,GBPUSD,1789068108,OFF,NK,CALL,PREDETERMINED_OUTCOME,python_hard_pre_gate_already_skips_provider,SCHEDULED_REVIEW_WITH_MEANINGFUL_CHANGE,meaningful_change,identity:python.model_id+python.provider_id|session_transition|request_state:po3.developing_bos+po3.has_sweep+po3.liquidity_kind+po3.ltf_bos+po3.ltf_choch+po3.ltf_mss+po3.structure_type+po3.sweep_side+po3.t_disp+po3.t_sweep|new_candidate,903871_1789062748_87542921_1789064597_GBPUSD_21440,58.53333333333333,0.0,DEGRADED_NON_TRADING,hard_pre_gate,REJECT,False,other,non_full_structured_decision,,False,,
903871_1789062748_87542921_1789069517_GBPUSD_15682,903871,903871_1789062748_87542921,GBPUSD,1789069516,OFF,NK,CALL,PREDETERMINED_OUTCOME,python_hard_pre_gate_already_skips_provider,SCHEDULED_REVIEW_WITH_MEANINGFUL_CHANGE,meaningful_change,identity:python.model_id+python.provider_id|session_transition|request_state:po3.developing_bos+po3.has_sweep+po3.liquidity_kind+po3.ltf_bos+po3.ltf_choch+po3.ltf_mss+po3.structure_type+po3.sweep_side+po3.t_disp+po3.t_sweep|new_candidate,903871_1789062748_87542921_1789064597_GBPUSD_21440,82.0,0.0,DEGRADED_NON_TRADING,hard_pre_gate,REJECT,False,other,non_full_structured_decision,,False,,
903871_1789062748_87542921_1789074140_GBPUSD_25145,903871,903871_1789062748_87542921,GBPUSD,1789074138,OFF,NK,CALL,PREDETERMINED_OUTCOME,python_hard_pre_gate_already_skips_provider,SCHEDULED_REVIEW_WITH_MEANINGFUL_CHANGE,meaningful_change,identity:python.model_id+python.provider_id|session_transition|request_state:po3.developing_bos+po3.has_sweep+po3.liquidity_kind+po3.ltf_bos+po3.ltf_choch+po3.ltf_mss+po3.structure_type+po3.sweep_side+po3.t_disp+po3.t_sweep|new_candidate,903871_1789062748_87542921_1789064597_GBPUSD_21440,159.03333333333333,0.0,DEGRADED_NON_TRADING,hard_pre_gate,REJECT,False,other,non_full_structured_decision,,False,,
903871_1789062748_87542921_1789074819_GBPUSD_17924,903871,903871_1789062748_87542921,GBPUSD,1789074817,OFF,NK,CALL,PREDETERMINED_OUTCOME,python_hard_pre_gate_already_skips_provider,SCHEDULED_REVIEW_WITH_MEANINGFUL_CHANGE,meaningful_change,identity:python.model_id+python.provider_id|session_transition|request_state:po3.developing_bos+po3.has_sweep+po3.liquidity_kind+po3.ltf_bos+po3.ltf_choch+po3.ltf_mss+po3.structure_type+po3.sweep_side+po3.t_disp+po3.t_sweep|new_candidate,903871_1789062748_87542921_1789064597_GBPUSD_21440,170.35,0.0,DEGRADED_NON_TRADING,hard_pre_gate,REJECT,False,other,non_full_structured_decision,,False,,
903871_1789062748_87542921_1789075786_GBPUSD_10792,903871,903871_1789062748_87542921,GBPUSD,1789075784,OFF,NK,CALL,PREDETERMINED_OUTCOME,python_hard_pre_gate_already_skips_provider,SCHEDULED_REVIEW_WITH_MEANINGFUL_CHANGE,meaningful_change,identity:python.model_id+python.provider_id|session_transition|request_state:po3.developing_bos+po3.has_sweep+po3.liquidity_kind+po3.ltf_bos+po3.ltf_choch+po3.ltf_mss+po3.structure_type+po3.sweep_side+po3.t_disp+po3.t_sweep|new_candidate,903871_1789062748_87542921_1789064597_GBPUSD_21440,186.46666666666667,0.0,DEGRADED_NON_TRADING,hard_pre_gate,REJECT,False,other,non_full_structured_decision,,False,,
903871_1789062748_87542921_1789076820_GBPUSD_9897,903871,903871_1789062748_87542921,GBPUSD,1789076818,OFF,NK,CALL,PREDETERMINED_OUTCOME,python_hard_pre_gate_already_skips_provider,SCHEDULED_REVIEW_WITH_MEANINGFUL_CHANGE,meaningful_change,identity:python.model_id+python.provider_id|session_transition|request_state:po3.developing_bos+po3.has_sweep+po3.liquidity_kind+po3.ltf_bos+po3.ltf_choch+po3.ltf_mss+po3.structure_type+po3.sweep_side+po3.t_disp+po3.t_sweep|new_candidate,903871_1789062748_87542921_1789064597_GBPUSD_21440,203.7,0.0,DEGRADED_NON_TRADING,hard_pre_gate,REJECT,False,other,non_full_structured_decision,,False,,
903871_1789062748_87542921_1789077957_GBPUSD_11241,903871,903871_1789062748_87542921,GBPUSD,1789077956,OFF,NK,CALL,PREDETERMINED_OUTCOME,python_hard_pre_gate_already_skips_provider,SCHEDULED_REVIEW_WITH_MEANINGFUL_CHANGE,meaningful_change,identity:python.model_id+python.provider_id|session_transition|request_state:po3.developing_bos+po3.has_sweep+po3.liquidity_kind+po3.ltf_bos+po3.ltf_choch+po3.ltf_mss+po3.structure_type+po3.sweep_side+po3.t_disp+po3.t_sweep|new_candidate,903871_1789062748_87542921_1789064597_GBPUSD_21440,222.66666666666666,0.0,DEGRADED_NON_TRADING,hard_pre_gate,REJECT,False,other,non_full_structured_decision,,False,,
903871_1789062748_87542921_1789078798_GBPUSD_25846,903871,903871_1789062748_87542921,GBPUSD,1789078796,OFF,NK,CALL,PREDETERMINED_OUTCOME,python_hard_pre_gate_already_skips_provider,SCHEDULED_REVIEW_WITH_MEANINGFUL_CHANGE,meaningful_change,identity:python.model_id+python.provider_id|session_transition|request_state:po3.developing_bos+po3.has_sweep+po3.liquidity_kind+po3.ltf_bos+po3.ltf_choch+po3.ltf_mss+po3.structure_type+po3.sweep_side+po3.t_disp+po3.t_sweep|new_candidate,903871_1789062748_87542921_1789064597_GBPUSD_21440,236.66666666666666,0.0,DEGRADED_NON_TRADING,hard_pre_gate,REJECT,False,other,non_full_structured_decision,,False,,
903871_1789062748_87542921_1789079710_GBPUSD_2546,903871,903871_1789062748_87542921,GBPUSD,1789079708,OFF,NK,CALL,PREDETERMINED_OUTCOME,python_hard_pre_gate_already_skips_provider,SCHEDULED_REVIEW_WITH_MEANINGFUL_CHANGE,meaningful_change,identity:python.model_id+python.provider_id|session_transition|request_state:po3.developing_bos+po3.has_sweep+po3.liquidity_kind+po3.ltf_bos+po3.ltf_choch+po3.ltf_mss+po3.structure_type+po3.sweep_side+po3.t_disp+po3.t_sweep|new_candidate,903871_1789062748_87542921_1789064597_GBPUSD_21440,251.86666666666667,0.0,DEGRADED_NON_TRADING,hard_pre_gate,REJECT,False,other,non_full_structured_decision,,False,,
903871_1789062748_87542921_1789080766_GBPUSD_14893,903871,903871_1789062748_87542921,GBPUSD,1789080765,OFF,NK,CALL,PREDETERMINED_OUTCOME,python_hard_pre_gate_already_skips_provider,SCHEDULED_REVIEW_WITH_MEANINGFUL_CHANGE,meaningful_change,identity:python.model_id+python.provider_id|session_transition|request_state:po3.developing_bos+po3.has_sweep+po3.liquidity_kind+po3.ltf_bos+po3.ltf_choch+po3.ltf_mss+po3.structure_type+po3.sweep_side+po3.t_disp+po3.t_sweep|new_candidate,903871_1789062748_87542921_1789064597_GBPUSD_21440,269.48333333333335,0.0,DEGRADED_NON_TRADING,hard_pre_gate,REJECT,False,other,non_full_structured_decision,,False,,
903871_1789062748_87542921_1789082584_GBPUSD_7325,903871,903871_1789062748_87542921,GBPUSD,1789082583,NY,K,CALL,UNKNOWN,no_archived_decision,SCHEDULED_REVIEW_WITH_MEANINGFUL_CHANGE,meaningful_change,identity:python.model_id+python.provider_id|session_transition|killzone_transition|request_state:is_buy+po3.liquidity_kind+po3.structure_type+po3.sweep_side+po3.t_disp+po3.t_sweep|new_candidate,903871_1789062748_87542921_1789064597_GBPUSD_21440,299.78333333333336,0.0,,,,False,unknown,,,False,,
903871_1789062748_87542921_1789090539_GBPUSD_17966,903871,903871_1789062748_87542921,GBPUSD,1789090538,NY,NK,CALL,UNKNOWN,no_archived_decision,SCHEDULED_REVIEW_WITH_MEANINGFUL_CHANGE,meaningful_change,identity:python.model_id+python.provider_id|session_transition|request_state:po3.liquidity_kind+po3.structure_type+po3.sweep_side+po3.t_disp+po3.t_sweep|new_candidate,903871_1789062748_87542921_1789064597_GBPUSD_21440,432.3666666666667,0.0,,,,False,unknown,,,False,,
903871_1789062748_87542921_1789091753_GBPUSD_31796,903871,903871_1789062748_87542921,GBPUSD,1789091752,NY,NK,CALL,UNKNOWN,no_archived_decision,SCHEDULED_REVIEW_WITH_MEANINGFUL_CHANGE,meaningful_change,identity:python.model_id+python.provider_id|session_transition|request_state:po3.liquidity_kind+po3.structure_type+po3.sweep_side+po3.t_disp+po3.t_sweep|new_candidate,903871_1789062748_87542921_1789064597_GBPUSD_21440,452.6,0.0,,,,False,unknown,,,False,,
903871_1789148402_173202328_1789149809_GBPUSD_11178,903871,903871_1789148402_173202328,GBPUSD,1789149808,LON,NK,CALL,SCHEDULED_REVIEW_WITH_MEANINGFUL_CHANGE,meaningful_change,SCHEDULED_REVIEW_WITH_MEANINGFUL_CHANGE,meaningful_change,identity:runtime_input_hash|request_state:po3.context_tier+po3.has_bos+po3.has_sweep+po3.htf_bos+po3.liquidity_kind+po3.ltf_bos+po3.po3_state+po3.structure_type+po3.sweep_side+po3.t_bos+po3.t_disp+po3.t_sweep|new_candidate,903871_1789062748_87542921_1789064597_GBPUSD_21440,1420.2,0.0,FULL_STRUCTURED,ai_rejected,REJECT,False,muse,stored,analyst_reject,False,REJECT,
903871_1789148402_173202328_1789150419_GBPUSD_25316,903871,903871_1789148402_173202328,GBPUSD,1789150418,LON,NK,REUSE,UNCHANGED_STATE,unchanged_decisive_non_approval_within_ttl,UNCHANGED_STATE,unchanged_decisive_non_approval_within_ttl,,903871_1789148402_173202328_1789149809_GBPUSD_11178,10.166666666666666,15.0,FULL_STRUCTURED,ai_rejected,REJECT,False,muse,,analyst_reject,False,REJECT,
903871_1789148402_173202328_1789154707_GBPUSD_19340,903871,903871_1789148402_173202328,GBPUSD,1789154706,OFF,NK,CALL,SCHEDULED_REVIEW_WITH_MEANINGFUL_CHANGE,meaningful_change,SCHEDULED_REVIEW_WITH_MEANINGFUL_CHANGE,meaningful_change,session_transition,903871_1789148402_173202328_1789149809_GBPUSD_11178,81.63333333333334,0.0,FULL_STRUCTURED,ai_rejected,REJECT,False,muse,stored,analyst_reject,False,REJECT,
903871_1789148402_173202328_1789157784_GBPUSD_48,903871,903871_1789148402_173202328,GBPUSD,1789157783,OFF,NK,CALL,SCHEDULED_REVIEW_WITH_MEANINGFUL_CHANGE,meaningful_change,SCHEDULED_REVIEW_WITH_MEANINGFUL_CHANGE,meaningful_change,identity:python.model_id+python.provider_id,903871_1789148402_173202328_1789154707_GBPUSD_19340,51.28333333333333,0.0,FULL_STRUCTURED,ai_rejected,REJECT,False,luna,stored,analyst_reject,False,REJECT,
903871_1789148402_173202328_1789160263_GBPUSD_23938,903871,903871_1789148402_173202328,GBPUSD,1789160262,OFF,NK,CALL,OTHER_REQUIRED,borderline_prior_requires_fresh_review,OTHER_REQUIRED,borderline_prior_requires_fresh_review,,903871_1789148402_173202328_1789157784_GBPUSD_48,41.31666666666667,0.0,FULL_STRUCTURED,ai_rejected,REJECT,False,luna,stored,analyst_reject,False,REJECT,
903871_1789148402_173202328_1789161500_GBPUSD_19176,903871,903871_1789148402_173202328,GBPUSD,1789161498,OFF,NK,REUSE,UNCHANGED_STATE,unchanged_decisive_non_approval_within_ttl,UNCHANGED_STATE,unchanged_decisive_non_approval_within_ttl,,903871_1789148402_173202328_1789160263_GBPUSD_23938,20.6,30.0,FULL_STRUCTURED,ai_rejected,REJECT,False,luna,,analyst_reject,False,REJECT,
903871_1789148402_173202328_1789162735_GBPUSD_26377,903871,903871_1789148402_173202328,GBPUSD,1789162734,OFF,NK,CALL,OTHER_REQUIRED,decisive_prior_ttl_expired,OTHER_REQUIRED,decisive_prior_ttl_expired,,903871_1789148402_173202328_1789160263_GBPUSD_23938,41.2,30.0,FULL_STRUCTURED,ai_abstained,ABSTAIN,False,luna,stored,qualitative_dispute_unresolved,True,ABSTAIN,
903871_1789148402_173202328_1789164597_GBPUSD_2516,903871,903871_1789148402_173202328,GBPUSD,1789164595,OFF,NK,CALL,OTHER_REQUIRED,borderline_prior_requires_fresh_review,OTHER_REQUIRED,borderline_prior_requires_fresh_review,,903871_1789148402_173202328_1789162735_GBPUSD_26377,31.016666666666666,0.0,FULL_STRUCTURED,ai_rejected,REJECT,False,luna,stored,analyst_reject,False,REJECT,
903871_1789148402_173202328_1789165219_GBPUSD_25343,903871,903871_1789148402_173202328,GBPUSD,1789165218,OFF,NK,REUSE,UNCHANGED_STATE,unchanged_decisive_non_approval_within_ttl,UNCHANGED_STATE,unchanged_decisive_non_approval_within_ttl,,903871_1789148402_173202328_1789164597_GBPUSD_2516,10.383333333333333,30.0,FULL_STRUCTURED,ai_abstained,ABSTAIN,False,luna,,analyst_abstain_below_adjudication_floor,False,ABSTAIN,
903871_1789148402_173202328_1789166456_GBPUSD_6211,903871,903871_1789148402_173202328,GBPUSD,1789166455,OFF,NK,CALL,OTHER_REQUIRED,decisive_prior_ttl_expired,OTHER_REQUIRED,decisive_prior_ttl_expired,,903871_1789148402_173202328_1789164597_GBPUSD_2516,31.0,30.0,FULL_STRUCTURED,ai_rejected,REJECT,False,luna,stored,analyst_reject,False,REJECT,
903871_1789148402_173202328_1789168753_GBPUSD_20653,903871,903871_1789148402_173202328,GBPUSD,1789168753,NY,K,CALL,SCHEDULED_REVIEW_WITH_MEANINGFUL_CHANGE,meaningful_change,SCHEDULED_REVIEW_WITH_MEANINGFUL_CHANGE,meaningful_change,session_transition|killzone_transition,903871_1789148402_173202328_1789166456_GBPUSD_6211,38.3,0.0,FULL_STRUCTURED,ai_rejected,REJECT,False,luna,stored,analyst_reject,False,REJECT,
903871_1788999394_24185000_1789016864_GER40_20284,903871,903871_1788999394_24185000,GER40,1789016863,ASIA,NK,CALL,REQUIRED_NEW_DECISION,no_prior_authoritative_decision,REQUIRED_NEW_DECISION,no_prior_authoritative_decision,,,,0.0,FULL_STRUCTURED,ai_abstained,ABSTAIN,False,muse,stored,analyst_abstain_below_adjudication_floor,False,ABSTAIN,
903871_1788999394_24185000_1789017795_GER40_14006,903871,903871_1788999394_24185000,GER40,1789017794,ASIA,NK,CALL,OTHER_REQUIRED,borderline_prior_requires_fresh_review,OTHER_REQUIRED,borderline_prior_requires_fresh_review,,903871_1788999394_24185000_1789016864_GER40_20284,15.516666666666667,0.0,FULL_STRUCTURED,ai_abstained,ABSTAIN,False,muse,stored,analyst_abstain_below_adjudication_floor,False,ABSTAIN,
903871_1788999394_24185000_1789018757_GER40_24311,903871,903871_1788999394_24185000,GER40,1789018756,ASIA,NK,REUSE,UNCHANGED_STATE,unchanged_decisive_non_approval_within_ttl,UNCHANGED_STATE,unchanged_decisive_non_approval_within_ttl,,903871_1788999394_24185000_1789017795_GER40_14006,16.033333333333335,30.0,FULL_STRUCTURED,ai_abstained,ABSTAIN,False,muse,,analyst_abstain_below_adjudication_floor,False,ABSTAIN,
903871_1788999394_24185000_1789020718_GER40_7702,903871,903871_1788999394_24185000,GER40,1789020716,ASIA,NK,CALL,OTHER_REQUIRED,decisive_prior_ttl_expired,OTHER_REQUIRED,decisive_prior_ttl_expired,,903871_1788999394_24185000_1789017795_GER40_14006,48.7,30.0,FULL_STRUCTURED,ai_abstained,ABSTAIN,False,muse,stored,analyst_abstain_below_adjudication_floor,False,ABSTAIN,
903871_1788999394_24185000_1789021710_GER40_18959,903871,903871_1788999394_24185000,GER40,1789021709,ASIA,NK,REUSE,UNCHANGED_STATE,unchanged_decisive_non_approval_within_ttl,UNCHANGED_STATE,unchanged_decisive_non_approval_within_ttl,,903871_1788999394_24185000_1789020718_GER40_7702,16.55,30.0,FULL_STRUCTURED,ai_abstained,ABSTAIN,False,muse,,analyst_abstain_below_adjudication_floor,False,ABSTAIN,
903871_1788999394_24185000_1789023691_GER40_28,903871,903871_1788999394_24185000,GER40,1789023690,ASIA,NK,CALL,OTHER_REQUIRED,decisive_prior_ttl_expired,OTHER_REQUIRED,decisive_prior_ttl_expired,,903871_1788999394_24185000_1789020718_GER40_7702,49.56666666666667,30.0,FULL_STRUCTURED,ai_abstained,ABSTAIN,False,muse,stored,analyst_abstain_below_adjudication_floor,False,ABSTAIN,
903871_1788999394_24185000_1789024710_GER40_19531,903871,903871_1788999394_24185000,GER40,1789024709,ASIA,NK,CALL,OTHER_REQUIRED,borderline_prior_requires_fresh_review,OTHER_REQUIRED,borderline_prior_requires_fresh_review,,903871_1788999394_24185000_1789023691_GER40_28,16.983333333333334,0.0,FULL_STRUCTURED,ai_abstained,ABSTAIN,False,muse,stored,analyst_abstain_below_adjudication_floor,False,ABSTAIN,
903871_1788999394_24185000_1789025693_GER40_15954,903871,903871_1788999394_24185000,GER40,1789025692,ASIA,NK,REUSE,UNCHANGED_STATE,unchanged_decisive_non_approval_within_ttl,UNCHANGED_STATE,unchanged_decisive_non_approval_within_ttl,,903871_1788999394_24185000_1789024710_GER40_19531,16.383333333333333,30.0,FULL_STRUCTURED,ai_abstained,ABSTAIN,False,muse,,analyst_abstain_below_adjudication_floor,False,ABSTAIN,
903871_1788999394_24185000_1789027883_GER40_26613,903871,903871_1788999394_24185000,GER40,1789027881,ASIA,NK,CALL,OTHER_REQUIRED,decisive_prior_ttl_expired,OTHER_REQUIRED,decisive_prior_ttl_expired,,903871_1788999394_24185000_1789024710_GER40_19531,52.86666666666667,30.0,FULL_STRUCTURED,ai_abstained,ABSTAIN,False,muse,stored,analyst_abstain_below_adjudication_floor,False,ABSTAIN,
903871_1788999394_24185000_1789028921_GER40_26927,903871,903871_1788999394_24185000,GER40,1789028919,ASIA,NK,REUSE,UNCHANGED_STATE,unchanged_decisive_non_approval_within_ttl,UNCHANGED_STATE,unchanged_decisive_non_approval_within_ttl,,903871_1788999394_24185000_1789027883_GER40_26613,17.3,30.0,FULL_STRUCTURED,ai_abstained,ABSTAIN,False,muse,,analyst_abstain_below_adjudication_floor,False,ABSTAIN,
903871_1788999394_24185000_1789029978_GER40_4912,903871,903871_1788999394_24185000,GER40,1789029977,ASIA,NK,CALL,OTHER_REQUIRED,decisive_prior_ttl_expired,OTHER_REQUIRED,decisive_prior_ttl_expired,,903871_1788999394_24185000_1789027883_GER40_26613,34.93333333333333,30.0,FULL_STRUCTURED,ai_abstained,ABSTAIN,False,muse,stored,analyst_abstain_below_adjudication_floor,False,ABSTAIN,
903871_1788999394_24185000_1789031053_GER40_30152,903871,903871_1788999394_24185000,GER40,1789031052,ASIA,NK,CALL,OTHER_REQUIRED,borderline_prior_requires_fresh_review,OTHER_REQUIRED,borderline_prior_requires_fresh_review,,903871_1788999394_24185000_1789029978_GER40_4912,17.916666666666668,0.0,FULL_STRUCTURED,ai_abstained,ABSTAIN,False,muse,stored,analyst_abstain_below_adjudication_floor,False,ABSTAIN,
903871_1788999394_24185000_1789033279_GER40_19756,903871,903871_1788999394_24185000,GER40,1789033277,ASIA,NK,CALL,OTHER_REQUIRED,borderline_prior_requires_fresh_review,OTHER_REQUIRED,borderline_prior_requires_fresh_review,,903871_1788999394_24185000_1789031053_GER40_30152,37.083333333333336,0.0,FULL_STRUCTURED,ai_abstained,ABSTAIN,False,muse,stored,analyst_abstain_below_adjudication_floor,False,ABSTAIN,
903871_1788999394_24185000_1789034279_GER40_16379,903871,903871_1788999394_24185000,GER40,1789034278,ASIA,NK,CALL,OTHER_REQUIRED,borderline_prior_requires_fresh_review,OTHER_REQUIRED,borderline_prior_requires_fresh_review,,903871_1788999394_24185000_1789033279_GER40_19756,16.683333333333334,0.0,FULL_STRUCTURED,ai_abstained,ABSTAIN,False,muse,stored,qualitative_dispute_unresolved,True,ABSTAIN,
903871_1788999394_24185000_1789035405_GER40_23762,903871,903871_1788999394_24185000,GER40,1789035404,ASIA,NK,CALL,OTHER_REQUIRED,borderline_prior_requires_fresh_review,OTHER_REQUIRED,borderline_prior_requires_fresh_review,,903871_1788999394_24185000_1789034279_GER40_16379,18.766666666666666,0.0,FULL_STRUCTURED,ai_abstained,ABSTAIN,False,muse,stored,analyst_abstain_below_adjudication_floor,False,ABSTAIN,
903871_1788999394_24185000_1789036511_GER40_31120,903871,903871_1788999394_24185000,GER40,1789036510,ASIA,NK,REUSE,UNCHANGED_STATE,unchanged_decisive_non_approval_within_ttl,UNCHANGED_STATE,unchanged_decisive_non_approval_within_ttl,,903871_1788999394_24185000_1789035405_GER40_23762,18.433333333333334,30.0,FULL_STRUCTURED,ai_abstained,ABSTAIN,False,muse,,analyst_abstain_below_adjudication_floor,False,ABSTAIN,
903871_1788999394_24185000_1789038871_GER40_23961,903871,903871_1788999394_24185000,GER40,1789038870,ASIA,NK,CALL,OTHER_REQUIRED,decisive_prior_ttl_expired,OTHER_REQUIRED,decisive_prior_ttl_expired,,903871_1788999394_24185000_1789035405_GER40_23762,57.766666666666666,30.0,FULL_STRUCTURED,ai_abstained,ABSTAIN,False,muse,stored,analyst_abstain_below_adjudication_floor,False,ABSTAIN,
903871_1788999394_24185000_1789046184_GER40_29027,903871,903871_1788999394_24185000,GER40,1789046184,LON,NK,CALL,SCHEDULED_REVIEW_WITH_MEANINGFUL_CHANGE,meaningful_change,SCHEDULED_REVIEW_WITH_MEANINGFUL_CHANGE,meaningful_change,session_transition|new_candidate,903871_1788999394_24185000_1789038871_GER40_23961,121.9,0.0,FULL_STRUCTURED,ai_abstained,ABSTAIN,False,muse,stored,analyst_abstain_below_adjudication_floor,False,ABSTAIN,
903871_1788999394_24185000_1789047619_GER40_21910,903871,903871_1788999394_24185000,GER40,1789047618,LON,NK,CALL,OTHER_REQUIRED,decisive_prior_ttl_expired,OTHER_REQUIRED,decisive_prior_ttl_expired,,903871_1788999394_24185000_1789046184_GER40_29027,23.9,15.0,FULL_STRUCTURED,ai_abstained,ABSTAIN,False,muse,stored,analyst_abstain_below_adjudication_floor,False,ABSTAIN,
903871_1788999394_24185000_1789050120_GER40_29067,903871,903871_1788999394_24185000,GER40,1789050119,LON,NK,CALL,OTHER_REQUIRED,decisive_prior_ttl_expired,OTHER_REQUIRED,decisive_prior_ttl_expired,,903871_1788999394_24185000_1789047619_GER40_21910,41.68333333333333,15.0,FULL_STRUCTURED,ai_abstained,ABSTAIN,False,muse,stored,analyst_abstain_below_adjudication_floor,False,ABSTAIN,
903871_1788999394_24185000_1789051254_GER40_3311,903871,903871_1788999394_24185000,GER40,1789051253,LON,NK,CALL,OTHER_REQUIRED,decisive_prior_ttl_expired,OTHER_REQUIRED,decisive_prior_ttl_expired,,903871_1788999394_24185000_1789050120_GER40_29067,18.9,15.0,FULL_STRUCTURED,ai_abstained,ABSTAIN,False,muse,stored,analyst_abstain_below_adjudication_floor,False,ABSTAIN,
903871_1789148402_173202328_1789155320_GER40_9691,903871,903871_1789148402_173202328,GER40,1789155319,OFF,NK,CALL,SCHEDULED_REVIEW_WITH_MEANINGFUL_CHANGE,meaningful_change,SCHEDULED_REVIEW_WITH_MEANINGFUL_CHANGE,meaningful_change,identity:runtime_input_hash|session_transition|request_state:po3.t_bos+po3.t_disp+po3.t_sweep|new_candidate,903871_1788999394_24185000_1789051254_GER40_3311,1734.4333333333334,0.0,FULL_STRUCTURED,ai_abstained,ABSTAIN,False,muse,stored,analyst_abstain_below_adjudication_floor,False,ABSTAIN,
903871_1789148402_173202328_1789156550_GER40_13532,903871,903871_1789148402_173202328,GER40,1789156549,OFF,NK,CALL,REQUIRED_NEW_DECISION,meaningful_change,REQUIRED_NEW_DECISION,meaningful_change,identity:python.model_id+python.provider_id,903871_1789148402_173202328_1789155320_GER40_9691,20.5,0.0,FULL_STRUCTURED,ai_approved,APPROVE,True,luna,stored,analyst_approve_critic_pass,False,APPROVE,
903871_1789148402_173202328_1789162120_GER40_19872,903871,903871_1789148402_173202328,GER40,1789162119,OFF,NK,CALL,REQUIRED_NEW_DECISION,prior_decision_approved_never_reused,REQUIRED_NEW_DECISION,prior_decision_approved_never_reused,,903871_1789148402_173202328_1789156550_GER40_13532,92.83333333333333,0.0,FULL_STRUCTURED,ai_abstained,ABSTAIN,False,luna,stored,qualitative_dispute_unresolved,True,ABSTAIN,
903871_1789148402_173202328_1789163360_GER40_29131,903871,903871_1789148402_173202328,GER40,1789163358,OFF,NK,CALL,OTHER_REQUIRED,borderline_prior_requires_fresh_review,OTHER_REQUIRED,borderline_prior_requires_fresh_review,,903871_1789148402_173202328_1789162120_GER40_19872,20.65,0.0,FULL_STRUCTURED,ai_abstained,ABSTAIN,False,luna,stored,qualitative_dispute_unresolved,True,ABSTAIN,
903871_1789148402_173202328_1789164597_GER40_11444,903871,903871_1789148402_173202328,GER40,1789164595,OFF,NK,CALL,OTHER_REQUIRED,borderline_prior_requires_fresh_review,OTHER_REQUIRED,borderline_prior_requires_fresh_review,,903871_1789148402_173202328_1789163360_GER40_29131,20.616666666666667,0.0,FULL_STRUCTURED,ai_abstained,ABSTAIN,False,luna,stored,qualitative_dispute_unresolved,True,ABSTAIN,
903871_1789148402_173202328_1789165836_GER40_30878,903871,903871_1789148402_173202328,GER40,1789165835,OFF,NK,CALL,OTHER_REQUIRED,borderline_prior_requires_fresh_review,OTHER_REQUIRED,borderline_prior_requires_fresh_review,,903871_1789148402_173202328_1789164597_GER40_11444,20.666666666666668,0.0,FULL_STRUCTURED,ai_approved,APPROVE,True,luna,stored,analyst_approve_critic_pass,False,APPROVE,
903871_1788983285_8075437_1788983347_JPN225_24127,903871,903871_1788983285_8075437,JPN225,1788983346,OFF,NK,CALL,REQUIRED_NEW_DECISION,no_prior_authoritative_decision,REQUIRED_NEW_DECISION,no_prior_authoritative_decision,,,,0.0,FULL_STRUCTURED,ai_abstained,ABSTAIN,False,muse,stored,analyst_abstain_below_adjudication_floor,False,ABSTAIN,
903871_1788983285_8075437_1788988853_JPN225_21730,903871,903871_1788983285_8075437,JPN225,1788988852,OFF,NK,CALL,OTHER_REQUIRED,borderline_prior_requires_fresh_review,OTHER_REQUIRED,borderline_prior_requires_fresh_review,,903871_1788983285_8075437_1788983347_JPN225_24127,91.76666666666667,0.0,FULL_STRUCTURED,ai_abstained,ABSTAIN,False,muse,stored,analyst_abstain_below_adjudication_floor,False,ABSTAIN,
903871_1788983285_8075437_1788991338_JPN225_5705,903871,903871_1788983285_8075437,JPN225,1788991336,OFF,NK,CALL,OTHER_REQUIRED,borderline_prior_requires_fresh_review,OTHER_REQUIRED,borderline_prior_requires_fresh_review,,903871_1788983285_8075437_1788988853_JPN225_21730,41.4,0.0,FULL_STRUCTURED,ai_abstained,ABSTAIN,False,muse,stored,analyst_abstain_below_adjudication_floor,False,ABSTAIN,
903871_1788983285_8075437_1788992575_JPN225_2368,903871,903871_1788983285_8075437,JPN225,1788992573,OFF,NK,CALL,OTHER_REQUIRED,borderline_prior_requires_fresh_review,OTHER_REQUIRED,borderline_prior_requires_fresh_review,,903871_1788983285_8075437_1788991338_JPN225_5705,20.616666666666667,0.0,FULL_STRUCTURED,ai_abstained,ABSTAIN,False,muse,stored,analyst_abstain_below_adjudication_floor,False,ABSTAIN,
903871_1788983285_8075437_1788993839_JPN225_20770,903871,903871_1788983285_8075437,JPN225,1788993838,OFF,NK,CALL,OTHER_REQUIRED,borderline_prior_requires_fresh_review,OTHER_REQUIRED,borderline_prior_requires_fresh_review,,903871_1788983285_8075437_1788992575_JPN225_2368,21.083333333333332,0.0,FULL_STRUCTURED,ai_abstained,ABSTAIN,False,muse,stored,analyst_abstain_below_adjudication_floor,False,ABSTAIN,
903871_1788983285_8075437_1788995217_JPN225_8779,903871,903871_1788983285_8075437,JPN225,1788995216,NY,K,CALL,SCHEDULED_REVIEW_WITH_MEANINGFUL_CHANGE,meaningful_change,SCHEDULED_REVIEW_WITH_MEANINGFUL_CHANGE,meaningful_change,session_transition|killzone_transition|candidate_state:target_source+tp_model,903871_1788983285_8075437_1788993839_JPN225_20770,22.966666666666665,0.0,FULL_STRUCTURED,ai_abstained,ABSTAIN,False,muse,stored,analyst_abstain_below_adjudication_floor,False,ABSTAIN,
903871_1788983285_8075437_1788995963_JPN225_31138,903871,903871_1788983285_8075437,JPN225,1788995963,NY,K,CALL,OTHER_REQUIRED,borderline_prior_requires_fresh_review,OTHER_REQUIRED,borderline_prior_requires_fresh_review,,903871_1788983285_8075437_1788995217_JPN225_8779,12.45,0.0,FULL_STRUCTURED,ai_abstained,ABSTAIN,False,muse,stored,analyst_abstain_below_adjudication_floor,False,ABSTAIN,
903871_1788999394_24185000_1789002917_JPN225_23229,903871,903871_1788999394_24185000,JPN225,1789002916,NY,NK,CALL,SCHEDULED_REVIEW_WITH_MEANINGFUL_CHANGE,meaningful_change,SCHEDULED_REVIEW_WITH_MEANINGFUL_CHANGE,meaningful_change,killzone_transition,903871_1788983285_8075437_1788995963_JPN225_31138,115.88333333333334,0.0,FULL_STRUCTURED,ai_abstained,ABSTAIN,False,muse,stored,analyst_abstain_below_adjudication_floor,False,ABSTAIN,
903871_1788999394_24185000_1789003525_JPN225_1919,903871,903871_1788999394_24185000,JPN225,1789003525,NY,NK,CALL,SCHEDULED_REVIEW_WITH_MEANINGFUL_CHANGE,meaningful_change,SCHEDULED_REVIEW_WITH_MEANINGFUL_CHANGE,meaningful_change,candidate_state:target_source+tp_model|regime_label,903871_1788999394_24185000_1789002917_JPN225_23229,10.15,0.0,FULL_STRUCTURED,ai_abstained,ABSTAIN,False,muse,stored,analyst_abstain_below_adjudication_floor,False,ABSTAIN,
903871_1788999394_24185000_1789004375_JPN225_7736,903871,903871_1788999394_24185000,JPN225,1789004375,NY,NK,CALL,OTHER_REQUIRED,borderline_prior_requires_fresh_review,OTHER_REQUIRED,borderline_prior_requires_fresh_review,,903871_1788999394_24185000_1789003525_JPN225_1919,14.166666666666666,0.0,FULL_STRUCTURED,ai_abstained,ABSTAIN,False,muse,stored,analyst_abstain_below_adjudication_floor,False,ABSTAIN,
903871_1788999394_24185000_1789004984_JPN225_16581,903871,903871_1788999394_24185000,JPN225,1789004983,NY,NK,CALL,SCHEDULED_REVIEW_WITH_MEANINGFUL_CHANGE,meaningful_change,SCHEDULED_REVIEW_WITH_MEANINGFUL_CHANGE,meaningful_change,new_candidate,903871_1788999394_24185000_1789004375_JPN225_7736,10.133333333333333,0.0,FULL_STRUCTURED,ai_abstained,ABSTAIN,False,muse,stored,analyst_abstain_below_adjudication_floor,False,ABSTAIN,
903871_1788999394_24185000_1789006198_JPN225_3291,903871,903871_1788999394_24185000,JPN225,1789006198,NY,NK,CALL,OTHER_REQUIRED,decisive_prior_ttl_expired,OTHER_REQUIRED,decisive_prior_ttl_expired,,903871_1788999394_24185000_1789004984_JPN225_16581,20.25,7.0,FULL_STRUCTURED,ai_abstained,ABSTAIN,False,muse,stored,analyst_abstain_below_adjudication_floor,False,ABSTAIN,
903871_1788999394_24185000_1789007417_JPN225_6103,903871,903871_1788999394_24185000,JPN225,1789007416,NY,NK,CALL,OTHER_REQUIRED,decisive_prior_ttl_expired,OTHER_REQUIRED,decisive_prior_ttl_expired,,903871_1788999394_24185000_1789006198_JPN225_3291,20.3,7.0,FULL_STRUCTURED,ai_abstained,ABSTAIN,False,muse,stored,qualitative_dispute_unresolved,True,ABSTAIN,
903871_1788999394_24185000_1789008639_JPN225_7083,903871,903871_1788999394_24185000,JPN225,1789008638,NY,NK,CALL,OTHER_REQUIRED,borderline_prior_requires_fresh_review,OTHER_REQUIRED,borderline_prior_requires_fresh_review,,903871_1788999394_24185000_1789007417_JPN225_6103,20.366666666666667,0.0,FULL_STRUCTURED,ai_abstained,ABSTAIN,False,muse,stored,analyst_abstain_below_adjudication_floor,False,ABSTAIN,
903871_1788999394_24185000_1789009255_JPN225_13990,903871,903871_1788999394_24185000,JPN225,1789009254,ASIA,NK,CALL,REQUIRED_NEW_DECISION,meaningful_change,REQUIRED_NEW_DECISION,meaningful_change,session_transition|request_state:is_buy+po3.htf_choch+po3.htf_mss+po3.liquidity_kind+po3.ltf_choch+po3.ltf_mss+po3.structure_type+po3.sweep_side+po3.t_bos+po3.t_disp+po3.t_sweep|new_candidate,903871_1788999394_24185000_1789008639_JPN225_7083,10.266666666666667,0.0,FULL_STRUCTURED,ai_rejected,REJECT,False,muse,stored,analyst_reject,False,REJECT,
903871_1788999394_24185000_1789009894_JPN225_392,903871,903871_1788999394_24185000,JPN225,1789009893,ASIA,NK,CALL,REQUIRED_NEW_DECISION,meaningful_change,REQUIRED_NEW_DECISION,meaningful_change,price_drift,903871_1788999394_24185000_1789009255_JPN225_13990,10.65,0.0,FULL_STRUCTURED,ai_rejected,REJECT,False,muse,stored,analyst_reject,False,REJECT,
903871_1788999394_24185000_1789010519_JPN225_21972,903871,903871_1788999394_24185000,JPN225,1789010519,ASIA,NK,CALL,REQUIRED_NEW_DECISION,meaningful_change,REQUIRED_NEW_DECISION,meaningful_change,new_candidate,903871_1788999394_24185000_1789009894_JPN225_392,10.433333333333334,0.0,FULL_STRUCTURED,ai_rejected,REJECT,False,muse,stored,analyst_reject,False,REJECT,
903871_1788999394_24185000_1789011146_JPN225_19349,903871,903871_1788999394_24185000,JPN225,1789011145,ASIA,NK,CALL,REQUIRED_NEW_DECISION,meaningful_change,REQUIRED_NEW_DECISION,meaningful_change,new_candidate,903871_1788999394_24185000_1789010519_JPN225_21972,10.433333333333334,0.0,FULL_STRUCTURED,ai_rejected,REJECT,False,muse,stored,analyst_reject,False,REJECT,
903871_1788999394_24185000_1789012460_JPN225_831,903871,903871_1788999394_24185000,JPN225,1789012459,ASIA,NK,CALL,OTHER_REQUIRED,borderline_prior_requires_fresh_review,OTHER_REQUIRED,borderline_prior_requires_fresh_review,,903871_1788999394_24185000_1789011146_JPN225_19349,21.9,0.0,FULL_STRUCTURED,ai_rejected,REJECT,False,muse,stored,analyst_reject,False,REJECT,
903871_1788999394_24185000_1789013927_JPN225_7759,903871,903871_1788999394_24185000,JPN225,1789013927,ASIA,NK,CALL,REQUIRED_NEW_DECISION,meaningful_change,REQUIRED_NEW_DECISION,meaningful_change,candidate_state:entry_trigger_phase+fvg_execution_class+fvg_mitigation_state+fvg_touched,903871_1788999394_24185000_1789012460_JPN225_831,24.466666666666665,0.0,FULL_STRUCTURED,ai_abstained,ABSTAIN,False,muse,stored,analyst_abstain_below_adjudication_floor,False,ABSTAIN,
903871_1788999394_24185000_1789017795_JPN225_12721,903871,903871_1788999394_24185000,JPN225,1789017794,ASIA,NK,CALL,SCHEDULED_REVIEW_WITH_MEANINGFUL_CHANGE,meaningful_change,SCHEDULED_REVIEW_WITH_MEANINGFUL_CHANGE,meaningful_change,new_candidate,903871_1788999394_24185000_1789013927_JPN225_7759,64.45,0.0,FULL_STRUCTURED,ai_abstained,ABSTAIN,False,muse,stored,analyst_abstain_below_adjudication_floor,False,ABSTAIN,
903871_1788999394_24185000_1789019724_JPN225_2873,903871,903871_1788999394_24185000,JPN225,1789019723,ASIA,NK,CALL,OTHER_REQUIRED,borderline_prior_requires_fresh_review,OTHER_REQUIRED,borderline_prior_requires_fresh_review,,903871_1788999394_24185000_1789017795_JPN225_12721,32.15,0.0,FULL_STRUCTURED,ai_abstained,ABSTAIN,False,muse,stored,analyst_abstain_below_adjudication_floor,False,ABSTAIN,
903871_1788999394_24185000_1789021710_JPN225_14518,903871,903871_1788999394_24185000,JPN225,1789021709,ASIA,NK,CALL,OTHER_REQUIRED,decisive_prior_ttl_expired,OTHER_REQUIRED,decisive_prior_ttl_expired,,903871_1788999394_24185000_1789019724_JPN225_2873,33.1,30.0,FULL_STRUCTURED,ai_abstained,ABSTAIN,False,muse,stored,analyst_abstain_below_adjudication_floor,False,ABSTAIN,
903871_1788999394_24185000_1789023692_JPN225_26302,903871,903871_1788999394_24185000,JPN225,1789023690,ASIA,NK,CALL,OTHER_REQUIRED,borderline_prior_requires_fresh_review,OTHER_REQUIRED,borderline_prior_requires_fresh_review,,903871_1788999394_24185000_1789021710_JPN225_14518,33.016666666666666,0.0,FULL_STRUCTURED,ai_abstained,ABSTAIN,False,muse,stored,analyst_abstain_below_adjudication_floor,False,ABSTAIN,
903871_1788999394_24185000_1789025693_JPN225_17242,903871,903871_1788999394_24185000,JPN225,1789025692,ASIA,NK,CALL,OTHER_REQUIRED,borderline_prior_requires_fresh_review,OTHER_REQUIRED,borderline_prior_requires_fresh_review,,903871_1788999394_24185000_1789023692_JPN225_26302,33.36666666666667,0.0,FULL_STRUCTURED,ai_abstained,ABSTAIN,False,muse,stored,analyst_abstain_below_adjudication_floor,False,ABSTAIN,
903871_1788999394_24185000_1789027883_JPN225_26373,903871,903871_1788999394_24185000,JPN225,1789027882,ASIA,NK,CALL,OTHER_REQUIRED,decisive_prior_ttl_expired,OTHER_REQUIRED,decisive_prior_ttl_expired,,903871_1788999394_24185000_1789025693_JPN225_17242,36.5,30.0,FULL_STRUCTURED,ai_abstained,ABSTAIN,False,muse,stored,analyst_abstain_below_adjudication_floor,False,ABSTAIN,
903871_1788999394_24185000_1789028921_JPN225_10535,903871,903871_1788999394_24185000,JPN225,1789028920,ASIA,NK,REUSE,UNCHANGED_STATE,unchanged_decisive_non_approval_within_ttl,UNCHANGED_STATE,unchanged_decisive_non_approval_within_ttl,,903871_1788999394_24185000_1789027883_JPN225_26373,17.3,30.0,FULL_STRUCTURED,ai_abstained,ABSTAIN,False,muse,,analyst_abstain_below_adjudication_floor,False,ABSTAIN,
903871_1788999394_24185000_1789029978_JPN225_18209,903871,903871_1788999394_24185000,JPN225,1789029977,ASIA,NK,CALL,OTHER_REQUIRED,decisive_prior_ttl_expired,OTHER_REQUIRED,decisive_prior_ttl_expired,,903871_1788999394_24185000_1789027883_JPN225_26373,34.916666666666664,30.0,FULL_STRUCTURED,ai_abstained,ABSTAIN,False,muse,stored,analyst_abstain_below_adjudication_floor,False,ABSTAIN,
903871_1788999394_24185000_1789032083_JPN225_29329,903871,903871_1788999394_24185000,JPN225,1789032082,ASIA,NK,CALL,OTHER_REQUIRED,decisive_prior_ttl_expired,OTHER_REQUIRED,decisive_prior_ttl_expired,,903871_1788999394_24185000_1789029978_JPN225_18209,35.083333333333336,30.0,FULL_STRUCTURED,ai_abstained,ABSTAIN,False,muse,stored,analyst_abstain_below_adjudication_floor,False,ABSTAIN,
903871_1788999394_24185000_1789034279_JPN225_20825,903871,903871_1788999394_24185000,JPN225,1789034278,ASIA,NK,CALL,SCHEDULED_REVIEW_WITH_MEANINGFUL_CHANGE,meaningful_change,SCHEDULED_REVIEW_WITH_MEANINGFUL_CHANGE,meaningful_change,new_candidate,903871_1788999394_24185000_1789032083_JPN225_29329,36.6,0.0,FULL_STRUCTURED,ai_abstained,ABSTAIN,False,muse,stored,analyst_abstain_below_adjudication_floor,False,ABSTAIN,
903871_1788999394_24185000_1789035406_JPN225_1580,903871,903871_1788999394_24185000,JPN225,1789035404,ASIA,NK,CALL,REQUIRED_NEW_DECISION,meaningful_change,REQUIRED_NEW_DECISION,meaningful_change,new_candidate,903871_1788999394_24185000_1789034279_JPN225_20825,18.766666666666666,0.0,FULL_STRUCTURED,ai_abstained,ABSTAIN,False,muse,stored,analyst_abstain_below_adjudication_floor,False,ABSTAIN,
903871_1788999394_24185000_1789036512_JPN225_12386,903871,903871_1788999394_24185000,JPN225,1789036510,ASIA,NK,CALL,OTHER_REQUIRED,borderline_prior_requires_fresh_review,OTHER_REQUIRED,borderline_prior_requires_fresh_review,,903871_1788999394_24185000_1789035406_JPN225_1580,18.433333333333334,0.0,FULL_STRUCTURED,ai_abstained,ABSTAIN,False,muse,stored,analyst_abstain_below_adjudication_floor,False,ABSTAIN,
903871_1788999394_24185000_1789037774_JPN225_23086,903871,903871_1788999394_24185000,JPN225,1789037774,ASIA,NK,CALL,OTHER_REQUIRED,borderline_prior_requires_fresh_review,OTHER_REQUIRED,borderline_prior_requires_fresh_review,,903871_1788999394_24185000_1789036512_JPN225_12386,21.066666666666666,0.0,FULL_STRUCTURED,ai_abstained,ABSTAIN,False,muse,stored,analyst_abstain_below_adjudication_floor,False,ABSTAIN,
903871_1788999394_24185000_1789038871_JPN225_29704,903871,903871_1788999394_24185000,JPN225,1789038870,ASIA,NK,CALL,OTHER_REQUIRED,borderline_prior_requires_fresh_review,OTHER_REQUIRED,borderline_prior_requires_fresh_review,,903871_1788999394_24185000_1789037774_JPN225_23086,18.266666666666666,0.0,FULL_STRUCTURED,ai_abstained,ABSTAIN,False,muse,stored,analyst_abstain_below_adjudication_floor,False,ABSTAIN,
903871_1788999394_24185000_1789040077_JPN225_31424,903871,903871_1788999394_24185000,JPN225,1789040077,ASIA,NK,CALL,OTHER_REQUIRED,borderline_prior_requires_fresh_review,OTHER_REQUIRED,borderline_prior_requires_fresh_review,,903871_1788999394_24185000_1789038871_JPN225_29704,20.116666666666667,0.0,FULL_STRUCTURED,ai_abstained,ABSTAIN,False,muse,stored,analyst_abstain_below_adjudication_floor,False,ABSTAIN,
903871_1788999394_24185000_1789041240_JPN225_7453,903871,903871_1788999394_24185000,JPN225,1789041239,ASIA,NK,REUSE,UNCHANGED_STATE,unchanged_decisive_non_approval_within_ttl,UNCHANGED_STATE,unchanged_decisive_non_approval_within_ttl,,903871_1788999394_24185000_1789040077_JPN225_31424,19.366666666666667,30.0,FULL_STRUCTURED,ai_abstained,ABSTAIN,False,muse,,analyst_abstain_below_adjudication_floor,False,ABSTAIN,
903871_1788999394_24185000_1789042356_JPN225_13780,903871,903871_1788999394_24185000,JPN225,1789042355,ASIA,K,CALL,SCHEDULED_REVIEW_WITH_MEANINGFUL_CHANGE,meaningful_change,SCHEDULED_REVIEW_WITH_MEANINGFUL_CHANGE,meaningful_change,killzone_transition,903871_1788999394_24185000_1789040077_JPN225_31424,37.96666666666667,0.0,FULL_STRUCTURED,ai_abstained,ABSTAIN,False,muse,stored,analyst_abstain_below_adjudication_floor,False,ABSTAIN,
903871_1788999394_24185000_1789043523_JPN225_15585,903871,903871_1788999394_24185000,JPN225,1789043523,ASIA,K,REUSE,UNCHANGED_STATE,unchanged_decisive_non_approval_within_ttl,UNCHANGED_STATE,unchanged_decisive_non_approval_within_ttl,,903871_1788999394_24185000_1789042356_JPN225_13780,19.466666666666665,30.0,FULL_STRUCTURED,ai_abstained,ABSTAIN,False,muse,,analyst_abstain_below_adjudication_floor,False,ABSTAIN,
903871_1788999394_24185000_1789044808_JPN225_5534,903871,903871_1788999394_24185000,JPN225,1789044807,ASIA,K,CALL,OTHER_REQUIRED,decisive_prior_ttl_expired,OTHER_REQUIRED,decisive_prior_ttl_expired,,903871_1788999394_24185000_1789042356_JPN225_13780,40.86666666666667,30.0,FULL_STRUCTURED,ai_abstained,ABSTAIN,False,muse,stored,analyst_abstain_below_adjudication_floor,False,ABSTAIN,
903871_1788999394_24185000_1789046185_JPN225_4215,903871,903871_1788999394_24185000,JPN225,1789046184,LON,NK,CALL,SCHEDULED_REVIEW_WITH_MEANINGFUL_CHANGE,meaningful_change,SCHEDULED_REVIEW_WITH_MEANINGFUL_CHANGE,meaningful_change,session_transition|killzone_transition,903871_1788999394_24185000_1789044808_JPN225_5534,22.95,0.0,FULL_STRUCTURED,ai_abstained,ABSTAIN,False,muse,stored,analyst_abstain_below_adjudication_floor,False,ABSTAIN,
903871_1788999394_24185000_1789047619_JPN225_14923,903871,903871_1788999394_24185000,JPN225,1789047618,LON,NK,CALL,OTHER_REQUIRED,decisive_prior_ttl_expired,OTHER_REQUIRED,decisive_prior_ttl_expired,,903871_1788999394_24185000_1789046185_JPN225_4215,23.9,15.0,FULL_STRUCTURED,ai_abstained,ABSTAIN,False,muse,stored,analyst_abstain_below_adjudication_floor,False,ABSTAIN,
903871_1788999394_24185000_1789048742_JPN225_28968,903871,903871_1788999394_24185000,JPN225,1789048741,LON,NK,CALL,OTHER_REQUIRED,decisive_prior_ttl_expired,OTHER_REQUIRED,decisive_prior_ttl_expired,,903871_1788999394_24185000_1789047619_JPN225_14923,18.716666666666665,15.0,FULL_STRUCTURED,ai_abstained,ABSTAIN,False,muse,stored,analyst_abstain_below_adjudication_floor,False,ABSTAIN,
903871_1788999394_24185000_1789050120_JPN225_7328,903871,903871_1788999394_24185000,JPN225,1789050119,LON,NK,CALL,OTHER_REQUIRED,borderline_prior_requires_fresh_review,OTHER_REQUIRED,borderline_prior_requires_fresh_review,,903871_1788999394_24185000_1789048742_JPN225_28968,22.966666666666665,0.0,FULL_STRUCTURED,ai_abstained,ABSTAIN,False,muse,stored,analyst_abstain_below_adjudication_floor,False,ABSTAIN,
903871_1788999394_24185000_1789051254_JPN225_32541,903871,903871_1788999394_24185000,JPN225,1789051253,LON,NK,CALL,OTHER_REQUIRED,borderline_prior_requires_fresh_review,OTHER_REQUIRED,borderline_prior_requires_fresh_review,,903871_1788999394_24185000_1789050120_JPN225_7328,18.9,0.0,FULL_STRUCTURED,ai_abstained,ABSTAIN,False,muse,stored,analyst_abstain_below_adjudication_floor,False,ABSTAIN,
903871_1788999394_24185000_1789053534_JPN225_16493,903871,903871_1788999394_24185000,JPN225,1789053534,LON,NK,CALL,OTHER_REQUIRED,decisive_prior_ttl_expired,OTHER_REQUIRED,decisive_prior_ttl_expired,,903871_1788999394_24185000_1789051254_JPN225_32541,38.016666666666666,15.0,FULL_STRUCTURED,ai_abstained,ABSTAIN,False,muse,stored,analyst_abstain_below_adjudication_floor,False,ABSTAIN,
903871_1788999394_24185000_1789059657_JPN225_14842,903871,903871_1788999394_24185000,JPN225,1789059656,LON,NK,CALL,SCHEDULED_REVIEW_WITH_MEANINGFUL_CHANGE,meaningful_change,SCHEDULED_REVIEW_WITH_MEANINGFUL_CHANGE,meaningful_change,request_state:is_buy+po3.liquidity_kind+po3.sweep_side+po3.t_bos+po3.t_disp+po3.t_sweep|new_candidate,903871_1788999394_24185000_1789053534_JPN225_16493,102.03333333333333,0.0,FULL_STRUCTURED,ai_abstained,ABSTAIN,False,muse,stored,analyst_abstain_below_adjudication_floor,False,ABSTAIN,
903871_1788999394_24185000_1789061214_JPN225_23588,903871,903871_1788999394_24185000,JPN225,1789061213,LON,NK,CALL,OTHER_REQUIRED,decisive_prior_ttl_expired,OTHER_REQUIRED,decisive_prior_ttl_expired,,903871_1788999394_24185000_1789059657_JPN225_14842,25.95,15.0,FULL_STRUCTURED,ai_abstained,ABSTAIN,False,muse,stored,analyst_abstain_below_adjudication_floor,False,ABSTAIN,
903871_1788999394_24185000_1789062466_JPN225_10346,903871,903871_1788999394_24185000,JPN225,1789062465,LON,NK,CALL,OTHER_REQUIRED,borderline_prior_requires_fresh_review,OTHER_REQUIRED,borderline_prior_requires_fresh_review,,903871_1788999394_24185000_1789061214_JPN225_23588,20.866666666666667,0.0,FULL_STRUCTURED,ai_abstained,ABSTAIN,False,muse,stored,analyst_abstain_below_adjudication_floor,False,ABSTAIN,
903871_1789062748_87542921_1789064597_JPN225_25936,903871,903871_1789062748_87542921,JPN225,1789064596,LON,NK,CALL,OTHER_REQUIRED,decisive_prior_ttl_expired,OTHER_REQUIRED,decisive_prior_ttl_expired,,903871_1788999394_24185000_1789062466_JPN225_10346,35.516666666666666,15.0,FULL_STRUCTURED,ai_abstained,ABSTAIN,False,muse,stored,analyst_abstain_below_adjudication_floor,False,ABSTAIN,
903871_1789062748_87542921_1789066099_JPN225_26838,903871,903871_1789062748_87542921,JPN225,1789066098,LON,NK,CALL,OTHER_REQUIRED,borderline_prior_requires_fresh_review,OTHER_REQUIRED,borderline_prior_requires_fresh_review,,903871_1789062748_87542921_1789064597_JPN225_25936,25.033333333333335,0.0,FULL_STRUCTURED,ai_abstained,ABSTAIN,False,muse,stored,analyst_abstain_below_adjudication_floor,False,ABSTAIN,
903871_1789062748_87542921_1789067423_JPN225_17561,903871,903871_1789062748_87542921,JPN225,1789067422,OFF,NK,CALL,REQUIRED_NEW_DECISION,meaningful_change,REQUIRED_NEW_DECISION,meaningful_change,session_transition|new_candidate,903871_1789062748_87542921_1789066099_JPN225_26838,22.066666666666666,0.0,FULL_STRUCTURED,ai_abstained,ABSTAIN,False,muse,stored,analyst_abstain_below_adjudication_floor,False,ABSTAIN,
903871_1789062748_87542921_1789068740_JPN225_23469,903871,903871_1789062748_87542921,JPN225,1789068739,OFF,NK,CALL,REQUIRED_NEW_DECISION,meaningful_change,REQUIRED_NEW_DECISION,meaningful_change,new_candidate,903871_1789062748_87542921_1789067423_JPN225_17561,21.95,0.0,FULL_STRUCTURED,ai_abstained,ABSTAIN,False,muse,stored,analyst_abstain_below_adjudication_floor,False,ABSTAIN,
903871_1789062748_87542921_1789070363_JPN225_4829,903871,903871_1789062748_87542921,JPN225,1789070362,OFF,NK,REUSE,UNCHANGED_STATE,unchanged_decisive_non_approval_within_ttl,UNCHANGED_STATE,unchanged_decisive_non_approval_within_ttl,,903871_1789062748_87542921_1789068740_JPN225_23469,27.05,30.0,FULL_STRUCTURED,ai_abstained,ABSTAIN,False,muse,,analyst_abstain_below_adjudication_floor,False,ABSTAIN,
903871_1789062748_87542921_1789072358_JPN225_32070,903871,903871_1789062748_87542921,JPN225,1789072357,OFF,NK,CALL,OTHER_REQUIRED,decisive_prior_ttl_expired,OTHER_REQUIRED,decisive_prior_ttl_expired,,903871_1789062748_87542921_1789068740_JPN225_23469,60.3,30.0,FULL_STRUCTURED,ai_abstained,ABSTAIN,False,muse,stored,analyst_abstain_below_adjudication_floor,False,ABSTAIN,
903871_1789062748_87542921_1789073295_JPN225_27422,903871,903871_1789062748_87542921,JPN225,1789073293,OFF,NK,CALL,REQUIRED_NEW_DECISION,meaningful_change,REQUIRED_NEW_DECISION,meaningful_change,new_candidate,903871_1789062748_87542921_1789072358_JPN225_32070,15.6,0.0,FULL_STRUCTURED,ai_rejected,REJECT,False,muse,stored,analyst_reject,False,REJECT,
903871_1789062748_87542921_1789074140_JPN225_11337,903871,903871_1789062748_87542921,JPN225,1789074138,OFF,NK,CALL,REQUIRED_NEW_DECISION,meaningful_change,REQUIRED_NEW_DECISION,meaningful_change,new_candidate,903871_1789062748_87542921_1789073295_JPN225_27422,14.083333333333334,0.0,FULL_STRUCTURED,ai_abstained,ABSTAIN,False,muse,stored,analyst_abstain_below_adjudication_floor,False,ABSTAIN,
903871_1789062748_87542921_1789074818_JPN225_20010,903871,903871_1789062748_87542921,JPN225,1789074817,OFF,NK,CALL,REQUIRED_NEW_DECISION,meaningful_change,REQUIRED_NEW_DECISION,meaningful_change,new_candidate,903871_1789062748_87542921_1789074140_JPN225_11337,11.316666666666666,0.0,FULL_STRUCTURED,ai_rejected,REJECT,False,muse,stored,analyst_reject,False,REJECT,
903871_1789062748_87542921_1789076820_JPN225_22625,903871,903871_1789062748_87542921,JPN225,1789076818,OFF,NK,CALL,OTHER_REQUIRED,decisive_prior_ttl_expired,OTHER_REQUIRED,decisive_prior_ttl_expired,,903871_1789062748_87542921_1789074818_JPN225_20010,33.35,30.0,FULL_STRUCTURED,ai_rejected,REJECT,False,muse,stored,analyst_reject,False,REJECT,
903871_1789062748_87542921_1789077957_JPN225_20064,903871,903871_1789062748_87542921,JPN225,1789077956,OFF,NK,REUSE,UNCHANGED_STATE,unchanged_decisive_non_approval_within_ttl,UNCHANGED_STATE,unchanged_decisive_non_approval_within_ttl,,903871_1789062748_87542921_1789076820_JPN225_22625,18.966666666666665,30.0,FULL_STRUCTURED,ai_rejected,REJECT,False,muse,,analyst_reject,False,REJECT,
903871_1789062748_87542921_1789079710_JPN225_27527,903871,903871_1789062748_87542921,JPN225,1789079708,OFF,NK,CALL,SCHEDULED_REVIEW_WITH_MEANINGFUL_CHANGE,meaningful_change,SCHEDULED_REVIEW_WITH_MEANINGFUL_CHANGE,meaningful_change,new_candidate,903871_1789062748_87542921_1789076820_JPN225_22625,48.166666666666664,0.0,FULL_STRUCTURED,ai_abstained,ABSTAIN,False,muse,stored,analyst_abstain_below_adjudication_floor,False,ABSTAIN,
903871_1789062748_87542921_1789080766_JPN225_9042,903871,903871_1789062748_87542921,JPN225,1789080765,OFF,NK,CALL,REQUIRED_NEW_DECISION,meaningful_change,REQUIRED_NEW_DECISION,meaningful_change,identity:python.model_id+python.provider_id|new_candidate,903871_1789062748_87542921_1789079710_JPN225_27527,17.616666666666667,0.0,FULL_STRUCTURED,ai_approved,APPROVE,True,luna,stored,analyst_approve_critic_pass,False,APPROVE,
903871_1789062748_87542921_1789081570_JPN225_6040,903871,903871_1789062748_87542921,JPN225,1789081569,NY,K,CALL,REQUIRED_NEW_DECISION,prior_decision_approved_never_reused,REQUIRED_NEW_DECISION,prior_decision_approved_never_reused,,903871_1789062748_87542921_1789080766_JPN225_9042,13.4,0.0,FULL_STRUCTURED,ai_abstained,ABSTAIN,False,muse,stored,analyst_abstain_below_adjudication_floor,False,ABSTAIN,
903871_1789062748_87542921_1789083532_JPN225_26605,903871,903871_1789062748_87542921,JPN225,1789083531,NY,K,CALL,UNKNOWN,no_archived_decision,SCHEDULED_REVIEW_WITH_MEANINGFUL_CHANGE,meaningful_change,new_candidate,903871_1789062748_87542921_1789081570_JPN225_6040,32.7,0.0,,,,False,unknown,,,False,,
903871_1789062748_87542921_1789089324_JPN225_29970,903871,903871_1789062748_87542921,JPN225,1789089324,NY,NK,CALL,UNKNOWN,no_archived_decision,SCHEDULED_REVIEW_WITH_MEANINGFUL_CHANGE,meaningful_change,killzone_transition|new_candidate|candidate_state:target_source+tp_model|price_drift,903871_1789062748_87542921_1789081570_JPN225_6040,129.25,0.0,,,,False,unknown,,,False,,
903871_1789062748_87542921_1789090539_JPN225_22374,903871,903871_1789062748_87542921,JPN225,1789090538,NY,NK,CALL,UNKNOWN,no_archived_decision,SCHEDULED_REVIEW_WITH_MEANINGFUL_CHANGE,meaningful_change,killzone_transition|new_candidate|candidate_state:target_source+tp_model|price_drift,903871_1789062748_87542921_1789081570_JPN225_6040,149.48333333333332,0.0,,,,False,unknown,,,False,,
903871_1789062748_87542921_1789091752_JPN225_27087,903871,903871_1789062748_87542921,JPN225,1789091751,NY,NK,CALL,UNKNOWN,no_archived_decision,SCHEDULED_REVIEW_WITH_MEANINGFUL_CHANGE,meaningful_change,killzone_transition|new_candidate|candidate_state:target_source+tp_model|price_drift,903871_1789062748_87542921_1789081570_JPN225_6040,169.7,0.0,,,,False,unknown,,,False,,
903871_1789062748_87542921_1789092967_JPN225_8487,903871,903871_1789062748_87542921,JPN225,1789092966,NY,NK,CALL,SCHEDULED_REVIEW_WITH_MEANINGFUL_CHANGE,meaningful_change,SCHEDULED_REVIEW_WITH_MEANINGFUL_CHANGE,meaningful_change,identity:python.model_id+python.provider_id|killzone_transition|new_candidate|candidate_state:target_source+tp_model|price_drift,903871_1789062748_87542921_1789081570_JPN225_6040,189.95,0.0,DEGRADED_NON_TRADING,provider_transport_error,REJECT,False,other,non_full_structured_decision,,False,,
903871_1789093630_118426656_1789094249_JPN225_23963,903871,903871_1789093630_118426656,JPN225,1789094248,NY,NK,CALL,SCHEDULED_REVIEW_WITH_MEANINGFUL_CHANGE,meaningful_change,SCHEDULED_REVIEW_WITH_MEANINGFUL_CHANGE,meaningful_change,killzone_transition|price_drift,903871_1789062748_87542921_1789081570_JPN225_6040,211.31666666666666,0.0,FULL_STRUCTURED,ai_abstained,ABSTAIN,False,muse,stored,analyst_abstain_below_adjudication_floor,False,ABSTAIN,
903871_1789093630_118426656_1789094856_JPN225_13718,903871,903871_1789093630_118426656,JPN225,1789094855,NY,NK,CALL,SCHEDULED_REVIEW_WITH_MEANINGFUL_CHANGE,meaningful_change,SCHEDULED_REVIEW_WITH_MEANINGFUL_CHANGE,meaningful_change,request_state:po3.context_tier+po3.has_bos+po3.has_sweep+po3.htf_bos+po3.htf_choch+po3.htf_mss+po3.liquidity_kind+po3.ltf_bos+po3.ltf_choch+po3.ltf_mss+po3.po3_state+po3.structure_type+po3.sweep_side+po3.t_bos+po3.t_disp+po3.t_sweep|new_candidate,903871_1789093630_118426656_1789094249_JPN225_23963,10.116666666666667,0.0,FULL_STRUCTURED,ai_abstained,ABSTAIN,False,muse,stored,analyst_abstain_below_adjudication_floor,False,ABSTAIN,
903871_1789093630_118426656_1789097294_JPN225_12425,903871,903871_1789093630_118426656,JPN225,1789097293,ASIA,NK,CALL,SCHEDULED_REVIEW_WITH_MEANINGFUL_CHANGE,meaningful_change,SCHEDULED_REVIEW_WITH_MEANINGFUL_CHANGE,meaningful_change,session_transition|request_state:po3.t_disp|new_candidate,903871_1789093630_118426656_1789094856_JPN225_13718,40.63333333333333,0.0,FULL_STRUCTURED,ai_abstained,ABSTAIN,False,muse,stored,analyst_abstain_below_adjudication_floor,False,ABSTAIN,
903871_1789148402_173202328_1789153480_JPN225_5968,903871,903871_1789148402_173202328,JPN225,1789153479,OFF,NK,CALL,PREDETERMINED_OUTCOME,python_hard_pre_gate_already_skips_provider,SCHEDULED_REVIEW_WITH_MEANINGFUL_CHANGE,meaningful_change,identity:python.model_id+python.provider_id+runtime_input_hash|session_transition|request_state:is_buy+po3.context_tier+po3.has_bos+po3.has_follow_through+po3.has_sweep+po3.htf_bos+po3.htf_choch+po3.htf_mss+po3.liquidity_kind+po3.ltf_bos+po3.ltf_choch+po3.ltf_mss+po3.po3_state+po3.structure_type+po3.sweep_side+po3.t_bos+po3.t_disp+po3.t_sweep|new_candidate,903871_1789093630_118426656_1789097294_JPN225_12425,936.4333333333333,0.0,DEGRADED_NON_TRADING,hard_pre_gate,REJECT,False,other,non_full_structured_decision,,False,,
903871_1788983285_8075437_1788984568_NAS100_20202,903871,903871_1788983285_8075437,NAS100,1788984567,OFF,NK,CALL,REQUIRED_NEW_DECISION,no_prior_authoritative_decision,REQUIRED_NEW_DECISION,no_prior_authoritative_decision,,,,0.0,FULL_STRUCTURED,ai_abstained,ABSTAIN,False,muse,stored,analyst_abstain_below_adjudication_floor,False,ABSTAIN,
903871_1788983285_8075437_1788985786_NAS100_31060,903871,903871_1788983285_8075437,NAS100,1788985784,OFF,NK,CALL,OTHER_REQUIRED,borderline_prior_requires_fresh_review,OTHER_REQUIRED,borderline_prior_requires_fresh_review,,903871_1788983285_8075437_1788984568_NAS100_20202,20.283333333333335,0.0,FULL_STRUCTURED,ai_abstained,ABSTAIN,False,muse,stored,analyst_abstain_below_adjudication_floor,False,ABSTAIN,
903871_1788983285_8075437_1788987005_NAS100_15083,903871,903871_1788983285_8075437,NAS100,1788987004,OFF,NK,CALL,REQUIRED_NEW_DECISION,meaningful_change,REQUIRED_NEW_DECISION,meaningful_change,candidate_state:entry_trigger_phase+fvg_execution_class+fvg_mid_mitigated+fvg_mitigation_state+fvg_touched,903871_1788983285_8075437_1788985786_NAS100_31060,20.333333333333332,0.0,FULL_STRUCTURED,ai_abstained,ABSTAIN,False,muse,stored,analyst_abstain_below_adjudication_floor,False,ABSTAIN,
903871_1788983285_8075437_1788988230_NAS100_19919,903871,903871_1788983285_8075437,NAS100,1788988229,OFF,NK,CALL,REQUIRED_NEW_DECISION,meaningful_change,REQUIRED_NEW_DECISION,meaningful_change,new_candidate,903871_1788983285_8075437_1788987005_NAS100_15083,20.416666666666668,0.0,FULL_STRUCTURED,ai_abstained,ABSTAIN,False,muse,stored,analyst_abstain_below_adjudication_floor,False,ABSTAIN,
903871_1788983285_8075437_1788989465_NAS100_2393,903871,903871_1788983285_8075437,NAS100,1788989463,OFF,NK,CALL,OTHER_REQUIRED,borderline_prior_requires_fresh_review,OTHER_REQUIRED,borderline_prior_requires_fresh_review,,903871_1788983285_8075437_1788988230_NAS100_19919,20.566666666666666,0.0,FULL_STRUCTURED,ai_abstained,ABSTAIN,False,muse,stored,analyst_abstain_below_adjudication_floor,False,ABSTAIN,
903871_1788983285_8075437_1788990696_NAS100_15484,903871,903871_1788983285_8075437,NAS100,1788990695,OFF,NK,CALL,REQUIRED_NEW_DECISION,meaningful_change,REQUIRED_NEW_DECISION,meaningful_change,new_candidate,903871_1788983285_8075437_1788989465_NAS100_2393,20.533333333333335,0.0,FULL_STRUCTURED,ai_abstained,ABSTAIN,False,muse,stored,analyst_abstain_below_adjudication_floor,False,ABSTAIN,
903871_1788983285_8075437_1788991957_NAS100_16505,903871,903871_1788983285_8075437,NAS100,1788991955,OFF,NK,CALL,OTHER_REQUIRED,borderline_prior_requires_fresh_review,OTHER_REQUIRED,borderline_prior_requires_fresh_review,,903871_1788983285_8075437_1788990696_NAS100_15484,21.0,0.0,FULL_STRUCTURED,ai_abstained,ABSTAIN,False,muse,stored,analyst_abstain_below_adjudication_floor,False,ABSTAIN,
903871_1788983285_8075437_1788993197_NAS100_16898,903871,903871_1788983285_8075437,NAS100,1788993196,OFF,NK,CALL,OTHER_REQUIRED,borderline_prior_requires_fresh_review,OTHER_REQUIRED,borderline_prior_requires_fresh_review,,903871_1788983285_8075437_1788991957_NAS100_16505,20.683333333333334,0.0,FULL_STRUCTURED,ai_abstained,ABSTAIN,False,muse,stored,qualitative_dispute_unresolved,True,ABSTAIN,
903871_1788983285_8075437_1788994470_NAS100_7194,903871,903871_1788983285_8075437,NAS100,1788994470,OFF,NK,CALL,OTHER_REQUIRED,borderline_prior_requires_fresh_review,OTHER_REQUIRED,borderline_prior_requires_fresh_review,,903871_1788983285_8075437_1788993197_NAS100_16898,21.233333333333334,0.0,FULL_STRUCTURED,ai_approved,APPROVE,True,muse,stored,analyst_approve_critic_pass,False,APPROVE,
903871_1788983285_8075437_1788995216_NAS100_20875,903871,903871_1788983285_8075437,NAS100,1788995216,NY,K,CALL,PREDETERMINED_OUTCOME,mql_sweep_already_consumed_all_candidates,REQUIRED_NEW_DECISION,prior_decision_approved_never_reused,,903871_1788983285_8075437_1788994470_NAS100_7194,12.433333333333334,0.0,FULL_STRUCTURED,ai_abstained,ABSTAIN,False,muse,stored,qualitative_dispute_unresolved,True,ABSTAIN,True
903871_1788999394_24185000_1789002917_NAS100_10901,903871,903871_1788999394_24185000,NAS100,1789002916,NY,NK,CALL,SCHEDULED_REVIEW_WITH_MEANINGFUL_CHANGE,meaningful_change,SCHEDULED_REVIEW_WITH_MEANINGFUL_CHANGE,meaningful_change,killzone_transition,903871_1788983285_8075437_1788995216_NAS100_20875,128.33333333333334,0.0,FULL_STRUCTURED,ai_abstained,ABSTAIN,False,muse,stored,analyst_abstain_below_adjudication_floor,False,ABSTAIN,
903871_1788999394_24185000_1789004134_NAS100_28952,903871,903871_1788999394_24185000,NAS100,1789004133,NY,NK,CALL,OTHER_REQUIRED,borderline_prior_requires_fresh_review,OTHER_REQUIRED,borderline_prior_requires_fresh_review,,903871_1788999394_24185000_1789002917_NAS100_10901,20.283333333333335,0.0,FULL_STRUCTURED,ai_abstained,ABSTAIN,False,muse,stored,analyst_abstain_below_adjudication_floor,False,ABSTAIN,
903871_1788999394_24185000_1789004983_NAS100_9597,903871,903871_1788999394_24185000,NAS100,1789004982,NY,NK,CALL,OTHER_REQUIRED,borderline_prior_requires_fresh_review,OTHER_REQUIRED,borderline_prior_requires_fresh_review,,903871_1788999394_24185000_1789004134_NAS100_28952,14.15,0.0,FULL_STRUCTURED,ai_abstained,ABSTAIN,False,muse,stored,analyst_abstain_below_adjudication_floor,False,ABSTAIN,
903871_1788999394_24185000_1789006198_NAS100_16374,903871,903871_1788999394_24185000,NAS100,1789006197,NY,NK,CALL,OTHER_REQUIRED,borderline_prior_requires_fresh_review,OTHER_REQUIRED,borderline_prior_requires_fresh_review,,903871_1788999394_24185000_1789004983_NAS100_9597,20.25,0.0,FULL_STRUCTURED,ai_abstained,ABSTAIN,False,muse,stored,analyst_abstain_below_adjudication_floor,False,ABSTAIN,
903871_1788999394_24185000_1789010520_NAS100_7024,903871,903871_1788999394_24185000,NAS100,1789010519,ASIA,NK,CALL,SCHEDULED_REVIEW_WITH_MEANINGFUL_CHANGE,meaningful_change,SCHEDULED_REVIEW_WITH_MEANINGFUL_CHANGE,meaningful_change,session_transition|new_candidate,903871_1788999394_24185000_1789006198_NAS100_16374,72.03333333333333,0.0,FULL_STRUCTURED,ai_rejected,REJECT,False,muse,stored,analyst_reject,False,REJECT,
903871_1788999394_24185000_1789011820_NAS100_22387,903871,903871_1788999394_24185000,NAS100,1789011819,ASIA,NK,CALL,REQUIRED_NEW_DECISION,meaningful_change,REQUIRED_NEW_DECISION,meaningful_change,new_candidate,903871_1788999394_24185000_1789010520_NAS100_7024,21.666666666666668,0.0,FULL_STRUCTURED,ai_abstained,ABSTAIN,False,muse,stored,analyst_abstain_below_adjudication_floor,False,ABSTAIN,
903871_1788999394_24185000_1789020718_NAS100_25593,903871,903871_1788999394_24185000,NAS100,1789020716,ASIA,NK,CALL,SCHEDULED_REVIEW_WITH_MEANINGFUL_CHANGE,meaningful_change,SCHEDULED_REVIEW_WITH_MEANINGFUL_CHANGE,meaningful_change,new_candidate,903871_1788999394_24185000_1789011820_NAS100_22387,148.28333333333333,0.0,FULL_STRUCTURED,ai_abstained,ABSTAIN,False,muse,stored,analyst_abstain_below_adjudication_floor,False,ABSTAIN,
903871_1788999394_24185000_1789024710_NAS100_5628,903871,903871_1788999394_24185000,NAS100,1789024709,ASIA,NK,CALL,SCHEDULED_REVIEW_WITH_MEANINGFUL_CHANGE,meaningful_change,SCHEDULED_REVIEW_WITH_MEANINGFUL_CHANGE,meaningful_change,new_candidate,903871_1788999394_24185000_1789020718_NAS100_25593,66.55,0.0,FULL_STRUCTURED,ai_abstained,ABSTAIN,False,muse,stored,analyst_abstain_below_adjudication_floor,False,ABSTAIN,
903871_1788999394_24185000_1789025693_NAS100_6546,903871,903871_1788999394_24185000,NAS100,1789025692,ASIA,NK,REUSE,UNCHANGED_STATE,unchanged_decisive_non_approval_within_ttl,UNCHANGED_STATE,unchanged_decisive_non_approval_within_ttl,,903871_1788999394_24185000_1789024710_NAS100_5628,16.383333333333333,30.0,FULL_STRUCTURED,ai_abstained,ABSTAIN,False,muse,,analyst_abstain_below_adjudication_floor,False,ABSTAIN,
903871_1788999394_24185000_1789027883_NAS100_27147,903871,903871_1788999394_24185000,NAS100,1789027881,ASIA,NK,CALL,OTHER_REQUIRED,decisive_prior_ttl_expired,OTHER_REQUIRED,decisive_prior_ttl_expired,,903871_1788999394_24185000_1789024710_NAS100_5628,52.86666666666667,30.0,FULL_STRUCTURED,ai_abstained,ABSTAIN,False,muse,stored,analyst_abstain_below_adjudication_floor,False,ABSTAIN,
903871_1788999394_24185000_1789028920_NAS100_12818,903871,903871_1788999394_24185000,NAS100,1789028919,ASIA,NK,CALL,OTHER_REQUIRED,borderline_prior_requires_fresh_review,OTHER_REQUIRED,borderline_prior_requires_fresh_review,,903871_1788999394_24185000_1789027883_NAS100_27147,17.3,0.0,FULL_STRUCTURED,ai_abstained,ABSTAIN,False,muse,stored,analyst_abstain_below_adjudication_floor,False,ABSTAIN,
903871_1788999394_24185000_1789029978_NAS100_24868,903871,903871_1788999394_24185000,NAS100,1789029977,ASIA,NK,CALL,OTHER_REQUIRED,borderline_prior_requires_fresh_review,OTHER_REQUIRED,borderline_prior_requires_fresh_review,,903871_1788999394_24185000_1789028920_NAS100_12818,17.633333333333333,0.0,FULL_STRUCTURED,ai_abstained,ABSTAIN,False,muse,stored,analyst_abstain_below_adjudication_floor,False,ABSTAIN,
903871_1788999394_24185000_1789031053_NAS100_30593,903871,903871_1788999394_24185000,NAS100,1789031051,ASIA,NK,CALL,OTHER_REQUIRED,borderline_prior_requires_fresh_review,OTHER_REQUIRED,borderline_prior_requires_fresh_review,,903871_1788999394_24185000_1789029978_NAS100_24868,17.9,0.0,FULL_STRUCTURED,ai_rejected,REJECT,False,muse,stored,analyst_reject,False,REJECT,
903871_1788999394_24185000_1789032083_NAS100_26377,903871,903871_1788999394_24185000,NAS100,1789032081,ASIA,NK,REUSE,UNCHANGED_STATE,unchanged_decisive_non_approval_within_ttl,UNCHANGED_STATE,unchanged_decisive_non_approval_within_ttl,,903871_1788999394_24185000_1789031053_NAS100_30593,17.166666666666668,30.0,FULL_STRUCTURED,ai_abstained,ABSTAIN,False,muse,,analyst_abstain_below_adjudication_floor,False,ABSTAIN,
903871_1788999394_24185000_1789033279_NAS100_11451,903871,903871_1788999394_24185000,NAS100,1789033277,ASIA,NK,CALL,OTHER_REQUIRED,decisive_prior_ttl_expired,OTHER_REQUIRED,decisive_prior_ttl_expired,,903871_1788999394_24185000_1789031053_NAS100_30593,37.1,30.0,FULL_STRUCTURED,ai_abstained,ABSTAIN,False,muse,stored,analyst_abstain_below_adjudication_floor,False,ABSTAIN,
903871_1788999394_24185000_1789035405_NAS100_16049,903871,903871_1788999394_24185000,NAS100,1789035404,ASIA,NK,CALL,SCHEDULED_REVIEW_WITH_MEANINGFUL_CHANGE,meaningful_change,SCHEDULED_REVIEW_WITH_MEANINGFUL_CHANGE,meaningful_change,new_candidate,903871_1788999394_24185000_1789033279_NAS100_11451,35.45,0.0,FULL_STRUCTURED,ai_abstained,ABSTAIN,False,muse,stored,analyst_abstain_below_adjudication_floor,False,ABSTAIN,
903871_1788999394_24185000_1789036511_NAS100_29001,903871,903871_1788999394_24185000,NAS100,1789036510,ASIA,NK,CALL,REQUIRED_NEW_DECISION,meaningful_change,REQUIRED_NEW_DECISION,meaningful_change,new_candidate,903871_1788999394_24185000_1789035405_NAS100_16049,18.433333333333334,0.0,FULL_STRUCTURED,ai_abstained,ABSTAIN,False,muse,stored,analyst_abstain_below_adjudication_floor,False,ABSTAIN,
903871_1788999394_24185000_1789037774_NAS100_20030,903871,903871_1788999394_24185000,NAS100,1789037773,ASIA,NK,CALL,REQUIRED_NEW_DECISION,meaningful_change,REQUIRED_NEW_DECISION,meaningful_change,candidate_state:entry_trigger_phase+fvg_execution_class+fvg_mid_mitigated+fvg_mitigation_state+fvg_touched|new_candidate,903871_1788999394_24185000_1789036511_NAS100_29001,21.05,0.0,FULL_STRUCTURED,ai_abstained,ABSTAIN,False,muse,stored,analyst_abstain_below_adjudication_floor,False,ABSTAIN,
903871_1788999394_24185000_1789038871_NAS100_16428,903871,903871_1788999394_24185000,NAS100,1789038870,ASIA,NK,CALL,OTHER_REQUIRED,borderline_prior_requires_fresh_review,OTHER_REQUIRED,borderline_prior_requires_fresh_review,,903871_1788999394_24185000_1789037774_NAS100_20030,18.283333333333335,0.0,FULL_STRUCTURED,ai_rejected,REJECT,False,muse,stored,analyst_reject,False,REJECT,
903871_1788999394_24185000_1789040077_NAS100_12688,903871,903871_1788999394_24185000,NAS100,1789040076,ASIA,NK,REUSE,UNCHANGED_STATE,unchanged_decisive_non_approval_within_ttl,UNCHANGED_STATE,unchanged_decisive_non_approval_within_ttl,,903871_1788999394_24185000_1789038871_NAS100_16428,20.1,30.0,FULL_STRUCTURED,ai_abstained,ABSTAIN,False,muse,,analyst_abstain_below_adjudication_floor,False,ABSTAIN,
903871_1789148402_173202328_1789149809_NAS100_10786,903871,903871_1789148402_173202328,NAS100,1789149808,LON,NK,CALL,PREDETERMINED_OUTCOME,python_hard_pre_gate_already_skips_provider,SCHEDULED_REVIEW_WITH_MEANINGFUL_CHANGE,meaningful_change,identity:python.model_id+python.provider_id+runtime_input_hash|session_transition|request_state:po3.has_follow_through+po3.liquidity_kind+po3.t_bos+po3.t_disp+po3.t_sweep|new_candidate,903871_1788999394_24185000_1789038871_NAS100_16428,1848.9666666666667,0.0,DEGRADED_NON_TRADING,hard_pre_gate,REJECT,False,other,non_full_structured_decision,,False,,
903871_1788983285_8075437_1788983347_NZDJPY_19727,903871,903871_1788983285_8075437,NZDJPY,1788983346,OFF,NK,CALL,REQUIRED_NEW_DECISION,no_prior_authoritative_decision,REQUIRED_NEW_DECISION,no_prior_authoritative_decision,,,,0.0,FULL_STRUCTURED,ai_rejected,REJECT,False,muse,stored,analyst_reject,False,REJECT,
903871_1788983285_8075437_1788983957_NZDJPY_1026,903871,903871_1788983285_8075437,NZDJPY,1788983956,OFF,NK,REUSE,UNCHANGED_STATE,unchanged_decisive_non_approval_within_ttl,UNCHANGED_STATE,unchanged_decisive_non_approval_within_ttl,,903871_1788983285_8075437_1788983347_NZDJPY_19727,10.166666666666666,30.0,FULL_STRUCTURED,ai_rejected,REJECT,False,muse,,analyst_reject,False,REJECT,
903871_1788983285_8075437_1788984569_NZDJPY_25777,903871,903871_1788983285_8075437,NZDJPY,1788984568,OFF,NK,CALL,REQUIRED_NEW_DECISION,meaningful_change,REQUIRED_NEW_DECISION,meaningful_change,new_candidate,903871_1788983285_8075437_1788983347_NZDJPY_19727,20.366666666666667,0.0,FULL_STRUCTURED,ai_rejected,REJECT,False,muse,stored,analyst_reject,False,REJECT,
903871_1788983285_8075437_1788985176_NZDJPY_29864,903871,903871_1788983285_8075437,NZDJPY,1788985175,OFF,NK,CALL,REQUIRED_NEW_DECISION,meaningful_change,REQUIRED_NEW_DECISION,meaningful_change,new_candidate,903871_1788983285_8075437_1788984569_NZDJPY_25777,10.116666666666667,0.0,FULL_STRUCTURED,ai_rejected,REJECT,False,muse,stored,analyst_reject,False,REJECT,
903871_1788983285_8075437_1788986396_NZDJPY_5576,903871,903871_1788983285_8075437,NZDJPY,1788986394,OFF,NK,REUSE,UNCHANGED_STATE,unchanged_decisive_non_approval_within_ttl,UNCHANGED_STATE,unchanged_decisive_non_approval_within_ttl,,903871_1788983285_8075437_1788985176_NZDJPY_29864,20.316666666666666,30.0,FULL_STRUCTURED,ai_rejected,REJECT,False,muse,,analyst_reject,False,REJECT,
903871_1788983285_8075437_1788987006_NZDJPY_17845,903871,903871_1788983285_8075437,NZDJPY,1788987004,OFF,NK,CALL,OTHER_REQUIRED,decisive_prior_ttl_expired,OTHER_REQUIRED,decisive_prior_ttl_expired,,903871_1788983285_8075437_1788985176_NZDJPY_29864,30.483333333333334,30.0,FULL_STRUCTURED,ai_rejected,REJECT,False,muse,stored,analyst_reject,False,REJECT,
903871_1788983285_8075437_1788988231_NZDJPY_13045,903871,903871_1788983285_8075437,NZDJPY,1788988230,OFF,NK,REUSE,UNCHANGED_STATE,unchanged_decisive_non_approval_within_ttl,UNCHANGED_STATE,unchanged_decisive_non_approval_within_ttl,,903871_1788983285_8075437_1788987006_NZDJPY_17845,20.433333333333334,30.0,FULL_STRUCTURED,ai_rejected,REJECT,False,muse,,analyst_reject,False,REJECT,
903871_1788983285_8075437_1788988853_NZDJPY_6998,903871,903871_1788983285_8075437,NZDJPY,1788988852,OFF,NK,CALL,PREDETERMINED_OUTCOME,python_hard_pre_gate_already_skips_provider,SCHEDULED_REVIEW_WITH_MEANINGFUL_CHANGE,meaningful_change,identity:python.model_id+python.provider_id|candidate_state:target_source+tp_model,903871_1788983285_8075437_1788987006_NZDJPY_17845,30.8,0.0,DEGRADED_NON_TRADING,hard_pre_gate,REJECT,False,other,non_full_structured_decision,,False,,
903871_1788983285_8075437_1788989465_NZDJPY_31872,903871,903871_1788983285_8075437,NZDJPY,1788989464,OFF,NK,CALL,SCHEDULED_REVIEW_WITH_MEANINGFUL_CHANGE,meaningful_change,SCHEDULED_REVIEW_WITH_MEANINGFUL_CHANGE,meaningful_change,candidate_state:target_source+tp_model,903871_1788983285_8075437_1788987006_NZDJPY_17845,41.0,0.0,FULL_STRUCTURED,ai_rejected,REJECT,False,muse,stored,analyst_reject,False,REJECT,
903871_1788983285_8075437_1788990078_NZDJPY_7043,903871,903871_1788983285_8075437,NZDJPY,1788990077,OFF,NK,REUSE,UNCHANGED_STATE,unchanged_decisive_non_approval_within_ttl,UNCHANGED_STATE,unchanged_decisive_non_approval_within_ttl,,903871_1788983285_8075437_1788989465_NZDJPY_31872,10.216666666666667,30.0,FULL_STRUCTURED,ai_rejected,REJECT,False,muse,,analyst_reject,False,REJECT,
903871_1788983285_8075437_1788990697_NZDJPY_29850,903871,903871_1788983285_8075437,NZDJPY,1788990695,OFF,NK,CALL,REQUIRED_NEW_DECISION,meaningful_change,REQUIRED_NEW_DECISION,meaningful_change,new_candidate,903871_1788983285_8075437_1788989465_NZDJPY_31872,20.516666666666666,0.0,FULL_STRUCTURED,ai_rejected,REJECT,False,muse,stored,analyst_reject,False,REJECT,
903871_1788999394_24185000_1789009256_NZDJPY_14176,903871,903871_1788999394_24185000,NZDJPY,1789009255,ASIA,NK,CALL,SCHEDULED_REVIEW_WITH_MEANINGFUL_CHANGE,meaningful_change,SCHEDULED_REVIEW_WITH_MEANINGFUL_CHANGE,meaningful_change,session_transition|request_state:is_buy+po3.context_tier+po3.developing_bos+po3.has_bos+po3.htf_bos+po3.liquidity_kind+po3.po3_state+po3.structure_type+po3.sweep_side+po3.t_bos+po3.t_disp+po3.t_sweep|new_candidate,903871_1788983285_8075437_1788990697_NZDJPY_29850,309.3333333333333,0.0,FULL_STRUCTURED,ai_abstained,ABSTAIN,False,muse,stored,analyst_abstain_below_adjudication_floor,False,ABSTAIN,
903871_1788999394_24185000_1789009894_NZDJPY_27426,903871,903871_1788999394_24185000,NZDJPY,1789009893,ASIA,NK,REUSE,UNCHANGED_STATE,unchanged_decisive_non_approval_within_ttl,UNCHANGED_STATE,unchanged_decisive_non_approval_within_ttl,,903871_1788999394_24185000_1789009256_NZDJPY_14176,10.633333333333333,30.0,FULL_STRUCTURED,ai_abstained,ABSTAIN,False,muse,,analyst_abstain_below_adjudication_floor,False,ABSTAIN,
903871_1788999394_24185000_1789010520_NZDJPY_4146,903871,903871_1788999394_24185000,NZDJPY,1789010519,ASIA,NK,CALL,REQUIRED_NEW_DECISION,meaningful_change,REQUIRED_NEW_DECISION,meaningful_change,new_candidate|candidate_state:entry_trigger_phase+fvg_execution_class+fvg_mid_mitigated+fvg_mitigation_state+fvg_touched,903871_1788999394_24185000_1789009256_NZDJPY_14176,21.066666666666666,0.0,FULL_STRUCTURED,ai_rejected,REJECT,False,muse,stored,analyst_reject,False,REJECT,
903871_1788999394_24185000_1789011146_NZDJPY_8299,903871,903871_1788999394_24185000,NZDJPY,1789011146,ASIA,NK,CALL,REQUIRED_NEW_DECISION,meaningful_change,REQUIRED_NEW_DECISION,meaningful_change,identity:python.model_id+python.provider_id,903871_1788999394_24185000_1789010520_NZDJPY_4146,10.45,0.0,FULL_STRUCTURED,ai_abstained,ABSTAIN,False,luna,stored,analyst_abstain_below_adjudication_floor,False,ABSTAIN,
903871_1788999394_24185000_1789011820_NZDJPY_21962,903871,903871_1788999394_24185000,NZDJPY,1789011820,ASIA,NK,CALL,REQUIRED_NEW_DECISION,meaningful_change,REQUIRED_NEW_DECISION,meaningful_change,identity:python.model_id+python.provider_id,903871_1788999394_24185000_1789011146_NZDJPY_8299,11.233333333333333,0.0,FULL_STRUCTURED,ai_rejected,REJECT,False,muse,stored,analyst_reject,False,REJECT,
903871_1788999394_24185000_1789013087_NZDJPY_24570,903871,903871_1788999394_24185000,NZDJPY,1789013086,ASIA,NK,CALL,REQUIRED_NEW_DECISION,meaningful_change,REQUIRED_NEW_DECISION,meaningful_change,request_state:po3.context_tier+po3.developing_bos+po3.has_bos+po3.has_follow_through+po3.htf_bos+po3.htf_choch+po3.htf_mss+po3.po3_state+po3.structure_type+po3.t_bos|new_candidate,903871_1788999394_24185000_1789011820_NZDJPY_21962,21.1,0.0,FULL_STRUCTURED,ai_rejected,REJECT,False,muse,stored,analyst_reject,False,REJECT,
903871_1788999394_24185000_1789013928_NZDJPY_12459,903871,903871_1788999394_24185000,NZDJPY,1789013927,ASIA,NK,CALL,REQUIRED_NEW_DECISION,meaningful_change,REQUIRED_NEW_DECISION,meaningful_change,new_candidate,903871_1788999394_24185000_1789013087_NZDJPY_24570,14.016666666666667,0.0,FULL_STRUCTURED,ai_abstained,ABSTAIN,False,muse,stored,analyst_abstain_below_adjudication_floor,False,ABSTAIN,
903871_1788999394_24185000_1789015836_NZDJPY_9831,903871,903871_1788999394_24185000,NZDJPY,1789015835,ASIA,NK,CALL,SCHEDULED_REVIEW_WITH_MEANINGFUL_CHANGE,meaningful_change,SCHEDULED_REVIEW_WITH_MEANINGFUL_CHANGE,meaningful_change,new_candidate,903871_1788999394_24185000_1789013928_NZDJPY_12459,31.8,0.0,FULL_STRUCTURED,ai_abstained,ABSTAIN,False,muse,stored,analyst_abstain_below_adjudication_floor,False,ABSTAIN,
903871_1788999394_24185000_1789017796_NZDJPY_19638,903871,903871_1788999394_24185000,NZDJPY,1789017795,ASIA,NK,CALL,OTHER_REQUIRED,decisive_prior_ttl_expired,OTHER_REQUIRED,decisive_prior_ttl_expired,,903871_1788999394_24185000_1789015836_NZDJPY_9831,32.666666666666664,30.0,FULL_STRUCTURED,ai_abstained,ABSTAIN,False,muse,stored,analyst_abstain_below_adjudication_floor,False,ABSTAIN,
903871_1788999394_24185000_1789018757_NZDJPY_7923,903871,903871_1788999394_24185000,NZDJPY,1789018756,ASIA,NK,CALL,OTHER_REQUIRED,borderline_prior_requires_fresh_review,OTHER_REQUIRED,borderline_prior_requires_fresh_review,,903871_1788999394_24185000_1789017796_NZDJPY_19638,16.016666666666666,0.0,FULL_STRUCTURED,ai_abstained,ABSTAIN,False,muse,stored,analyst_abstain_below_adjudication_floor,False,ABSTAIN,
903871_1788999394_24185000_1789019724_NZDJPY_1983,903871,903871_1788999394_24185000,NZDJPY,1789019723,ASIA,NK,CALL,OTHER_REQUIRED,borderline_prior_requires_fresh_review,OTHER_REQUIRED,borderline_prior_requires_fresh_review,,903871_1788999394_24185000_1789018757_NZDJPY_7923,16.116666666666667,0.0,FULL_STRUCTURED,ai_rejected,REJECT,False,muse,stored,analyst_reject,False,REJECT,
903871_1788999394_24185000_1789021710_NZDJPY_7976,903871,903871_1788999394_24185000,NZDJPY,1789021709,ASIA,NK,CALL,OTHER_REQUIRED,decisive_prior_ttl_expired,OTHER_REQUIRED,decisive_prior_ttl_expired,,903871_1788999394_24185000_1789019724_NZDJPY_1983,33.1,30.0,FULL_STRUCTURED,ai_abstained,ABSTAIN,False,muse,stored,analyst_abstain_below_adjudication_floor,False,ABSTAIN,
903871_1788999394_24185000_1789022724_NZDJPY_28729,903871,903871_1788999394_24185000,NZDJPY,1789022722,ASIA,NK,CALL,OTHER_REQUIRED,borderline_prior_requires_fresh_review,OTHER_REQUIRED,borderline_prior_requires_fresh_review,,903871_1788999394_24185000_1789021710_NZDJPY_7976,16.883333333333333,0.0,FULL_STRUCTURED,ai_abstained,ABSTAIN,False,muse,stored,analyst_abstain_below_adjudication_floor,False,ABSTAIN,
903871_1788999394_24185000_1789031054_NZDJPY_22057,903871,903871_1788999394_24185000,NZDJPY,1789031052,ASIA,NK,CALL,SCHEDULED_REVIEW_WITH_MEANINGFUL_CHANGE,meaningful_change,SCHEDULED_REVIEW_WITH_MEANINGFUL_CHANGE,meaningful_change,new_candidate,903871_1788999394_24185000_1789022724_NZDJPY_28729,138.83333333333334,0.0,FULL_STRUCTURED,ai_abstained,ABSTAIN,False,muse,stored,analyst_abstain_below_adjudication_floor,False,ABSTAIN,
903871_1788999394_24185000_1789032083_NZDJPY_27994,903871,903871_1788999394_24185000,NZDJPY,1789032082,ASIA,NK,CALL,OTHER_REQUIRED,borderline_prior_requires_fresh_review,OTHER_REQUIRED,borderline_prior_requires_fresh_review,,903871_1788999394_24185000_1789031054_NZDJPY_22057,17.166666666666668,0.0,FULL_STRUCTURED,ai_abstained,ABSTAIN,False,muse,stored,analyst_abstain_below_adjudication_floor,False,ABSTAIN,
903871_1788999394_24185000_1789033279_NZDJPY_20411,903871,903871_1788999394_24185000,NZDJPY,1789033278,ASIA,NK,CALL,OTHER_REQUIRED,borderline_prior_requires_fresh_review,OTHER_REQUIRED,borderline_prior_requires_fresh_review,,903871_1788999394_24185000_1789032083_NZDJPY_27994,19.933333333333334,0.0,FULL_STRUCTURED,ai_abstained,ABSTAIN,False,muse,stored,analyst_abstain_below_adjudication_floor,False,ABSTAIN,
903871_1788999394_24185000_1789034280_NZDJPY_15074,903871,903871_1788999394_24185000,NZDJPY,1789034278,ASIA,NK,CALL,OTHER_REQUIRED,borderline_prior_requires_fresh_review,OTHER_REQUIRED,borderline_prior_requires_fresh_review,,903871_1788999394_24185000_1789033279_NZDJPY_20411,16.666666666666668,0.0,FULL_STRUCTURED,ai_abstained,ABSTAIN,False,muse,stored,analyst_abstain_below_adjudication_floor,False,ABSTAIN,
903871_1788999394_24185000_1789035406_NZDJPY_14507,903871,903871_1788999394_24185000,NZDJPY,1789035404,ASIA,NK,CALL,OTHER_REQUIRED,borderline_prior_requires_fresh_review,OTHER_REQUIRED,borderline_prior_requires_fresh_review,,903871_1788999394_24185000_1789034280_NZDJPY_15074,18.766666666666666,0.0,FULL_STRUCTURED,ai_abstained,ABSTAIN,False,muse,stored,analyst_abstain_below_adjudication_floor,False,ABSTAIN,
903871_1788999394_24185000_1789042356_NZDJPY_18831,903871,903871_1788999394_24185000,NZDJPY,1789042356,ASIA,K,CALL,SCHEDULED_REVIEW_WITH_MEANINGFUL_CHANGE,meaningful_change,SCHEDULED_REVIEW_WITH_MEANINGFUL_CHANGE,meaningful_change,killzone_transition|new_candidate,903871_1788999394_24185000_1789035406_NZDJPY_14507,115.86666666666666,0.0,FULL_STRUCTURED,ai_abstained,ABSTAIN,False,muse,stored,analyst_abstain_below_adjudication_floor,False,ABSTAIN,
903871_1788999394_24185000_1789043523_NZDJPY_25634,903871,903871_1788999394_24185000,NZDJPY,1789043523,ASIA,K,CALL,OTHER_REQUIRED,borderline_prior_requires_fresh_review,OTHER_REQUIRED,borderline_prior_requires_fresh_review,,903871_1788999394_24185000_1789042356_NZDJPY_18831,19.45,0.0,FULL_STRUCTURED,ai_abstained,ABSTAIN,False,muse,stored,analyst_abstain_below_adjudication_floor,False,ABSTAIN,
903871_1788999394_24185000_1789044808_NZDJPY_13617,903871,903871_1788999394_24185000,NZDJPY,1789044808,ASIA,K,CALL,OTHER_REQUIRED,borderline_prior_requires_fresh_review,OTHER_REQUIRED,borderline_prior_requires_fresh_review,,903871_1788999394_24185000_1789043523_NZDJPY_25634,21.416666666666668,0.0,FULL_STRUCTURED,ai_abstained,ABSTAIN,False,muse,stored,analyst_abstain_below_adjudication_floor,False,ABSTAIN,
903871_1788999394_24185000_1789047619_NZDJPY_11306,903871,903871_1788999394_24185000,NZDJPY,1789047618,LON,NK,CALL,SCHEDULED_REVIEW_WITH_MEANINGFUL_CHANGE,meaningful_change,SCHEDULED_REVIEW_WITH_MEANINGFUL_CHANGE,meaningful_change,session_transition|killzone_transition,903871_1788999394_24185000_1789044808_NZDJPY_13617,46.833333333333336,0.0,FULL_STRUCTURED,ai_abstained,ABSTAIN,False,muse,stored,analyst_abstain_below_adjudication_floor,False,ABSTAIN,
903871_1788999394_24185000_1789048742_NZDJPY_13820,903871,903871_1788999394_24185000,NZDJPY,1789048741,LON,NK,CALL,OTHER_REQUIRED,decisive_prior_ttl_expired,OTHER_REQUIRED,decisive_prior_ttl_expired,,903871_1788999394_24185000_1789047619_NZDJPY_11306,18.716666666666665,15.0,FULL_STRUCTURED,ai_abstained,ABSTAIN,False,muse,stored,analyst_abstain_below_adjudication_floor,False,ABSTAIN,
903871_1788999394_24185000_1789050120_NZDJPY_9111,903871,903871_1788999394_24185000,NZDJPY,1789050120,LON,NK,CALL,SCHEDULED_REVIEW_WITH_MEANINGFUL_CHANGE,meaningful_change,SCHEDULED_REVIEW_WITH_MEANINGFUL_CHANGE,meaningful_change,new_candidate,903871_1788999394_24185000_1789048742_NZDJPY_13820,22.983333333333334,0.0,FULL_STRUCTURED,ai_abstained,ABSTAIN,False,muse,stored,analyst_abstain_below_adjudication_floor,False,ABSTAIN,
903871_1788999394_24185000_1789051254_NZDJPY_18658,903871,903871_1788999394_24185000,NZDJPY,1789051253,LON,NK,CALL,OTHER_REQUIRED,borderline_prior_requires_fresh_review,OTHER_REQUIRED,borderline_prior_requires_fresh_review,,903871_1788999394_24185000_1789050120_NZDJPY_9111,18.883333333333333,0.0,FULL_STRUCTURED,ai_abstained,ABSTAIN,False,muse,stored,analyst_abstain_below_adjudication_floor,False,ABSTAIN,
903871_1788999394_24185000_1789052441_NZDJPY_25967,903871,903871_1788999394_24185000,NZDJPY,1789052440,LON,NK,CALL,SCHEDULED_REVIEW_WITH_MEANINGFUL_CHANGE,meaningful_change,SCHEDULED_REVIEW_WITH_MEANINGFUL_CHANGE,meaningful_change,new_candidate,903871_1788999394_24185000_1789051254_NZDJPY_18658,19.783333333333335,0.0,FULL_STRUCTURED,ai_abstained,ABSTAIN,False,muse,stored,analyst_abstain_below_adjudication_floor,False,ABSTAIN,
903871_1788999394_24185000_1789053535_NZDJPY_27049,903871,903871_1788999394_24185000,NZDJPY,1789053534,LON,NK,CALL,OTHER_REQUIRED,borderline_prior_requires_fresh_review,OTHER_REQUIRED,borderline_prior_requires_fresh_review,,903871_1788999394_24185000_1789052441_NZDJPY_25967,18.233333333333334,0.0,FULL_STRUCTURED,ai_abstained,ABSTAIN,False,muse,stored,analyst_abstain_below_adjudication_floor,False,ABSTAIN,
903871_1788999394_24185000_1789054955_NZDJPY_30433,903871,903871_1788999394_24185000,NZDJPY,1789054954,LON,NK,CALL,OTHER_REQUIRED,borderline_prior_requires_fresh_review,OTHER_REQUIRED,borderline_prior_requires_fresh_review,,903871_1788999394_24185000_1789053535_NZDJPY_27049,23.666666666666668,0.0,FULL_STRUCTURED,ai_abstained,ABSTAIN,False,muse,stored,analyst_abstain_below_adjudication_floor,False,ABSTAIN,
903871_1788999394_24185000_1789057177_NZDJPY_20898,903871,903871_1788999394_24185000,NZDJPY,1789057176,LON,NK,CALL,SCHEDULED_REVIEW_WITH_MEANINGFUL_CHANGE,meaningful_change,SCHEDULED_REVIEW_WITH_MEANINGFUL_CHANGE,meaningful_change,request_state:is_buy+po3.has_follow_through+po3.liquidity_kind+po3.ltf_choch+po3.ltf_mss+po3.sweep_side+po3.t_bos+po3.t_disp+po3.t_sweep|new_candidate,903871_1788999394_24185000_1789054955_NZDJPY_30433,37.03333333333333,0.0,FULL_STRUCTURED,ai_abstained,ABSTAIN,False,muse,stored,analyst_abstain_below_adjudication_floor,False,ABSTAIN,
903871_1788999394_24185000_1789058400_NZDJPY_18130,903871,903871_1788999394_24185000,NZDJPY,1789058399,LON,NK,CALL,SCHEDULED_REVIEW_WITH_MEANINGFUL_CHANGE,meaningful_change,SCHEDULED_REVIEW_WITH_MEANINGFUL_CHANGE,meaningful_change,request_state:po3.liquidity_kind|new_candidate,903871_1788999394_24185000_1789057177_NZDJPY_20898,20.383333333333333,0.0,FULL_STRUCTURED,ai_approved,APPROVE,True,muse,stored,analyst_approve_critic_pass,False,APPROVE,
903871_1788999394_24185000_1789059657_NZDJPY_17906,903871,903871_1788999394_24185000,NZDJPY,1789059656,LON,NK,CALL,REQUIRED_NEW_DECISION,prior_decision_approved_never_reused,REQUIRED_NEW_DECISION,prior_decision_approved_never_reused,,903871_1788999394_24185000_1789058400_NZDJPY_18130,20.95,0.0,FULL_STRUCTURED,ai_rejected,REJECT,False,muse,stored,analyst_reject,False,REJECT,
903871_1788999394_24185000_1789061214_NZDJPY_21747,903871,903871_1788999394_24185000,NZDJPY,1789061213,LON,NK,CALL,SCHEDULED_REVIEW_WITH_MEANINGFUL_CHANGE,meaningful_change,SCHEDULED_REVIEW_WITH_MEANINGFUL_CHANGE,meaningful_change,price_drift|new_candidate,903871_1788999394_24185000_1789059657_NZDJPY_17906,25.95,0.0,FULL_STRUCTURED,ai_abstained,ABSTAIN,False,muse,stored,qualitative_dispute_unresolved,True,ABSTAIN,
903871_1788999394_24185000_1789062467_NZDJPY_9132,903871,903871_1788999394_24185000,NZDJPY,1789062465,LON,NK,CALL,OTHER_REQUIRED,borderline_prior_requires_fresh_review,OTHER_REQUIRED,borderline_prior_requires_fresh_review,,903871_1788999394_24185000_1789061214_NZDJPY_21747,20.866666666666667,0.0,FULL_STRUCTURED,ai_abstained,ABSTAIN,False,muse,stored,analyst_abstain_below_adjudication_floor,False,ABSTAIN,
903871_1789062748_87542921_1789063912_NZDJPY_30097,903871,903871_1789062748_87542921,NZDJPY,1789063911,LON,NK,CALL,SCHEDULED_REVIEW_WITH_MEANINGFUL_CHANGE,meaningful_change,SCHEDULED_REVIEW_WITH_MEANINGFUL_CHANGE,meaningful_change,new_candidate,903871_1788999394_24185000_1789062467_NZDJPY_9132,24.1,0.0,FULL_STRUCTURED,ai_abstained,ABSTAIN,False,muse,stored,analyst_abstain_below_adjudication_floor,False,ABSTAIN,
903871_1789062748_87542921_1789064597_NZDJPY_8856,903871,903871_1789062748_87542921,NZDJPY,1789064596,LON,NK,CALL,OTHER_REQUIRED,borderline_prior_requires_fresh_review,OTHER_REQUIRED,borderline_prior_requires_fresh_review,,903871_1789062748_87542921_1789063912_NZDJPY_30097,11.416666666666666,0.0,FULL_STRUCTURED,ai_abstained,ABSTAIN,False,muse,stored,analyst_abstain_below_adjudication_floor,False,ABSTAIN,
903871_1789062748_87542921_1789065451_NZDJPY_23258,903871,903871_1789062748_87542921,NZDJPY,1789065449,LON,NK,CALL,OTHER_REQUIRED,borderline_prior_requires_fresh_review,OTHER_REQUIRED,borderline_prior_requires_fresh_review,,903871_1789062748_87542921_1789064597_NZDJPY_8856,14.216666666666667,0.0,FULL_STRUCTURED,ai_abstained,ABSTAIN,False,muse,stored,analyst_abstain_below_adjudication_floor,False,ABSTAIN,
903871_1789062748_87542921_1789066099_NZDJPY_16655,903871,903871_1789062748_87542921,NZDJPY,1789066098,LON,NK,CALL,OTHER_REQUIRED,borderline_prior_requires_fresh_review,OTHER_REQUIRED,borderline_prior_requires_fresh_review,,903871_1789062748_87542921_1789065451_NZDJPY_23258,10.816666666666666,0.0,FULL_STRUCTURED,ai_abstained,ABSTAIN,False,muse,stored,analyst_abstain_below_adjudication_floor,False,ABSTAIN,
903871_1789062748_87542921_1789067423_NZDJPY_14844,903871,903871_1789062748_87542921,NZDJPY,1789067422,OFF,NK,CALL,REQUIRED_NEW_DECISION,meaningful_change,REQUIRED_NEW_DECISION,meaningful_change,session_transition|request_state:po3.has_follow_through+po3.htf_choch+po3.htf_mss+po3.liquidity_kind+po3.structure_type+po3.t_bos+po3.t_disp+po3.t_sweep|new_candidate,903871_1789062748_87542921_1789066099_NZDJPY_16655,22.066666666666666,0.0,FULL_STRUCTURED,ai_approved,APPROVE,True,muse,stored,analyst_approve_critic_pass,False,APPROVE,
903871_1789062748_87542921_1789068740_NZDJPY_27691,903871,903871_1789062748_87542921,NZDJPY,1789068739,OFF,NK,CALL,REQUIRED_NEW_DECISION,prior_decision_approved_never_reused,REQUIRED_NEW_DECISION,prior_decision_approved_never_reused,,903871_1789062748_87542921_1789067423_NZDJPY_14844,21.95,0.0,FULL_STRUCTURED,ai_abstained,ABSTAIN,False,muse,stored,analyst_abstain_below_adjudication_floor,False,ABSTAIN,
903871_1789062748_87542921_1789069517_NZDJPY_3174,903871,903871_1789062748_87542921,NZDJPY,1789069516,OFF,NK,CALL,REQUIRED_NEW_DECISION,meaningful_change,REQUIRED_NEW_DECISION,meaningful_change,new_candidate,903871_1789062748_87542921_1789068740_NZDJPY_27691,12.95,0.0,FULL_STRUCTURED,ai_abstained,ABSTAIN,False,muse,stored,analyst_abstain_below_adjudication_floor,False,ABSTAIN,
903871_1789062748_87542921_1789070364_NZDJPY_22376,903871,903871_1789062748_87542921,NZDJPY,1789070362,OFF,NK,CALL,REQUIRED_NEW_DECISION,meaningful_change,REQUIRED_NEW_DECISION,meaningful_change,new_candidate,903871_1789062748_87542921_1789069517_NZDJPY_3174,14.1,0.0,FULL_STRUCTURED,ai_approved,APPROVE,True,muse,stored,analyst_approve_critic_pass,False,APPROVE,
903871_1789062748_87542921_1789071381_NZDJPY_11615,903871,903871_1789062748_87542921,NZDJPY,1789071380,OFF,NK,CALL,REQUIRED_NEW_DECISION,prior_decision_approved_never_reused,REQUIRED_NEW_DECISION,prior_decision_approved_never_reused,,903871_1789062748_87542921_1789070364_NZDJPY_22376,16.966666666666665,0.0,FULL_STRUCTURED,ai_abstained,ABSTAIN,False,muse,stored,analyst_abstain_below_adjudication_floor,False,ABSTAIN,
903871_1789062748_87542921_1789072358_NZDJPY_14437,903871,903871_1789062748_87542921,NZDJPY,1789072357,OFF,NK,CALL,OTHER_REQUIRED,borderline_prior_requires_fresh_review,OTHER_REQUIRED,borderline_prior_requires_fresh_review,,903871_1789062748_87542921_1789071381_NZDJPY_11615,16.283333333333335,0.0,FULL_STRUCTURED,ai_abstained,ABSTAIN,False,muse,stored,analyst_abstain_below_adjudication_floor,False,ABSTAIN,
903871_1789062748_87542921_1789074140_NZDJPY_7537,903871,903871_1789062748_87542921,NZDJPY,1789074138,OFF,NK,CALL,OTHER_REQUIRED,borderline_prior_requires_fresh_review,OTHER_REQUIRED,borderline_prior_requires_fresh_review,,903871_1789062748_87542921_1789072358_NZDJPY_14437,29.683333333333334,0.0,FULL_STRUCTURED,ai_abstained,ABSTAIN,False,muse,stored,analyst_abstain_below_adjudication_floor,False,ABSTAIN,
903871_1789062748_87542921_1789074818_NZDJPY_23138,903871,903871_1789062748_87542921,NZDJPY,1789074817,OFF,NK,CALL,OTHER_REQUIRED,borderline_prior_requires_fresh_review,OTHER_REQUIRED,borderline_prior_requires_fresh_review,,903871_1789062748_87542921_1789074140_NZDJPY_7537,11.316666666666666,0.0,FULL_STRUCTURED,ai_abstained,ABSTAIN,False,muse,stored,analyst_abstain_below_adjudication_floor,False,ABSTAIN,
903871_1789062748_87542921_1789075786_NZDJPY_28503,903871,903871_1789062748_87542921,NZDJPY,1789075784,OFF,NK,CALL,REQUIRED_NEW_DECISION,meaningful_change,REQUIRED_NEW_DECISION,meaningful_change,new_candidate,903871_1789062748_87542921_1789074818_NZDJPY_23138,16.116666666666667,0.0,FULL_STRUCTURED,ai_abstained,ABSTAIN,False,muse,stored,qualitative_dispute_unresolved,True,ABSTAIN,
903871_1789062748_87542921_1789076820_NZDJPY_2488,903871,903871_1789062748_87542921,NZDJPY,1789076818,OFF,NK,CALL,REQUIRED_NEW_DECISION,meaningful_change,REQUIRED_NEW_DECISION,meaningful_change,new_candidate,903871_1789062748_87542921_1789075786_NZDJPY_28503,17.233333333333334,0.0,FULL_STRUCTURED,ai_abstained,ABSTAIN,False,muse,stored,analyst_abstain_below_adjudication_floor,False,ABSTAIN,
903871_1789062748_87542921_1789077957_NZDJPY_31942,903871,903871_1789062748_87542921,NZDJPY,1789077956,OFF,NK,CALL,REQUIRED_NEW_DECISION,meaningful_change,REQUIRED_NEW_DECISION,meaningful_change,new_candidate,903871_1789062748_87542921_1789076820_NZDJPY_2488,18.966666666666665,0.0,FULL_STRUCTURED,ai_approved,APPROVE,True,muse,stored,analyst_approve_critic_pass,False,APPROVE,
903871_1789062748_87542921_1789089325_NZDJPY_26831,903871,903871_1789062748_87542921,NZDJPY,1789089324,NY,NK,CALL,UNKNOWN,no_archived_decision,REQUIRED_NEW_DECISION,prior_decision_approved_never_reused,,903871_1789062748_87542921_1789077957_NZDJPY_31942,189.46666666666667,0.0,,,,False,unknown,,,False,,
903871_1789062748_87542921_1789090539_NZDJPY_24478,903871,903871_1789062748_87542921,NZDJPY,1789090538,NY,NK,CALL,UNKNOWN,no_archived_decision,REQUIRED_NEW_DECISION,prior_decision_approved_never_reused,,903871_1789062748_87542921_1789077957_NZDJPY_31942,209.7,0.0,,,,False,unknown,,,False,,
903871_1789062748_87542921_1789091753_NZDJPY_4646,903871,903871_1789062748_87542921,NZDJPY,1789091752,NY,NK,CALL,UNKNOWN,no_archived_decision,REQUIRED_NEW_DECISION,prior_decision_approved_never_reused,,903871_1789062748_87542921_1789077957_NZDJPY_31942,229.93333333333334,0.0,,,,False,unknown,,,False,,
903871_1789062748_87542921_1789092967_NZDJPY_7785,903871,903871_1789062748_87542921,NZDJPY,1789092966,NY,NK,CALL,UNKNOWN,no_archived_decision,REQUIRED_NEW_DECISION,prior_decision_approved_never_reused,,903871_1789062748_87542921_1789077957_NZDJPY_31942,250.16666666666666,0.0,,,,False,unknown,,,False,,
903871_1789093630_118426656_1789094249_NZDJPY_25790,903871,903871_1789093630_118426656,NZDJPY,1789094248,NY,NK,CALL,REQUIRED_NEW_DECISION,prior_decision_approved_never_reused,REQUIRED_NEW_DECISION,prior_decision_approved_never_reused,,903871_1789062748_87542921_1789077957_NZDJPY_31942,271.53333333333336,0.0,FULL_STRUCTURED,ai_rejected,REJECT,False,muse,stored,analyst_reject,False,REJECT,
903871_1789148402_173202328_1789151032_NZDJPY_23441,903871,903871_1789148402_173202328,NZDJPY,1789151031,LON,NK,CALL,SCHEDULED_REVIEW_WITH_MEANINGFUL_CHANGE,meaningful_change,SCHEDULED_REVIEW_WITH_MEANINGFUL_CHANGE,meaningful_change,identity:runtime_input_hash|session_transition|request_state:po3.context_tier+po3.has_bos+po3.has_follow_through+po3.has_sweep+po3.htf_bos+po3.liquidity_kind+po3.ltf_bos+po3.ltf_choch+po3.ltf_mss+po3.po3_state+po3.structure_type+po3.sweep_side+po3.t_bos+po3.t_disp+po3.t_sweep|new_candidate,903871_1789093630_118426656_1789094249_NZDJPY_25790,946.3833333333333,0.0,FULL_STRUCTURED,ai_abstained,ABSTAIN,False,muse,stored,analyst_abstain_below_adjudication_floor,False,ABSTAIN,
903871_1789148402_173202328_1789151643_NZDJPY_19286,903871,903871_1789148402_173202328,NZDJPY,1789151642,LON,NK,CALL,REQUIRED_NEW_DECISION,meaningful_change,REQUIRED_NEW_DECISION,meaningful_change,candidate_state:target_source+tp_model,903871_1789148402_173202328_1789151032_NZDJPY_23441,10.183333333333334,0.0,FULL_STRUCTURED,ai_abstained,ABSTAIN,False,muse,stored,analyst_abstain_below_adjudication_floor,False,ABSTAIN,
903871_1789148402_173202328_1789152253_NZDJPY_7104,903871,903871_1789148402_173202328,NZDJPY,1789152252,LON,NK,CALL,REQUIRED_NEW_DECISION,meaningful_change,REQUIRED_NEW_DECISION,meaningful_change,candidate_state:target_source+tp_model,903871_1789148402_173202328_1789151643_NZDJPY_19286,10.166666666666666,0.0,FULL_STRUCTURED,ai_abstained,ABSTAIN,False,muse,stored,analyst_abstain_below_adjudication_floor,False,ABSTAIN,
903871_1789148402_173202328_1789152868_NZDJPY_10059,903871,903871_1789148402_173202328,NZDJPY,1789152867,LON,NK,CALL,REQUIRED_NEW_DECISION,meaningful_change,REQUIRED_NEW_DECISION,meaningful_change,identity:python.model_id+python.provider_id|candidate_state:target_source+tp_model|new_candidate,903871_1789148402_173202328_1789152253_NZDJPY_7104,10.25,0.0,DEGRADED_NON_TRADING,structured_response_invalid,REJECT,False,other,non_full_structured_decision,,False,,
903871_1788983285_8075437_1788983347_NZDUSD_453,903871,903871_1788983285_8075437,NZDUSD,1788983346,OFF,NK,CALL,REQUIRED_NEW_DECISION,no_prior_authoritative_decision,REQUIRED_NEW_DECISION,no_prior_authoritative_decision,,,,0.0,FULL_STRUCTURED,ai_abstained,ABSTAIN,False,muse,stored,analyst_abstain_below_adjudication_floor,False,ABSTAIN,
903871_1788983285_8075437_1788983957_NZDUSD_16012,903871,903871_1788983285_8075437,NZDUSD,1788983956,OFF,NK,REUSE,UNCHANGED_STATE,unchanged_decisive_non_approval_within_ttl,UNCHANGED_STATE,unchanged_decisive_non_approval_within_ttl,,903871_1788983285_8075437_1788983347_NZDUSD_453,10.166666666666666,30.0,FULL_STRUCTURED,ai_abstained,ABSTAIN,False,muse,,analyst_abstain_below_adjudication_floor,False,ABSTAIN,
903871_1788983285_8075437_1788984568_NZDUSD_30497,903871,903871_1788983285_8075437,NZDUSD,1788984567,OFF,NK,REUSE,UNCHANGED_STATE,unchanged_decisive_non_approval_within_ttl,UNCHANGED_STATE,unchanged_decisive_non_approval_within_ttl,,903871_1788983285_8075437_1788983347_NZDUSD_453,20.35,30.0,FULL_STRUCTURED,ai_abstained,ABSTAIN,False,muse,,analyst_abstain_below_adjudication_floor,False,ABSTAIN,
903871_1788983285_8075437_1788985176_NZDUSD_13852,903871,903871_1788983285_8075437,NZDUSD,1788985175,OFF,NK,CALL,OTHER_REQUIRED,decisive_prior_ttl_expired,OTHER_REQUIRED,decisive_prior_ttl_expired,,903871_1788983285_8075437_1788983347_NZDUSD_453,30.483333333333334,30.0,FULL_STRUCTURED,ai_abstained,ABSTAIN,False,muse,stored,analyst_abstain_below_adjudication_floor,False,ABSTAIN,
903871_1788983285_8075437_1788985785_NZDUSD_32643,903871,903871_1788983285_8075437,NZDUSD,1788985784,OFF,NK,CALL,OTHER_REQUIRED,borderline_prior_requires_fresh_review,OTHER_REQUIRED,borderline_prior_requires_fresh_review,,903871_1788983285_8075437_1788985176_NZDUSD_13852,10.15,0.0,FULL_STRUCTURED,ai_abstained,ABSTAIN,False,muse,stored,analyst_abstain_below_adjudication_floor,False,ABSTAIN,
903871_1788983285_8075437_1788987005_NZDUSD_24517,903871,903871_1788983285_8075437,NZDUSD,1788987004,OFF,NK,CALL,REQUIRED_NEW_DECISION,meaningful_change,REQUIRED_NEW_DECISION,meaningful_change,new_candidate,903871_1788983285_8075437_1788985785_NZDUSD_32643,20.333333333333332,0.0,FULL_STRUCTURED,ai_abstained,ABSTAIN,False,muse,stored,analyst_abstain_below_adjudication_floor,False,ABSTAIN,
903871_1788983285_8075437_1788987617_NZDUSD_8521,903871,903871_1788983285_8075437,NZDUSD,1788987616,OFF,NK,REUSE,UNCHANGED_STATE,unchanged_decisive_non_approval_within_ttl,UNCHANGED_STATE,unchanged_decisive_non_approval_within_ttl,,903871_1788983285_8075437_1788987005_NZDUSD_24517,10.2,30.0,FULL_STRUCTURED,ai_abstained,ABSTAIN,False,muse,,analyst_abstain_below_adjudication_floor,False,ABSTAIN,
903871_1788983285_8075437_1788988230_NZDUSD_9294,903871,903871_1788983285_8075437,NZDUSD,1788988229,OFF,NK,REUSE,UNCHANGED_STATE,unchanged_decisive_non_approval_within_ttl,UNCHANGED_STATE,unchanged_decisive_non_approval_within_ttl,,903871_1788983285_8075437_1788987005_NZDUSD_24517,20.416666666666668,30.0,FULL_STRUCTURED,ai_abstained,ABSTAIN,False,muse,,analyst_abstain_below_adjudication_floor,False,ABSTAIN,
903871_1788983285_8075437_1788988853_NZDUSD_31220,903871,903871_1788983285_8075437,NZDUSD,1788988851,OFF,NK,CALL,SCHEDULED_REVIEW_WITH_MEANINGFUL_CHANGE,meaningful_change,SCHEDULED_REVIEW_WITH_MEANINGFUL_CHANGE,meaningful_change,new_candidate,903871_1788983285_8075437_1788987005_NZDUSD_24517,30.783333333333335,0.0,FULL_STRUCTURED,ai_abstained,ABSTAIN,False,muse,stored,analyst_abstain_below_adjudication_floor,False,ABSTAIN,
903871_1788983285_8075437_1788989464_NZDUSD_18215,903871,903871_1788983285_8075437,NZDUSD,1788989463,OFF,NK,CALL,OTHER_REQUIRED,borderline_prior_requires_fresh_review,OTHER_REQUIRED,borderline_prior_requires_fresh_review,,903871_1788983285_8075437_1788988853_NZDUSD_31220,10.2,0.0,FULL_STRUCTURED,ai_abstained,ABSTAIN,False,muse,stored,analyst_abstain_below_adjudication_floor,False,ABSTAIN,
903871_1788983285_8075437_1788990078_NZDUSD_12670,903871,903871_1788983285_8075437,NZDUSD,1788990077,OFF,NK,REUSE,UNCHANGED_STATE,unchanged_decisive_non_approval_within_ttl,UNCHANGED_STATE,unchanged_decisive_non_approval_within_ttl,,903871_1788983285_8075437_1788989464_NZDUSD_18215,10.233333333333333,30.0,FULL_STRUCTURED,ai_abstained,ABSTAIN,False,muse,,analyst_abstain_below_adjudication_floor,False,ABSTAIN,
903871_1788983285_8075437_1788991957_NZDUSD_32221,903871,903871_1788983285_8075437,NZDUSD,1788991956,OFF,NK,CALL,PREDETERMINED_OUTCOME,python_hard_pre_gate_already_skips_provider,SCHEDULED_REVIEW_WITH_MEANINGFUL_CHANGE,meaningful_change,identity:python.model_id+python.provider_id|new_candidate,903871_1788983285_8075437_1788989464_NZDUSD_18215,41.55,0.0,DEGRADED_NON_TRADING,hard_pre_gate,REJECT,False,other,non_full_structured_decision,,False,,
903871_1788983285_8075437_1788994471_NZDUSD_25888,903871,903871_1788983285_8075437,NZDUSD,1788994470,OFF,NK,CALL,PREDETERMINED_OUTCOME,python_hard_pre_gate_already_skips_provider,SCHEDULED_REVIEW_WITH_MEANINGFUL_CHANGE,meaningful_change,identity:python.model_id+python.provider_id|new_candidate,903871_1788983285_8075437_1788989464_NZDUSD_18215,83.45,0.0,DEGRADED_NON_TRADING,hard_pre_gate,REJECT,False,other,non_full_structured_decision,,False,,
903871_1788983285_8075437_1788995217_NZDUSD_30781,903871,903871_1788983285_8075437,NZDUSD,1788995216,NY,K,CALL,PREDETERMINED_OUTCOME,python_hard_pre_gate_already_skips_provider,SCHEDULED_REVIEW_WITH_MEANINGFUL_CHANGE,meaningful_change,identity:python.model_id+python.provider_id|session_transition|killzone_transition|new_candidate,903871_1788983285_8075437_1788989464_NZDUSD_18215,95.88333333333334,0.0,DEGRADED_NON_TRADING,hard_pre_gate,REJECT,False,other,non_full_structured_decision,,False,,
903871_1788983285_8075437_1788995964_NZDUSD_32421,903871,903871_1788983285_8075437,NZDUSD,1788995963,NY,K,CALL,PREDETERMINED_OUTCOME,python_hard_pre_gate_already_skips_provider,SCHEDULED_REVIEW_WITH_MEANINGFUL_CHANGE,meaningful_change,identity:python.model_id+python.provider_id|session_transition|killzone_transition|new_candidate,903871_1788983285_8075437_1788989464_NZDUSD_18215,108.33333333333333,0.0,DEGRADED_NON_TRADING,hard_pre_gate,REJECT,False,other,non_full_structured_decision,,False,,
903871_1788999394_24185000_1789003526_NZDUSD_15467,903871,903871_1788999394_24185000,NZDUSD,1789003525,NY,NK,CALL,PREDETERMINED_OUTCOME,python_hard_pre_gate_already_skips_provider,SCHEDULED_REVIEW_WITH_MEANINGFUL_CHANGE,meaningful_change,identity:python.model_id+python.provider_id|session_transition|new_candidate,903871_1788983285_8075437_1788989464_NZDUSD_18215,234.36666666666667,0.0,DEGRADED_NON_TRADING,hard_pre_gate,REJECT,False,other,non_full_structured_decision,,False,,
903871_1788999394_24185000_1789004134_NZDUSD_10576,903871,903871_1788999394_24185000,NZDUSD,1789004133,NY,NK,CALL,PREDETERMINED_OUTCOME,python_hard_pre_gate_already_skips_provider,SCHEDULED_REVIEW_WITH_MEANINGFUL_CHANGE,meaningful_change,identity:python.model_id+python.provider_id|session_transition|new_candidate,903871_1788983285_8075437_1788989464_NZDUSD_18215,244.5,0.0,DEGRADED_NON_TRADING,hard_pre_gate,REJECT,False,other,non_full_structured_decision,,False,,
903871_1788999394_24185000_1789004376_NZDUSD_1800,903871,903871_1788999394_24185000,NZDUSD,1789004375,NY,NK,CALL,PREDETERMINED_OUTCOME,python_hard_pre_gate_already_skips_provider,SCHEDULED_REVIEW_WITH_MEANINGFUL_CHANGE,meaningful_change,identity:python.model_id+python.provider_id|session_transition|new_candidate,903871_1788983285_8075437_1788989464_NZDUSD_18215,248.53333333333333,0.0,DEGRADED_NON_TRADING,hard_pre_gate,REJECT,False,other,non_full_structured_decision,,False,,
903871_1788999394_24185000_1789006199_NZDUSD_21898,903871,903871_1788999394_24185000,NZDUSD,1789006198,NY,NK,CALL,SCHEDULED_REVIEW_WITH_MEANINGFUL_CHANGE,meaningful_change,SCHEDULED_REVIEW_WITH_MEANINGFUL_CHANGE,meaningful_change,session_transition|new_candidate,903871_1788983285_8075437_1788989464_NZDUSD_18215,278.9166666666667,0.0,FULL_STRUCTURED,ai_abstained,ABSTAIN,False,muse,stored,qualitative_dispute_unresolved,True,ABSTAIN,
903871_1788999394_24185000_1789006807_NZDUSD_20306,903871,903871_1788999394_24185000,NZDUSD,1789006807,NY,NK,CALL,SCHEDULED_REVIEW_WITH_MEANINGFUL_CHANGE,meaningful_change,SCHEDULED_REVIEW_WITH_MEANINGFUL_CHANGE,meaningful_change,new_candidate|price_drift,903871_1788999394_24185000_1789006199_NZDUSD_21898,10.15,0.0,FULL_STRUCTURED,ai_abstained,ABSTAIN,False,muse,stored,analyst_abstain_below_adjudication_floor,False,ABSTAIN,
903871_1788999394_24185000_1789007417_NZDUSD_4504,903871,903871_1788999394_24185000,NZDUSD,1789007416,NY,NK,CALL,OTHER_REQUIRED,borderline_prior_requires_fresh_review,OTHER_REQUIRED,borderline_prior_requires_fresh_review,,903871_1788999394_24185000_1789006807_NZDUSD_20306,10.15,0.0,FULL_STRUCTURED,ai_abstained,ABSTAIN,False,muse,stored,analyst_abstain_below_adjudication_floor,False,ABSTAIN,
903871_1788999394_24185000_1789008027_NZDUSD_22288,903871,903871_1788999394_24185000,NZDUSD,1789008027,NY,NK,CALL,OTHER_REQUIRED,borderline_prior_requires_fresh_review,OTHER_REQUIRED,borderline_prior_requires_fresh_review,,903871_1788999394_24185000_1789007417_NZDUSD_4504,10.183333333333334,0.0,FULL_STRUCTURED,ai_rejected,REJECT,False,muse,stored,analyst_reject,False,REJECT,
903871_1788999394_24185000_1789008638_NZDUSD_31191,903871,903871_1788999394_24185000,NZDUSD,1789008638,NY,NK,CALL,OTHER_REQUIRED,decisive_prior_ttl_expired,OTHER_REQUIRED,decisive_prior_ttl_expired,,903871_1788999394_24185000_1789008027_NZDUSD_22288,10.183333333333334,7.0,FULL_STRUCTURED,ai_abstained,ABSTAIN,False,muse,stored,analyst_abstain_below_adjudication_floor,False,ABSTAIN,
903871_1788999394_24185000_1789009256_NZDUSD_30503,903871,903871_1788999394_24185000,NZDUSD,1789009255,ASIA,NK,CALL,REQUIRED_NEW_DECISION,meaningful_change,REQUIRED_NEW_DECISION,meaningful_change,session_transition,903871_1788999394_24185000_1789008638_NZDUSD_31191,10.283333333333333,0.0,FULL_STRUCTURED,ai_abstained,ABSTAIN,False,muse,stored,analyst_abstain_below_adjudication_floor,False,ABSTAIN,
903871_1788999394_24185000_1789009894_NZDUSD_23712,903871,903871_1788999394_24185000,NZDUSD,1789009893,ASIA,NK,CALL,OTHER_REQUIRED,borderline_prior_requires_fresh_review,OTHER_REQUIRED,borderline_prior_requires_fresh_review,,903871_1788999394_24185000_1789009256_NZDUSD_30503,10.633333333333333,0.0,FULL_STRUCTURED,ai_abstained,ABSTAIN,False,muse,stored,analyst_abstain_below_adjudication_floor,False,ABSTAIN,
903871_1788999394_24185000_1789011146_NZDUSD_29814,903871,903871_1788999394_24185000,NZDUSD,1789011145,ASIA,NK,CALL,OTHER_REQUIRED,borderline_prior_requires_fresh_review,OTHER_REQUIRED,borderline_prior_requires_fresh_review,,903871_1788999394_24185000_1789009894_NZDUSD_23712,20.866666666666667,0.0,FULL_STRUCTURED,ai_abstained,ABSTAIN,False,muse,stored,analyst_abstain_below_adjudication_floor,False,ABSTAIN,
903871_1788999394_24185000_1789011820_NZDUSD_20024,903871,903871_1788999394_24185000,NZDUSD,1789011819,ASIA,NK,CALL,OTHER_REQUIRED,borderline_prior_requires_fresh_review,OTHER_REQUIRED,borderline_prior_requires_fresh_review,,903871_1788999394_24185000_1789011146_NZDUSD_29814,11.233333333333333,0.0,FULL_STRUCTURED,ai_abstained,ABSTAIN,False,muse,stored,analyst_abstain_below_adjudication_floor,False,ABSTAIN,
903871_1788999394_24185000_1789012460_NZDUSD_3238,903871,903871_1788999394_24185000,NZDUSD,1789012459,ASIA,NK,REUSE,UNCHANGED_STATE,unchanged_decisive_non_approval_within_ttl,UNCHANGED_STATE,unchanged_decisive_non_approval_within_ttl,,903871_1788999394_24185000_1789011820_NZDUSD_20024,10.666666666666666,30.0,FULL_STRUCTURED,ai_abstained,ABSTAIN,False,muse,,analyst_abstain_below_adjudication_floor,False,ABSTAIN,
903871_1788999394_24185000_1789013087_NZDUSD_4995,903871,903871_1788999394_24185000,NZDUSD,1789013086,ASIA,NK,REUSE,UNCHANGED_STATE,unchanged_decisive_non_approval_within_ttl,UNCHANGED_STATE,unchanged_decisive_non_approval_within_ttl,,903871_1788999394_24185000_1789011820_NZDUSD_20024,21.116666666666667,30.0,FULL_STRUCTURED,ai_abstained,ABSTAIN,False,muse,,analyst_abstain_below_adjudication_floor,False,ABSTAIN,
903871_1788999394_24185000_1789013927_NZDUSD_8299,903871,903871_1788999394_24185000,NZDUSD,1789013927,ASIA,NK,CALL,OTHER_REQUIRED,decisive_prior_ttl_expired,OTHER_REQUIRED,decisive_prior_ttl_expired,,903871_1788999394_24185000_1789011820_NZDUSD_20024,35.13333333333333,30.0,FULL_STRUCTURED,ai_abstained,ABSTAIN,False,muse,stored,analyst_abstain_below_adjudication_floor,False,ABSTAIN,
903871_1788999394_24185000_1789014947_NZDUSD_23338,903871,903871_1788999394_24185000,NZDUSD,1789014946,ASIA,NK,CALL,REQUIRED_NEW_DECISION,meaningful_change,REQUIRED_NEW_DECISION,meaningful_change,new_candidate,903871_1788999394_24185000_1789013927_NZDUSD_8299,16.983333333333334,0.0,FULL_STRUCTURED,ai_abstained,ABSTAIN,False,muse,stored,analyst_abstain_below_adjudication_floor,False,ABSTAIN,
903871_1788999394_24185000_1789016864_NZDUSD_4329,903871,903871_1788999394_24185000,NZDUSD,1789016863,ASIA,NK,CALL,OTHER_REQUIRED,borderline_prior_requires_fresh_review,OTHER_REQUIRED,borderline_prior_requires_fresh_review,,903871_1788999394_24185000_1789014947_NZDUSD_23338,31.95,0.0,FULL_STRUCTURED,ai_abstained,ABSTAIN,False,muse,stored,analyst_abstain_below_adjudication_floor,False,ABSTAIN,
903871_1788999394_24185000_1789018757_NZDUSD_869,903871,903871_1788999394_24185000,NZDUSD,1789018756,ASIA,NK,CALL,OTHER_REQUIRED,borderline_prior_requires_fresh_review,OTHER_REQUIRED,borderline_prior_requires_fresh_review,,903871_1788999394_24185000_1789016864_NZDUSD_4329,31.55,0.0,FULL_STRUCTURED,ai_abstained,ABSTAIN,False,muse,stored,analyst_abstain_below_adjudication_floor,False,ABSTAIN,
903871_1788999394_24185000_1789020718_NZDUSD_15416,903871,903871_1788999394_24185000,NZDUSD,1789020717,ASIA,NK,CALL,OTHER_REQUIRED,borderline_prior_requires_fresh_review,OTHER_REQUIRED,borderline_prior_requires_fresh_review,,903871_1788999394_24185000_1789018757_NZDUSD_869,32.68333333333333,0.0,FULL_STRUCTURED,ai_abstained,ABSTAIN,False,muse,stored,analyst_abstain_below_adjudication_floor,False,ABSTAIN,
903871_1788999394_24185000_1789021710_NZDUSD_20107,903871,903871_1788999394_24185000,NZDUSD,1789021709,ASIA,NK,CALL,OTHER_REQUIRED,borderline_prior_requires_fresh_review,OTHER_REQUIRED,borderline_prior_requires_fresh_review,,903871_1788999394_24185000_1789020718_NZDUSD_15416,16.533333333333335,0.0,FULL_STRUCTURED,ai_abstained,ABSTAIN,False,muse,stored,analyst_abstain_below_adjudication_floor,False,ABSTAIN,
903871_1788999394_24185000_1789022723_NZDUSD_28583,903871,903871_1788999394_24185000,NZDUSD,1789022722,ASIA,NK,CALL,OTHER_REQUIRED,borderline_prior_requires_fresh_review,OTHER_REQUIRED,borderline_prior_requires_fresh_review,,903871_1788999394_24185000_1789021710_NZDUSD_20107,16.883333333333333,0.0,FULL_STRUCTURED,ai_abstained,ABSTAIN,False,muse,stored,analyst_abstain_below_adjudication_floor,False,ABSTAIN,
903871_1788999394_24185000_1789023691_NZDUSD_4985,903871,903871_1788999394_24185000,NZDUSD,1789023690,ASIA,NK,CALL,REQUIRED_NEW_DECISION,meaningful_change,REQUIRED_NEW_DECISION,meaningful_change,price_drift,903871_1788999394_24185000_1789022723_NZDUSD_28583,16.133333333333333,0.0,FULL_STRUCTURED,ai_abstained,ABSTAIN,False,muse,stored,analyst_abstain_below_adjudication_floor,False,ABSTAIN,
903871_1788999394_24185000_1789024710_NZDUSD_6517,903871,903871_1788999394_24185000,NZDUSD,1789024709,ASIA,NK,CALL,OTHER_REQUIRED,borderline_prior_requires_fresh_review,OTHER_REQUIRED,borderline_prior_requires_fresh_review,,903871_1788999394_24185000_1789023691_NZDUSD_4985,16.983333333333334,0.0,FULL_STRUCTURED,ai_abstained,ABSTAIN,False,muse,stored,analyst_abstain_below_adjudication_floor,False,ABSTAIN,
903871_1788999394_24185000_1789026849_NZDUSD_18765,903871,903871_1788999394_24185000,NZDUSD,1789026848,ASIA,NK,CALL,OTHER_REQUIRED,decisive_prior_ttl_expired,OTHER_REQUIRED,decisive_prior_ttl_expired,,903871_1788999394_24185000_1789024710_NZDUSD_6517,35.65,30.0,FULL_STRUCTURED,ai_abstained,ABSTAIN,False,muse,stored,analyst_abstain_below_adjudication_floor,False,ABSTAIN,
903871_1788999394_24185000_1789027883_NZDUSD_17001,903871,903871_1788999394_24185000,NZDUSD,1789027882,ASIA,NK,CALL,REQUIRED_NEW_DECISION,meaningful_change,REQUIRED_NEW_DECISION,meaningful_change,new_candidate,903871_1788999394_24185000_1789026849_NZDUSD_18765,17.233333333333334,0.0,FULL_STRUCTURED,ai_abstained,ABSTAIN,False,muse,stored,analyst_abstain_below_adjudication_floor,False,ABSTAIN,
903871_1788999394_24185000_1789028921_NZDUSD_18752,903871,903871_1788999394_24185000,NZDUSD,1789028920,ASIA,NK,CALL,REQUIRED_NEW_DECISION,meaningful_change,REQUIRED_NEW_DECISION,meaningful_change,candidate_state:entry_trigger_phase+fvg_execution_class+fvg_mitigation_state+fvg_touched,903871_1788999394_24185000_1789027883_NZDUSD_17001,17.3,0.0,FULL_STRUCTURED,ai_abstained,ABSTAIN,False,muse,stored,qualitative_dispute_unresolved,True,ABSTAIN,
903871_1788999394_24185000_1789029978_NZDUSD_15310,903871,903871_1788999394_24185000,NZDUSD,1789029977,ASIA,NK,CALL,REQUIRED_NEW_DECISION,meaningful_change,REQUIRED_NEW_DECISION,meaningful_change,new_candidate,903871_1788999394_24185000_1789028921_NZDUSD_18752,17.616666666666667,0.0,FULL_STRUCTURED,ai_abstained,ABSTAIN,False,muse,stored,analyst_abstain_below_adjudication_floor,False,ABSTAIN,
903871_1788999394_24185000_1789031053_NZDUSD_22595,903871,903871_1788999394_24185000,NZDUSD,1789031052,ASIA,NK,REUSE,UNCHANGED_STATE,unchanged_decisive_non_approval_within_ttl,UNCHANGED_STATE,unchanged_decisive_non_approval_within_ttl,,903871_1788999394_24185000_1789029978_NZDUSD_15310,17.916666666666668,30.0,FULL_STRUCTURED,ai_abstained,ABSTAIN,False,muse,,analyst_abstain_below_adjudication_floor,False,ABSTAIN,
903871_1788999394_24185000_1789032083_NZDUSD_28470,903871,903871_1788999394_24185000,NZDUSD,1789032082,ASIA,NK,CALL,OTHER_REQUIRED,decisive_prior_ttl_expired,OTHER_REQUIRED,decisive_prior_ttl_expired,,903871_1788999394_24185000_1789029978_NZDUSD_15310,35.083333333333336,30.0,FULL_STRUCTURED,ai_abstained,ABSTAIN,False,muse,stored,analyst_abstain_below_adjudication_floor,False,ABSTAIN,
903871_1788999394_24185000_1789033279_NZDUSD_26953,903871,903871_1788999394_24185000,NZDUSD,1789033278,ASIA,NK,CALL,OTHER_REQUIRED,borderline_prior_requires_fresh_review,OTHER_REQUIRED,borderline_prior_requires_fresh_review,,903871_1788999394_24185000_1789032083_NZDUSD_28470,19.933333333333334,0.0,FULL_STRUCTURED,ai_abstained,ABSTAIN,False,muse,stored,analyst_abstain_below_adjudication_floor,False,ABSTAIN,
903871_1788999394_24185000_1789034279_NZDUSD_5713,903871,903871_1788999394_24185000,NZDUSD,1789034278,ASIA,NK,CALL,OTHER_REQUIRED,borderline_prior_requires_fresh_review,OTHER_REQUIRED,borderline_prior_requires_fresh_review,,903871_1788999394_24185000_1789033279_NZDUSD_26953,16.666666666666668,0.0,FULL_STRUCTURED,ai_abstained,ABSTAIN,False,muse,stored,analyst_abstain_below_adjudication_floor,False,ABSTAIN,
903871_1788999394_24185000_1789036511_NZDUSD_20995,903871,903871_1788999394_24185000,NZDUSD,1789036510,ASIA,NK,CALL,OTHER_REQUIRED,borderline_prior_requires_fresh_review,OTHER_REQUIRED,borderline_prior_requires_fresh_review,,903871_1788999394_24185000_1789034279_NZDUSD_5713,37.2,0.0,FULL_STRUCTURED,ai_abstained,ABSTAIN,False,muse,stored,analyst_abstain_below_adjudication_floor,False,ABSTAIN,
903871_1788999394_24185000_1789037774_NZDUSD_9719,903871,903871_1788999394_24185000,NZDUSD,1789037773,ASIA,NK,CALL,OTHER_REQUIRED,borderline_prior_requires_fresh_review,OTHER_REQUIRED,borderline_prior_requires_fresh_review,,903871_1788999394_24185000_1789036511_NZDUSD_20995,21.05,0.0,FULL_STRUCTURED,ai_abstained,ABSTAIN,False,muse,stored,analyst_abstain_below_adjudication_floor,False,ABSTAIN,
903871_1788999394_24185000_1789038871_NZDUSD_29336,903871,903871_1788999394_24185000,NZDUSD,1789038870,ASIA,NK,CALL,REQUIRED_NEW_DECISION,meaningful_change,REQUIRED_NEW_DECISION,meaningful_change,request_state:is_buy+po3.context_tier+po3.developing_bos+po3.has_bos+po3.has_follow_through+po3.htf_bos+po3.htf_choch+po3.htf_mss+po3.liquidity_kind+po3.po3_state+po3.structure_type+po3.sweep_side+po3.t_bos+po3.t_disp+po3.t_sweep|new_candidate,903871_1788999394_24185000_1789037774_NZDUSD_9719,18.283333333333335,0.0,FULL_STRUCTURED,ai_rejected,REJECT,False,muse,stored,analyst_reject,False,REJECT,
903871_1788999394_24185000_1789040077_NZDUSD_25761,903871,903871_1788999394_24185000,NZDUSD,1789040077,ASIA,NK,CALL,REQUIRED_NEW_DECISION,meaningful_change,REQUIRED_NEW_DECISION,meaningful_change,new_candidate,903871_1788999394_24185000_1789038871_NZDUSD_29336,20.116666666666667,0.0,FULL_STRUCTURED,ai_rejected,REJECT,False,muse,stored,analyst_reject,False,REJECT,
903871_1788999394_24185000_1789041240_NZDUSD_19409,903871,903871_1788999394_24185000,NZDUSD,1789041239,ASIA,NK,CALL,REQUIRED_NEW_DECISION,meaningful_change,REQUIRED_NEW_DECISION,meaningful_change,new_candidate,903871_1788999394_24185000_1789040077_NZDUSD_25761,19.366666666666667,0.0,FULL_STRUCTURED,ai_rejected,REJECT,False,muse,stored,analyst_reject,False,REJECT,
903871_1788999394_24185000_1789042356_NZDUSD_3649,903871,903871_1788999394_24185000,NZDUSD,1789042355,ASIA,K,CALL,REQUIRED_NEW_DECISION,meaningful_change,REQUIRED_NEW_DECISION,meaningful_change,killzone_transition,903871_1788999394_24185000_1789041240_NZDUSD_19409,18.6,0.0,FULL_STRUCTURED,ai_abstained,ABSTAIN,False,muse,stored,analyst_abstain_below_adjudication_floor,False,ABSTAIN,
903871_1788999394_24185000_1789043523_NZDUSD_24379,903871,903871_1788999394_24185000,NZDUSD,1789043523,ASIA,K,CALL,REQUIRED_NEW_DECISION,meaningful_change,REQUIRED_NEW_DECISION,meaningful_change,new_candidate,903871_1788999394_24185000_1789042356_NZDUSD_3649,19.466666666666665,0.0,FULL_STRUCTURED,ai_rejected,REJECT,False,muse,stored,analyst_reject,False,REJECT,
903871_1788999394_24185000_1789044808_NZDUSD_1763,903871,903871_1788999394_24185000,NZDUSD,1789044808,ASIA,K,CALL,REQUIRED_NEW_DECISION,meaningful_change,REQUIRED_NEW_DECISION,meaningful_change,identity:python.model_id+python.provider_id|request_state:is_buy+po3.developing_bos+po3.has_sweep+po3.liquidity_kind+po3.ltf_bos+po3.ltf_choch+po3.ltf_mss+po3.structure_type+po3.sweep_side+po3.t_disp+po3.t_sweep|new_candidate,903871_1788999394_24185000_1789043523_NZDUSD_24379,21.416666666666668,0.0,DEGRADED_NON_TRADING,structured_response_invalid,REJECT,False,other,non_full_structured_decision,,False,,
903871_1788999394_24185000_1789046185_NZDUSD_31584,903871,903871_1788999394_24185000,NZDUSD,1789046184,LON,NK,CALL,SCHEDULED_REVIEW_WITH_MEANINGFUL_CHANGE,meaningful_change,SCHEDULED_REVIEW_WITH_MEANINGFUL_CHANGE,meaningful_change,session_transition|killzone_transition|new_candidate,903871_1788999394_24185000_1789043523_NZDUSD_24379,44.35,0.0,FULL_STRUCTURED,ai_rejected,REJECT,False,muse,stored,analyst_reject,False,REJECT,
903871_1789093630_118426656_1789099738_NZDUSD_21857,903871,903871_1789093630_118426656,NZDUSD,1789099737,ASIA,NK,CALL,SCHEDULED_REVIEW_WITH_MEANINGFUL_CHANGE,meaningful_change,SCHEDULED_REVIEW_WITH_MEANINGFUL_CHANGE,meaningful_change,session_transition|request_state:po3.context_tier+po3.developing_bos+po3.has_bos+po3.htf_bos+po3.htf_choch+po3.htf_mss+po3.liquidity_kind+po3.po3_state+po3.structure_type+po3.t_bos+po3.t_disp+po3.t_sweep|new_candidate,903871_1788999394_24185000_1789046185_NZDUSD_31584,892.55,0.0,FULL_STRUCTURED,ai_abstained,ABSTAIN,False,muse,stored,analyst_abstain_below_adjudication_floor,False,ABSTAIN,
903871_1789093630_118426656_1789100353_NZDUSD_24721,903871,903871_1789093630_118426656,NZDUSD,1789100352,ASIA,NK,CALL,PREDETERMINED_OUTCOME,python_hard_pre_gate_already_skips_provider,REQUIRED_NEW_DECISION,meaningful_change,identity:python.model_id+python.provider_id|new_candidate,903871_1789093630_118426656_1789099738_NZDUSD_21857,10.25,0.0,DEGRADED_NON_TRADING,hard_pre_gate,REJECT,False,other,non_full_structured_decision,,False,,
903871_1789093630_118426656_1789100962_NZDUSD_14693,903871,903871_1789093630_118426656,NZDUSD,1789100961,ASIA,NK,REUSE,UNCHANGED_STATE,unchanged_decisive_non_approval_within_ttl,UNCHANGED_STATE,unchanged_decisive_non_approval_within_ttl,,903871_1789093630_118426656_1789099738_NZDUSD_21857,20.4,30.0,FULL_STRUCTURED,ai_abstained,ABSTAIN,False,muse,,analyst_abstain_below_adjudication_floor,False,ABSTAIN,
903871_1789093630_118426656_1789102197_NZDUSD_6859,903871,903871_1789093630_118426656,NZDUSD,1789102196,ASIA,NK,CALL,SCHEDULED_REVIEW_WITH_MEANINGFUL_CHANGE,meaningful_change,SCHEDULED_REVIEW_WITH_MEANINGFUL_CHANGE,meaningful_change,new_candidate,903871_1789093630_118426656_1789099738_NZDUSD_21857,40.983333333333334,0.0,FULL_STRUCTURED,ai_abstained,ABSTAIN,False,muse,stored,analyst_abstain_below_adjudication_floor,False,ABSTAIN,
903871_1789093630_118426656_1789102811_NZDUSD_27761,903871,903871_1789093630_118426656,NZDUSD,1789102810,ASIA,NK,CALL,OTHER_REQUIRED,borderline_prior_requires_fresh_review,OTHER_REQUIRED,borderline_prior_requires_fresh_review,,903871_1789093630_118426656_1789102197_NZDUSD_6859,10.233333333333333,0.0,FULL_STRUCTURED,ai_abstained,ABSTAIN,False,muse,stored,analyst_abstain_below_adjudication_floor,False,ABSTAIN,
903871_1789093630_118426656_1789103435_NZDUSD_18931,903871,903871_1789093630_118426656,NZDUSD,1789103434,ASIA,NK,CALL,REQUIRED_NEW_DECISION,meaningful_change,REQUIRED_NEW_DECISION,meaningful_change,new_candidate,903871_1789093630_118426656_1789102811_NZDUSD_27761,10.4,0.0,FULL_STRUCTURED,ai_abstained,ABSTAIN,False,muse,stored,analyst_abstain_below_adjudication_floor,False,ABSTAIN,
903871_1789093630_118426656_1789104089_NZDUSD_6932,903871,903871_1789093630_118426656,NZDUSD,1789104088,ASIA,NK,CALL,REQUIRED_NEW_DECISION,meaningful_change,REQUIRED_NEW_DECISION,meaningful_change,new_candidate,903871_1789093630_118426656_1789103435_NZDUSD_18931,10.9,0.0,FULL_STRUCTURED,ai_abstained,ABSTAIN,False,muse,stored,analyst_abstain_below_adjudication_floor,False,ABSTAIN,
903871_1789093630_118426656_1789104772_NZDUSD_30383,903871,903871_1789093630_118426656,NZDUSD,1789104771,ASIA,NK,REUSE,UNCHANGED_STATE,unchanged_decisive_non_approval_within_ttl,UNCHANGED_STATE,unchanged_decisive_non_approval_within_ttl,,903871_1789093630_118426656_1789104089_NZDUSD_6932,11.383333333333333,30.0,FULL_STRUCTURED,ai_abstained,ABSTAIN,False,muse,,analyst_abstain_below_adjudication_floor,False,ABSTAIN,
903871_1789093630_118426656_1789106175_NZDUSD_19083,903871,903871_1789093630_118426656,NZDUSD,1789106174,ASIA,NK,CALL,SCHEDULED_REVIEW_WITH_MEANINGFUL_CHANGE,meaningful_change,SCHEDULED_REVIEW_WITH_MEANINGFUL_CHANGE,meaningful_change,new_candidate,903871_1789093630_118426656_1789104089_NZDUSD_6932,34.766666666666666,0.0,FULL_STRUCTURED,ai_abstained,ABSTAIN,False,muse,stored,analyst_abstain_below_adjudication_floor,False,ABSTAIN,
903871_1789093630_118426656_1789106971_NZDUSD_2122,903871,903871_1789093630_118426656,NZDUSD,1789106970,ASIA,NK,CALL,REQUIRED_NEW_DECISION,meaningful_change,REQUIRED_NEW_DECISION,meaningful_change,request_state:po3.liquidity_kind,903871_1789093630_118426656_1789106175_NZDUSD_19083,13.266666666666667,0.0,FULL_STRUCTURED,ai_abstained,ABSTAIN,False,muse,stored,analyst_abstain_below_adjudication_floor,False,ABSTAIN,
903871_1789093630_118426656_1789107739_NZDUSD_32190,903871,903871_1789093630_118426656,NZDUSD,1789107738,ASIA,NK,CALL,REQUIRED_NEW_DECISION,meaningful_change,REQUIRED_NEW_DECISION,meaningful_change,identity:python.model_id+python.provider_id|new_candidate,903871_1789093630_118426656_1789106971_NZDUSD_2122,12.8,0.0,FULL_STRUCTURED,ai_rejected,REJECT,False,luna,stored,analyst_reject,False,REJECT,
903871_1789148402_173202328_1789148584_NZDUSD_7815,903871,903871_1789148402_173202328,NZDUSD,1789148583,LON,NK,CALL,SCHEDULED_REVIEW_WITH_MEANINGFUL_CHANGE,meaningful_change,SCHEDULED_REVIEW_WITH_MEANINGFUL_CHANGE,meaningful_change,identity:python.model_id+python.provider_id+runtime_input_hash|session_transition|request_state:po3.liquidity_kind|candidate_state:entry_trigger_phase+fvg_execution_class+fvg_mid_mitigated+fvg_mitigation_state+fvg_touched|price_drift|new_candidate,903871_1789093630_118426656_1789107739_NZDUSD_32190,680.75,0.0,FULL_STRUCTURED,ai_abstained,ABSTAIN,False,muse,stored,analyst_abstain_below_adjudication_floor,False,ABSTAIN,
903871_1789148402_173202328_1789149809_NZDUSD_7938,903871,903871_1789148402_173202328,NZDUSD,1789149808,LON,NK,CALL,OTHER_REQUIRED,borderline_prior_requires_fresh_review,OTHER_REQUIRED,borderline_prior_requires_fresh_review,,903871_1789148402_173202328_1789148584_NZDUSD_7815,20.416666666666668,0.0,FULL_STRUCTURED,ai_abstained,ABSTAIN,False,muse,stored,analyst_abstain_below_adjudication_floor,False,ABSTAIN,
903871_1789148402_173202328_1789150419_NZDUSD_31949,903871,903871_1789148402_173202328,NZDUSD,1789150418,LON,NK,CALL,OTHER_REQUIRED,borderline_prior_requires_fresh_review,OTHER_REQUIRED,borderline_prior_requires_fresh_review,,903871_1789148402_173202328_1789149809_NZDUSD_7938,10.166666666666666,0.0,FULL_STRUCTURED,ai_abstained,ABSTAIN,False,muse,stored,analyst_abstain_below_adjudication_floor,False,ABSTAIN,
903871_1789148402_173202328_1789151032_NZDUSD_7985,903871,903871_1789148402_173202328,NZDUSD,1789151031,LON,NK,CALL,OTHER_REQUIRED,borderline_prior_requires_fresh_review,OTHER_REQUIRED,borderline_prior_requires_fresh_review,,903871_1789148402_173202328_1789150419_NZDUSD_31949,10.216666666666667,0.0,FULL_STRUCTURED,ai_abstained,ABSTAIN,False,muse,stored,analyst_abstain_below_adjudication_floor,False,ABSTAIN,
903871_1789148402_173202328_1789151643_NZDUSD_17154,903871,903871_1789148402_173202328,NZDUSD,1789151642,LON,NK,CALL,OTHER_REQUIRED,borderline_prior_requires_fresh_review,OTHER_REQUIRED,borderline_prior_requires_fresh_review,,903871_1789148402_173202328_1789151032_NZDUSD_7985,10.183333333333334,0.0,FULL_STRUCTURED,ai_abstained,ABSTAIN,False,muse,stored,analyst_abstain_below_adjudication_floor,False,ABSTAIN,
903871_1789148402_173202328_1789152253_NZDUSD_21882,903871,903871_1789148402_173202328,NZDUSD,1789152252,LON,NK,CALL,OTHER_REQUIRED,borderline_prior_requires_fresh_review,OTHER_REQUIRED,borderline_prior_requires_fresh_review,,903871_1789148402_173202328_1789151643_NZDUSD_17154,10.166666666666666,0.0,FULL_STRUCTURED,ai_abstained,ABSTAIN,False,muse,stored,analyst_abstain_below_adjudication_floor,False,ABSTAIN,
903871_1789148402_173202328_1789152868_NZDUSD_26884,903871,903871_1789148402_173202328,NZDUSD,1789152867,LON,NK,CALL,OTHER_REQUIRED,borderline_prior_requires_fresh_review,OTHER_REQUIRED,borderline_prior_requires_fresh_review,,903871_1789148402_173202328_1789152253_NZDUSD_21882,10.25,0.0,FULL_STRUCTURED,ai_abstained,ABSTAIN,False,muse,stored,analyst_abstain_below_adjudication_floor,False,ABSTAIN,
903871_1789148402_173202328_1789154095_NZDUSD_19967,903871,903871_1789148402_173202328,NZDUSD,1789154094,OFF,NK,CALL,REQUIRED_NEW_DECISION,meaningful_change,REQUIRED_NEW_DECISION,meaningful_change,session_transition,903871_1789148402_173202328_1789152868_NZDUSD_26884,20.45,0.0,FULL_STRUCTURED,ai_abstained,ABSTAIN,False,muse,stored,analyst_abstain_below_adjudication_floor,False,ABSTAIN,
903871_1789148402_173202328_1789155319_NZDUSD_20481,903871,903871_1789148402_173202328,NZDUSD,1789155318,OFF,NK,CALL,OTHER_REQUIRED,borderline_prior_requires_fresh_review,OTHER_REQUIRED,borderline_prior_requires_fresh_review,,903871_1789148402_173202328_1789154095_NZDUSD_19967,20.4,0.0,FULL_STRUCTURED,ai_abstained,ABSTAIN,False,muse,stored,analyst_abstain_below_adjudication_floor,False,ABSTAIN,
903871_1789148402_173202328_1789155937_NZDUSD_21943,903871,903871_1789148402_173202328,NZDUSD,1789155935,OFF,NK,CALL,OTHER_REQUIRED,borderline_prior_requires_fresh_review,OTHER_REQUIRED,borderline_prior_requires_fresh_review,,903871_1789148402_173202328_1789155319_NZDUSD_20481,10.283333333333333,0.0,FULL_STRUCTURED,ai_abstained,ABSTAIN,False,muse,stored,analyst_abstain_below_adjudication_floor,False,ABSTAIN,
903871_1789148402_173202328_1789156550_NZDUSD_3356,903871,903871_1789148402_173202328,NZDUSD,1789156549,OFF,NK,CALL,REQUIRED_NEW_DECISION,meaningful_change,REQUIRED_NEW_DECISION,meaningful_change,identity:python.model_id+python.provider_id,903871_1789148402_173202328_1789155937_NZDUSD_21943,10.233333333333333,0.0,FULL_STRUCTURED,ai_approved,APPROVE,True,luna,stored,analyst_approve_critic_pass,False,APPROVE,
903871_1789148402_173202328_1789158408_NZDUSD_29871,903871,903871_1789148402_173202328,NZDUSD,1789158406,OFF,NK,CALL,REQUIRED_NEW_DECISION,prior_decision_approved_never_reused,REQUIRED_NEW_DECISION,prior_decision_approved_never_reused,,903871_1789148402_173202328_1789156550_NZDUSD_3356,30.95,0.0,FULL_STRUCTURED,ai_abstained,ABSTAIN,False,luna,stored,qualitative_block_upheld,True,ABSTAIN,
903871_1789148402_173202328_1789159027_NZDUSD_12765,903871,903871_1789148402_173202328,NZDUSD,1789159026,OFF,NK,CALL,OTHER_REQUIRED,borderline_prior_requires_fresh_review,OTHER_REQUIRED,borderline_prior_requires_fresh_review,,903871_1789148402_173202328_1789158408_NZDUSD_29871,10.333333333333334,0.0,FULL_STRUCTURED,ai_abstained,ABSTAIN,False,luna,stored,qualitative_block_upheld,True,ABSTAIN,
903871_1789148402_173202328_1789160263_NZDUSD_32010,903871,903871_1789148402_173202328,NZDUSD,1789160262,OFF,NK,CALL,OTHER_REQUIRED,borderline_prior_requires_fresh_review,OTHER_REQUIRED,borderline_prior_requires_fresh_review,,903871_1789148402_173202328_1789159027_NZDUSD_12765,20.6,0.0,FULL_STRUCTURED,ai_approved,APPROVE,True,luna,stored,analyst_approve_critic_pass,False,APPROVE,
903871_1789148402_173202328_1789160882_NZDUSD_16730,903871,903871_1789148402_173202328,NZDUSD,1789160880,OFF,NK,CALL,REQUIRED_NEW_DECISION,prior_decision_approved_never_reused,REQUIRED_NEW_DECISION,prior_decision_approved_never_reused,,903871_1789148402_173202328_1789160263_NZDUSD_32010,10.3,0.0,FULL_STRUCTURED,ai_abstained,ABSTAIN,False,luna,stored,qualitative_dispute_unresolved,True,ABSTAIN,
903871_1789148402_173202328_1789161500_NZDUSD_29619,903871,903871_1789148402_173202328,NZDUSD,1789161498,OFF,NK,CALL,OTHER_REQUIRED,borderline_prior_requires_fresh_review,OTHER_REQUIRED,borderline_prior_requires_fresh_review,,903871_1789148402_173202328_1789160882_NZDUSD_16730,10.3,0.0,FULL_STRUCTURED,ai_approved,APPROVE,True,luna,stored,analyst_approve_critic_pass,False,APPROVE,
903871_1789148402_173202328_1789162120_NZDUSD_4918,903871,903871_1789148402_173202328,NZDUSD,1789162118,OFF,NK,CALL,REQUIRED_NEW_DECISION,prior_decision_approved_never_reused,REQUIRED_NEW_DECISION,prior_decision_approved_never_reused,,903871_1789148402_173202328_1789161500_NZDUSD_29619,10.333333333333334,0.0,FULL_STRUCTURED,ai_abstained,ABSTAIN,False,luna,stored,qualitative_dispute_unresolved,True,ABSTAIN,
903871_1789148402_173202328_1789162735_NZDUSD_1213,903871,903871_1789148402_173202328,NZDUSD,1789162734,OFF,NK,CALL,OTHER_REQUIRED,borderline_prior_requires_fresh_review,OTHER_REQUIRED,borderline_prior_requires_fresh_review,,903871_1789148402_173202328_1789162120_NZDUSD_4918,10.266666666666667,0.0,FULL_STRUCTURED,ai_approved,APPROVE,True,luna,stored,analyst_approve_critic_pass,False,APPROVE,
903871_1789148402_173202328_1789163359_NZDUSD_23040,903871,903871_1789148402_173202328,NZDUSD,1789163358,OFF,NK,CALL,REQUIRED_NEW_DECISION,prior_decision_approved_never_reused,REQUIRED_NEW_DECISION,prior_decision_approved_never_reused,,903871_1789148402_173202328_1789162735_NZDUSD_1213,10.4,0.0,FULL_STRUCTURED,ai_approved,APPROVE,True,luna,stored,analyst_approve_critic_pass,False,APPROVE,
903871_1789148402_173202328_1789163976_NZDUSD_10980,903871,903871_1789148402_173202328,NZDUSD,1789163975,OFF,NK,CALL,REQUIRED_NEW_DECISION,prior_decision_approved_never_reused,REQUIRED_NEW_DECISION,prior_decision_approved_never_reused,,903871_1789148402_173202328_1789163359_NZDUSD_23040,10.283333333333333,0.0,FULL_STRUCTURED,ai_abstained,ABSTAIN,False,luna,stored,qualitative_dispute_unresolved,True,ABSTAIN,
903871_1789148402_173202328_1789164597_NZDUSD_27671,903871,903871_1789148402_173202328,NZDUSD,1789164595,OFF,NK,CALL,OTHER_REQUIRED,borderline_prior_requires_fresh_review,OTHER_REQUIRED,borderline_prior_requires_fresh_review,,903871_1789148402_173202328_1789163976_NZDUSD_10980,10.333333333333334,0.0,FULL_STRUCTURED,ai_approved,APPROVE,True,luna,stored,analyst_approve_critic_pass,False,APPROVE,
903871_1789148402_173202328_1789165219_NZDUSD_22616,903871,903871_1789148402_173202328,NZDUSD,1789165218,OFF,NK,CALL,REQUIRED_NEW_DECISION,prior_decision_approved_never_reused,REQUIRED_NEW_DECISION,prior_decision_approved_never_reused,,903871_1789148402_173202328_1789164597_NZDUSD_27671,10.383333333333333,0.0,FULL_STRUCTURED,ai_abstained,ABSTAIN,False,luna,stored,qualitative_dispute_unresolved,True,ABSTAIN,
903871_1789148402_173202328_1789165836_NZDUSD_17952,903871,903871_1789148402_173202328,NZDUSD,1789165835,OFF,NK,CALL,REQUIRED_NEW_DECISION,meaningful_change,REQUIRED_NEW_DECISION,meaningful_change,price_drift,903871_1789148402_173202328_1789165219_NZDUSD_22616,10.283333333333333,0.0,FULL_STRUCTURED,ai_abstained,ABSTAIN,False,luna,stored,qualitative_dispute_unresolved,True,ABSTAIN,
903871_1789148402_173202328_1789166456_NZDUSD_10813,903871,903871_1789148402_173202328,NZDUSD,1789166455,OFF,NK,CALL,OTHER_REQUIRED,borderline_prior_requires_fresh_review,OTHER_REQUIRED,borderline_prior_requires_fresh_review,,903871_1789148402_173202328_1789165836_NZDUSD_17952,10.333333333333334,0.0,FULL_STRUCTURED,ai_abstained,ABSTAIN,False,luna,stored,qualitative_dispute_unresolved,True,ABSTAIN,
903871_1789148402_173202328_1789167692_NZDUSD_17020,903871,903871_1789148402_173202328,NZDUSD,1789167691,NY,K,CALL,SCHEDULED_REVIEW_WITH_MEANINGFUL_CHANGE,meaningful_change,SCHEDULED_REVIEW_WITH_MEANINGFUL_CHANGE,meaningful_change,session_transition|killzone_transition,903871_1789148402_173202328_1789166456_NZDUSD_10813,20.6,0.0,FULL_STRUCTURED,ai_approved,APPROVE,True,luna,stored,analyst_approve_critic_pass,False,APPROVE,
903871_1788999394_24185000_1789020718_SPX500_14180,903871,903871_1788999394_24185000,SPX500,1789020717,ASIA,NK,CALL,REQUIRED_NEW_DECISION,no_prior_authoritative_decision,REQUIRED_NEW_DECISION,no_prior_authoritative_decision,,,,0.0,FULL_STRUCTURED,ai_abstained,ABSTAIN,False,muse,stored,analyst_abstain_below_adjudication_floor,False,ABSTAIN,
903871_1788999394_24185000_1789022723_SPX500_14749,903871,903871_1788999394_24185000,SPX500,1789022722,ASIA,NK,CALL,SCHEDULED_REVIEW_WITH_MEANINGFUL_CHANGE,meaningful_change,SCHEDULED_REVIEW_WITH_MEANINGFUL_CHANGE,meaningful_change,candidate_state:entry_trigger_phase+fvg_execution_class+fvg_mid_mitigated+fvg_mitigation_state+fvg_touched|new_candidate,903871_1788999394_24185000_1789020718_SPX500_14180,33.416666666666664,0.0,FULL_STRUCTURED,ai_rejected,REJECT,False,muse,stored,analyst_reject,False,REJECT,
903871_1788999394_24185000_1789024711_SPX500_10836,903871,903871_1788999394_24185000,SPX500,1789024709,ASIA,NK,CALL,SCHEDULED_REVIEW_WITH_MEANINGFUL_CHANGE,meaningful_change,SCHEDULED_REVIEW_WITH_MEANINGFUL_CHANGE,meaningful_change,new_candidate,903871_1788999394_24185000_1789022723_SPX500_14749,33.11666666666667,0.0,FULL_STRUCTURED,ai_abstained,ABSTAIN,False,muse,stored,analyst_abstain_below_adjudication_floor,False,ABSTAIN,
903871_1788999394_24185000_1789026849_SPX500_18433,903871,903871_1788999394_24185000,SPX500,1789026848,ASIA,NK,CALL,SCHEDULED_REVIEW_WITH_MEANINGFUL_CHANGE,meaningful_change,SCHEDULED_REVIEW_WITH_MEANINGFUL_CHANGE,meaningful_change,identity:python.model_id+python.provider_id|candidate_state:entry_trigger_phase+fvg_execution_class+fvg_mid_mitigated+fvg_mitigation_state+fvg_touched,903871_1788999394_24185000_1789024711_SPX500_10836,35.65,0.0,FULL_STRUCTURED,ai_abstained,ABSTAIN,False,luna,stored,qualitative_dispute_unresolved,True,ABSTAIN,
903871_1788999394_24185000_1789027883_SPX500_23605,903871,903871_1788999394_24185000,SPX500,1789027882,ASIA,NK,CALL,REQUIRED_NEW_DECISION,meaningful_change,REQUIRED_NEW_DECISION,meaningful_change,identity:python.model_id+python.provider_id|new_candidate,903871_1788999394_24185000_1789026849_SPX500_18433,17.233333333333334,0.0,FULL_STRUCTURED,ai_abstained,ABSTAIN,False,muse,stored,analyst_abstain_below_adjudication_floor,False,ABSTAIN,
903871_1788999394_24185000_1789029979_SPX500_10829,903871,903871_1788999394_24185000,SPX500,1789029977,ASIA,NK,CALL,SCHEDULED_REVIEW_WITH_MEANINGFUL_CHANGE,meaningful_change,SCHEDULED_REVIEW_WITH_MEANINGFUL_CHANGE,meaningful_change,new_candidate,903871_1788999394_24185000_1789027883_SPX500_23605,34.916666666666664,0.0,FULL_STRUCTURED,ai_abstained,ABSTAIN,False,muse,stored,analyst_abstain_below_adjudication_floor,False,ABSTAIN,
903871_1788999394_24185000_1789032083_SPX500_6788,903871,903871_1788999394_24185000,SPX500,1789032082,ASIA,NK,CALL,SCHEDULED_REVIEW_WITH_MEANINGFUL_CHANGE,meaningful_change,SCHEDULED_REVIEW_WITH_MEANINGFUL_CHANGE,meaningful_change,candidate_state:entry_trigger_phase+fvg_execution_class+fvg_mid_mitigated+fvg_mitigation_state+fvg_touched,903871_1788999394_24185000_1789029979_SPX500_10829,35.083333333333336,0.0,FULL_STRUCTURED,ai_abstained,ABSTAIN,False,muse,stored,analyst_abstain_below_adjudication_floor,False,ABSTAIN,
903871_1788999394_24185000_1789033279_SPX500_4091,903871,903871_1788999394_24185000,SPX500,1789033278,ASIA,NK,CALL,REQUIRED_NEW_DECISION,meaningful_change,REQUIRED_NEW_DECISION,meaningful_change,new_candidate,903871_1788999394_24185000_1789032083_SPX500_6788,19.933333333333334,0.0,FULL_STRUCTURED,ai_abstained,ABSTAIN,False,muse,stored,analyst_abstain_below_adjudication_floor,False,ABSTAIN,
903871_1788999394_24185000_1789034280_SPX500_1116,903871,903871_1788999394_24185000,SPX500,1789034278,ASIA,NK,CALL,OTHER_REQUIRED,borderline_prior_requires_fresh_review,OTHER_REQUIRED,borderline_prior_requires_fresh_review,,903871_1788999394_24185000_1789033279_SPX500_4091,16.666666666666668,0.0,FULL_STRUCTURED,ai_abstained,ABSTAIN,False,muse,stored,analyst_abstain_below_adjudication_floor,False,ABSTAIN,
903871_1788999394_24185000_1789036512_SPX500_946,903871,903871_1788999394_24185000,SPX500,1789036510,ASIA,NK,CALL,SCHEDULED_REVIEW_WITH_MEANINGFUL_CHANGE,meaningful_change,SCHEDULED_REVIEW_WITH_MEANINGFUL_CHANGE,meaningful_change,new_candidate,903871_1788999394_24185000_1789034280_SPX500_1116,37.2,0.0,FULL_STRUCTURED,ai_abstained,ABSTAIN,False,muse,stored,analyst_abstain_below_adjudication_floor,False,ABSTAIN,
903871_1788999394_24185000_1789037774_SPX500_14489,903871,903871_1788999394_24185000,SPX500,1789037774,ASIA,NK,CALL,OTHER_REQUIRED,borderline_prior_requires_fresh_review,OTHER_REQUIRED,borderline_prior_requires_fresh_review,,903871_1788999394_24185000_1789036512_SPX500_946,21.066666666666666,0.0,FULL_STRUCTURED,ai_abstained,ABSTAIN,False,muse,stored,analyst_abstain_below_adjudication_floor,False,ABSTAIN,
903871_1788999394_24185000_1789038871_SPX500_24552,903871,903871_1788999394_24185000,SPX500,1789038871,ASIA,NK,CALL,OTHER_REQUIRED,borderline_prior_requires_fresh_review,OTHER_REQUIRED,borderline_prior_requires_fresh_review,,903871_1788999394_24185000_1789037774_SPX500_14489,18.283333333333335,0.0,FULL_STRUCTURED,ai_abstained,ABSTAIN,False,muse,stored,analyst_abstain_below_adjudication_floor,False,ABSTAIN,
903871_1788999394_24185000_1789040077_SPX500_30837,903871,903871_1788999394_24185000,SPX500,1789040077,ASIA,NK,CALL,OTHER_REQUIRED,borderline_prior_requires_fresh_review,OTHER_REQUIRED,borderline_prior_requires_fresh_review,,903871_1788999394_24185000_1789038871_SPX500_24552,20.1,0.0,FULL_STRUCTURED,ai_abstained,ABSTAIN,False,muse,stored,analyst_abstain_below_adjudication_floor,False,ABSTAIN,
903871_1788999394_24185000_1789041240_SPX500_29241,903871,903871_1788999394_24185000,SPX500,1789041239,ASIA,NK,CALL,REQUIRED_NEW_DECISION,meaningful_change,REQUIRED_NEW_DECISION,meaningful_change,new_candidate,903871_1788999394_24185000_1789040077_SPX500_30837,19.366666666666667,0.0,FULL_STRUCTURED,ai_rejected,REJECT,False,muse,stored,analyst_reject,False,REJECT,
903871_1788999394_24185000_1789061215_SPX500_4850,903871,903871_1788999394_24185000,SPX500,1789061214,LON,NK,CALL,SCHEDULED_REVIEW_WITH_MEANINGFUL_CHANGE,meaningful_change,SCHEDULED_REVIEW_WITH_MEANINGFUL_CHANGE,meaningful_change,session_transition|request_state:is_buy+po3.htf_choch+po3.htf_mss+po3.liquidity_kind+po3.ltf_choch+po3.ltf_mss+po3.structure_type+po3.sweep_side+po3.t_bos+po3.t_disp+po3.t_sweep|new_candidate,903871_1788999394_24185000_1789041240_SPX500_29241,332.9166666666667,0.0,FULL_STRUCTURED,ai_abstained,ABSTAIN,False,muse,stored,analyst_abstain_below_adjudication_floor,False,ABSTAIN,
903871_1788999394_24185000_1789062467_SPX500_30898,903871,903871_1788999394_24185000,SPX500,1789062466,LON,NK,CALL,SCHEDULED_REVIEW_WITH_MEANINGFUL_CHANGE,meaningful_change,SCHEDULED_REVIEW_WITH_MEANINGFUL_CHANGE,meaningful_change,request_state:po3.context_tier+po3.has_bos+po3.has_sweep+po3.htf_bos+po3.liquidity_kind+po3.ltf_bos+po3.po3_state+po3.structure_type+po3.sweep_side+po3.t_bos+po3.t_disp+po3.t_sweep|new_candidate,903871_1788999394_24185000_1789061215_SPX500_4850,20.866666666666667,0.0,FULL_STRUCTURED,ai_abstained,ABSTAIN,False,muse,stored,analyst_abstain_below_adjudication_floor,False,ABSTAIN,
903871_1789062748_87542921_1789065450_SPX500_13522,903871,903871_1789062748_87542921,SPX500,1789065449,LON,NK,CALL,SCHEDULED_REVIEW_WITH_MEANINGFUL_CHANGE,meaningful_change,SCHEDULED_REVIEW_WITH_MEANINGFUL_CHANGE,meaningful_change,identity:python.model_id+python.provider_id|request_state:po3.context_tier+po3.has_bos+po3.has_sweep+po3.htf_bos+po3.liquidity_kind+po3.ltf_bos+po3.po3_state+po3.structure_type+po3.sweep_side+po3.t_bos+po3.t_disp+po3.t_sweep|new_candidate,903871_1788999394_24185000_1789062467_SPX500_30898,49.71666666666667,0.0,FULL_STRUCTURED,ai_abstained,ABSTAIN,False,luna,stored,analyst_abstain_below_adjudication_floor,False,ABSTAIN,
903871_1789062748_87542921_1789066099_SPX500_7728,903871,903871_1789062748_87542921,SPX500,1789066098,LON,NK,CALL,REQUIRED_NEW_DECISION,meaningful_change,REQUIRED_NEW_DECISION,meaningful_change,identity:python.model_id+python.provider_id|new_candidate,903871_1789062748_87542921_1789065450_SPX500_13522,10.816666666666666,0.0,FULL_STRUCTURED,ai_abstained,ABSTAIN,False,muse,stored,analyst_abstain_below_adjudication_floor,False,ABSTAIN,
903871_1789062748_87542921_1789066789_SPX500_27003,903871,903871_1789062748_87542921,SPX500,1789066788,LON,NK,CALL,REQUIRED_NEW_DECISION,meaningful_change,REQUIRED_NEW_DECISION,meaningful_change,new_candidate,903871_1789062748_87542921_1789066099_SPX500_7728,11.5,0.0,FULL_STRUCTURED,ai_abstained,ABSTAIN,False,muse,stored,analyst_abstain_below_adjudication_floor,False,ABSTAIN,
903871_1789062748_87542921_1789067423_SPX500_3630,903871,903871_1789062748_87542921,SPX500,1789067422,OFF,NK,CALL,REQUIRED_NEW_DECISION,meaningful_change,REQUIRED_NEW_DECISION,meaningful_change,session_transition|request_state:po3.context_tier+po3.has_bos+po3.has_sweep+po3.htf_bos+po3.liquidity_kind+po3.ltf_bos+po3.po3_state+po3.structure_type+po3.sweep_side+po3.t_bos+po3.t_disp+po3.t_sweep|new_candidate,903871_1789062748_87542921_1789066789_SPX500_27003,10.566666666666666,0.0,FULL_STRUCTURED,ai_abstained,ABSTAIN,False,muse,stored,analyst_abstain_below_adjudication_floor,False,ABSTAIN,
903871_1789062748_87542921_1789068109_SPX500_13726,903871,903871_1789062748_87542921,SPX500,1789068108,OFF,NK,CALL,REQUIRED_NEW_DECISION,meaningful_change,REQUIRED_NEW_DECISION,meaningful_change,request_state:po3.context_tier+po3.has_bos+po3.has_sweep+po3.htf_bos+po3.liquidity_kind+po3.ltf_bos+po3.po3_state+po3.structure_type+po3.sweep_side+po3.t_bos+po3.t_disp+po3.t_sweep|new_candidate,903871_1789062748_87542921_1789067423_SPX500_3630,11.433333333333334,0.0,FULL_STRUCTURED,ai_abstained,ABSTAIN,False,muse,stored,analyst_abstain_below_adjudication_floor,False,ABSTAIN,
903871_1789062748_87542921_1789068740_SPX500_25774,903871,903871_1789062748_87542921,SPX500,1789068739,OFF,NK,CALL,OTHER_REQUIRED,borderline_prior_requires_fresh_review,OTHER_REQUIRED,borderline_prior_requires_fresh_review,,903871_1789062748_87542921_1789068109_SPX500_13726,10.516666666666667,0.0,FULL_STRUCTURED,ai_abstained,ABSTAIN,False,muse,stored,analyst_abstain_below_adjudication_floor,False,ABSTAIN,
903871_1789062748_87542921_1789072358_SPX500_26887,903871,903871_1789062748_87542921,SPX500,1789072357,OFF,NK,CALL,OTHER_REQUIRED,borderline_prior_requires_fresh_review,OTHER_REQUIRED,borderline_prior_requires_fresh_review,,903871_1789062748_87542921_1789068740_SPX500_25774,60.3,0.0,FULL_STRUCTURED,ai_abstained,ABSTAIN,False,muse,stored,analyst_abstain_below_adjudication_floor,False,ABSTAIN,
903871_1789062748_87542921_1789074140_SPX500_3269,903871,903871_1789062748_87542921,SPX500,1789074138,OFF,NK,CALL,OTHER_REQUIRED,borderline_prior_requires_fresh_review,OTHER_REQUIRED,borderline_prior_requires_fresh_review,,903871_1789062748_87542921_1789072358_SPX500_26887,29.683333333333334,0.0,FULL_STRUCTURED,ai_abstained,ABSTAIN,False,muse,stored,analyst_abstain_below_adjudication_floor,False,ABSTAIN,
903871_1789062748_87542921_1789079710_SPX500_30683,903871,903871_1789062748_87542921,SPX500,1789079708,OFF,NK,CALL,OTHER_REQUIRED,borderline_prior_requires_fresh_review,OTHER_REQUIRED,borderline_prior_requires_fresh_review,,903871_1789062748_87542921_1789074140_SPX500_3269,92.83333333333333,0.0,FULL_STRUCTURED,ai_abstained,ABSTAIN,False,muse,stored,analyst_abstain_below_adjudication_floor,False,ABSTAIN,
903871_1789062748_87542921_1789081570_SPX500_31645,903871,903871_1789062748_87542921,SPX500,1789081569,NY,K,CALL,SCHEDULED_REVIEW_WITH_MEANINGFUL_CHANGE,meaningful_change,SCHEDULED_REVIEW_WITH_MEANINGFUL_CHANGE,meaningful_change,session_transition|killzone_transition|candidate_state:target_source+tp_model,903871_1789062748_87542921_1789079710_SPX500_30683,31.016666666666666,0.0,FULL_STRUCTURED,ai_abstained,ABSTAIN,False,muse,stored,analyst_abstain_below_adjudication_floor,False,ABSTAIN,
903871_1789062748_87542921_1789083532_SPX500_13595,903871,903871_1789062748_87542921,SPX500,1789083532,NY,K,CALL,UNKNOWN,no_archived_decision,SCHEDULED_REVIEW_WITH_MEANINGFUL_CHANGE,meaningful_change,new_candidate,903871_1789062748_87542921_1789081570_SPX500_31645,32.71666666666667,0.0,,,,False,unknown,,,False,,
903871_1789062748_87542921_1789089325_SPX500_29671,903871,903871_1789062748_87542921,SPX500,1789089324,NY,NK,CALL,UNKNOWN,no_archived_decision,SCHEDULED_REVIEW_WITH_MEANINGFUL_CHANGE,meaningful_change,killzone_transition|candidate_state:liquidity_target_blocked_by_obstacle+obstacle_kind,903871_1789062748_87542921_1789081570_SPX500_31645,129.25,0.0,,,,False,unknown,,,False,,
903871_1789062748_87542921_1789091142_SPX500_15402,903871,903871_1789062748_87542921,SPX500,1789091141,NY,NK,CALL,UNKNOWN,no_archived_decision,SCHEDULED_REVIEW_WITH_MEANINGFUL_CHANGE,meaningful_change,killzone_transition|candidate_state:liquidity_target_blocked_by_obstacle+obstacle_kind,903871_1789062748_87542921_1789081570_SPX500_31645,159.53333333333333,0.0,,,,False,unknown,,,False,,
903871_1789062748_87542921_1789092359_SPX500_8206,903871,903871_1789062748_87542921,SPX500,1789092358,NY,NK,CALL,UNKNOWN,no_archived_decision,SCHEDULED_REVIEW_WITH_MEANINGFUL_CHANGE,meaningful_change,killzone_transition|candidate_state:liquidity_target_blocked_by_obstacle+obstacle_kind,903871_1789062748_87542921_1789081570_SPX500_31645,179.81666666666666,0.0,,,,False,unknown,,,False,,
903871_1789062748_87542921_1789093571_SPX500_9641,903871,903871_1789062748_87542921,SPX500,1789093569,NY,NK,CALL,SCHEDULED_REVIEW_WITH_MEANINGFUL_CHANGE,meaningful_change,SCHEDULED_REVIEW_WITH_MEANINGFUL_CHANGE,meaningful_change,identity:python.model_id+python.provider_id|killzone_transition|candidate_state:liquidity_target_blocked_by_obstacle+obstacle_kind,903871_1789062748_87542921_1789081570_SPX500_31645,200.0,0.0,DEGRADED_NON_TRADING,provider_transport_error,REJECT,False,other,non_full_structured_decision,,False,,
903871_1789093630_118426656_1789094856_SPX500_27626,903871,903871_1789093630_118426656,SPX500,1789094855,NY,NK,CALL,SCHEDULED_REVIEW_WITH_MEANINGFUL_CHANGE,meaningful_change,SCHEDULED_REVIEW_WITH_MEANINGFUL_CHANGE,meaningful_change,killzone_transition|candidate_state:liquidity_target_blocked_by_obstacle+obstacle_kind,903871_1789062748_87542921_1789081570_SPX500_31645,221.43333333333334,0.0,FULL_STRUCTURED,ai_abstained,ABSTAIN,False,muse,stored,analyst_abstain_below_adjudication_floor,False,ABSTAIN,
903871_1789093630_118426656_1789096071_SPX500_7033,903871,903871_1789093630_118426656,SPX500,1789096070,ASIA,NK,CALL,REQUIRED_NEW_DECISION,meaningful_change,REQUIRED_NEW_DECISION,meaningful_change,session_transition|new_candidate,903871_1789093630_118426656_1789094856_SPX500_27626,20.25,0.0,FULL_STRUCTURED,ai_abstained,ABSTAIN,False,muse,stored,analyst_abstain_below_adjudication_floor,False,ABSTAIN,
903871_1789093630_118426656_1789097903_SPX500_3150,903871,903871_1789093630_118426656,SPX500,1789097902,ASIA,NK,CALL,SCHEDULED_REVIEW_WITH_MEANINGFUL_CHANGE,meaningful_change,SCHEDULED_REVIEW_WITH_MEANINGFUL_CHANGE,meaningful_change,new_candidate,903871_1789093630_118426656_1789096071_SPX500_7033,30.533333333333335,0.0,FULL_STRUCTURED,ai_abstained,ABSTAIN,False,muse,stored,analyst_abstain_below_adjudication_floor,False,ABSTAIN,
903871_1789093630_118426656_1789098514_SPX500_14282,903871,903871_1789093630_118426656,SPX500,1789098513,ASIA,NK,CALL,REQUIRED_NEW_DECISION,meaningful_change,REQUIRED_NEW_DECISION,meaningful_change,new_candidate,903871_1789093630_118426656_1789097903_SPX500_3150,10.183333333333334,0.0,FULL_STRUCTURED,ai_abstained,ABSTAIN,False,muse,stored,analyst_abstain_below_adjudication_floor,False,ABSTAIN,
903871_1789093630_118426656_1789099124_SPX500_10160,903871,903871_1789093630_118426656,SPX500,1789099123,ASIA,NK,CALL,REQUIRED_NEW_DECISION,meaningful_change,REQUIRED_NEW_DECISION,meaningful_change,new_candidate,903871_1789093630_118426656_1789098514_SPX500_14282,10.166666666666666,0.0,FULL_STRUCTURED,ai_abstained,ABSTAIN,False,muse,stored,analyst_abstain_below_adjudication_floor,False,ABSTAIN,
903871_1789093630_118426656_1789099738_SPX500_31560,903871,903871_1789093630_118426656,SPX500,1789099737,ASIA,NK,CALL,REQUIRED_NEW_DECISION,meaningful_change,REQUIRED_NEW_DECISION,meaningful_change,new_candidate,903871_1789093630_118426656_1789099124_SPX500_10160,10.233333333333333,0.0,FULL_STRUCTURED,ai_abstained,ABSTAIN,False,muse,stored,analyst_abstain_below_adjudication_floor,False,ABSTAIN,
903871_1789148402_173202328_1789168753_SPX500_31410,903871,903871_1789148402_173202328,SPX500,1789168753,NY,K,CALL,SCHEDULED_REVIEW_WITH_MEANINGFUL_CHANGE,meaningful_change,SCHEDULED_REVIEW_WITH_MEANINGFUL_CHANGE,meaningful_change,identity:python.model_id+python.provider_id+runtime_input_hash|session_transition|killzone_transition|request_state:po3.context_tier+po3.has_bos+po3.has_sweep+po3.htf_bos+po3.liquidity_kind+po3.ltf_bos+po3.po3_state+po3.structure_type+po3.sweep_side+po3.t_bos+po3.t_disp+po3.t_sweep|new_candidate,903871_1789093630_118426656_1789099738_SPX500_31560,1150.2666666666667,0.0,FULL_STRUCTURED,ai_abstained,ABSTAIN,False,luna,stored,analyst_abstain_below_adjudication_floor,False,ABSTAIN,
903871_1788999394_24185000_1789035405_UK100_32578,903871,903871_1788999394_24185000,UK100,1789035404,ASIA,NK,CALL,REQUIRED_NEW_DECISION,no_prior_authoritative_decision,REQUIRED_NEW_DECISION,no_prior_authoritative_decision,,,,0.0,FULL_STRUCTURED,ai_rejected,REJECT,False,muse,stored,analyst_reject,False,REJECT,
903871_1788999394_24185000_1789037774_UK100_31001,903871,903871_1788999394_24185000,UK100,1789037774,ASIA,NK,CALL,OTHER_REQUIRED,decisive_prior_ttl_expired,OTHER_REQUIRED,decisive_prior_ttl_expired,,903871_1788999394_24185000_1789035405_UK100_32578,39.5,30.0,FULL_STRUCTURED,ai_abstained,ABSTAIN,False,muse,stored,analyst_abstain_below_adjudication_floor,False,ABSTAIN,
903871_1788999394_24185000_1789038871_UK100_18002,903871,903871_1788999394_24185000,UK100,1789038870,ASIA,NK,CALL,REQUIRED_NEW_DECISION,meaningful_change,REQUIRED_NEW_DECISION,meaningful_change,new_candidate,903871_1788999394_24185000_1789037774_UK100_31001,18.266666666666666,0.0,FULL_STRUCTURED,ai_abstained,ABSTAIN,False,muse,stored,analyst_abstain_below_adjudication_floor,False,ABSTAIN,
903871_1788999394_24185000_1789040077_UK100_22661,903871,903871_1788999394_24185000,UK100,1789040077,ASIA,NK,CALL,REQUIRED_NEW_DECISION,meaningful_change,REQUIRED_NEW_DECISION,meaningful_change,new_candidate,903871_1788999394_24185000_1789038871_UK100_18002,20.116666666666667,0.0,FULL_STRUCTURED,ai_abstained,ABSTAIN,False,muse,stored,analyst_abstain_below_adjudication_floor,False,ABSTAIN,
903871_1788999394_24185000_1789041239_UK100_3814,903871,903871_1788999394_24185000,UK100,1789041239,ASIA,NK,CALL,REQUIRED_NEW_DECISION,meaningful_change,REQUIRED_NEW_DECISION,meaningful_change,new_candidate,903871_1788999394_24185000_1789040077_UK100_22661,19.366666666666667,0.0,FULL_STRUCTURED,ai_abstained,ABSTAIN,False,muse,stored,analyst_abstain_below_adjudication_floor,False,ABSTAIN,
903871_1789148402_173202328_1789148584_UK100_2514,903871,903871_1789148402_173202328,UK100,1789148583,LON,NK,CALL,SCHEDULED_REVIEW_WITH_MEANINGFUL_CHANGE,meaningful_change,SCHEDULED_REVIEW_WITH_MEANINGFUL_CHANGE,meaningful_change,identity:runtime_input_hash|session_transition|request_state:po3.has_follow_through+po3.t_bos+po3.t_disp+po3.t_sweep|new_candidate,903871_1788999394_24185000_1789041239_UK100_3814,1789.0666666666666,0.0,FULL_STRUCTURED,ai_abstained,ABSTAIN,False,muse,stored,analyst_abstain_below_adjudication_floor,False,ABSTAIN,
903871_1789148402_173202328_1789149197_UK100_2039,903871,903871_1789148402_173202328,UK100,1789149196,LON,NK,CALL,REQUIRED_NEW_DECISION,meaningful_change,REQUIRED_NEW_DECISION,meaningful_change,request_state:po3.t_sweep|new_candidate,903871_1789148402_173202328_1789148584_UK100_2514,10.216666666666667,0.0,FULL_STRUCTURED,ai_abstained,ABSTAIN,False,muse,stored,analyst_abstain_below_adjudication_floor,False,ABSTAIN,
903871_1789148402_173202328_1789149809_UK100_22422,903871,903871_1789148402_173202328,UK100,1789149808,LON,NK,CALL,OTHER_REQUIRED,borderline_prior_requires_fresh_review,OTHER_REQUIRED,borderline_prior_requires_fresh_review,,903871_1789148402_173202328_1789149197_UK100_2039,10.2,0.0,FULL_STRUCTURED,ai_abstained,ABSTAIN,False,muse,stored,analyst_abstain_below_adjudication_floor,False,ABSTAIN,
903871_1789148402_173202328_1789151032_UK100_8650,903871,903871_1789148402_173202328,UK100,1789151031,LON,NK,CALL,OTHER_REQUIRED,decisive_prior_ttl_expired,OTHER_REQUIRED,decisive_prior_ttl_expired,,903871_1789148402_173202328_1789149809_UK100_22422,20.383333333333333,15.0,FULL_STRUCTURED,ai_rejected,REJECT,False,muse,stored,analyst_reject,False,REJECT,
903871_1789148402_173202328_1789151643_UK100_12427,903871,903871_1789148402_173202328,UK100,1789151642,LON,NK,CALL,REQUIRED_NEW_DECISION,meaningful_change,REQUIRED_NEW_DECISION,meaningful_change,new_candidate,903871_1789148402_173202328_1789151032_UK100_8650,10.183333333333334,0.0,FULL_STRUCTURED,ai_abstained,ABSTAIN,False,muse,stored,analyst_abstain_below_adjudication_floor,False,ABSTAIN,
903871_1789148402_173202328_1789154096_UK100_22097,903871,903871_1789148402_173202328,UK100,1789154094,OFF,NK,CALL,SCHEDULED_REVIEW_WITH_MEANINGFUL_CHANGE,meaningful_change,SCHEDULED_REVIEW_WITH_MEANINGFUL_CHANGE,meaningful_change,session_transition|new_candidate,903871_1789148402_173202328_1789151643_UK100_12427,40.86666666666667,0.0,FULL_STRUCTURED,ai_abstained,ABSTAIN,False,muse,stored,analyst_abstain_below_adjudication_floor,False,ABSTAIN,
903871_1789148402_173202328_1789155320_UK100_2328,903871,903871_1789148402_173202328,UK100,1789155319,OFF,NK,CALL,REQUIRED_NEW_DECISION,meaningful_change,REQUIRED_NEW_DECISION,meaningful_change,new_candidate,903871_1789148402_173202328_1789154096_UK100_22097,20.416666666666668,0.0,FULL_STRUCTURED,ai_abstained,ABSTAIN,False,muse,stored,analyst_abstain_below_adjudication_floor,False,ABSTAIN,
903871_1789148402_173202328_1789155937_UK100_23536,903871,903871_1789148402_173202328,UK100,1789155936,OFF,NK,CALL,REQUIRED_NEW_DECISION,meaningful_change,REQUIRED_NEW_DECISION,meaningful_change,new_candidate,903871_1789148402_173202328_1789155320_UK100_2328,10.283333333333333,0.0,FULL_STRUCTURED,ai_abstained,ABSTAIN,False,muse,stored,analyst_abstain_below_adjudication_floor,False,ABSTAIN,
903871_1789148402_173202328_1789157167_UK100_18352,903871,903871_1789148402_173202328,UK100,1789157166,OFF,NK,CALL,REQUIRED_NEW_DECISION,meaningful_change,REQUIRED_NEW_DECISION,meaningful_change,identity:python.model_id+python.provider_id,903871_1789148402_173202328_1789155937_UK100_23536,20.5,0.0,FULL_STRUCTURED,ai_abstained,ABSTAIN,False,luna,stored,analyst_abstain_below_adjudication_floor,False,ABSTAIN,
903871_1789148402_173202328_1789157784_UK100_15373,903871,903871_1789148402_173202328,UK100,1789157783,OFF,NK,CALL,OTHER_REQUIRED,borderline_prior_requires_fresh_review,OTHER_REQUIRED,borderline_prior_requires_fresh_review,,903871_1789148402_173202328_1789157167_UK100_18352,10.283333333333333,0.0,FULL_STRUCTURED,ai_abstained,ABSTAIN,False,luna,stored,analyst_abstain_below_adjudication_floor,False,ABSTAIN,
903871_1789148402_173202328_1789158408_UK100_9651,903871,903871_1789148402_173202328,UK100,1789158406,OFF,NK,CALL,OTHER_REQUIRED,borderline_prior_requires_fresh_review,OTHER_REQUIRED,borderline_prior_requires_fresh_review,,903871_1789148402_173202328_1789157784_UK100_15373,10.383333333333333,0.0,FULL_STRUCTURED,ai_abstained,ABSTAIN,False,luna,stored,qualitative_dispute_unresolved,True,ABSTAIN,
903871_1789148402_173202328_1789159027_UK100_23383,903871,903871_1789148402_173202328,UK100,1789159026,OFF,NK,CALL,OTHER_REQUIRED,borderline_prior_requires_fresh_review,OTHER_REQUIRED,borderline_prior_requires_fresh_review,,903871_1789148402_173202328_1789158408_UK100_9651,10.333333333333334,0.0,FULL_STRUCTURED,ai_abstained,ABSTAIN,False,luna,stored,qualitative_dispute_unresolved,True,ABSTAIN,
903871_1789148402_173202328_1789159645_UK100_26144,903871,903871_1789148402_173202328,UK100,1789159643,OFF,NK,CALL,OTHER_REQUIRED,borderline_prior_requires_fresh_review,OTHER_REQUIRED,borderline_prior_requires_fresh_review,,903871_1789148402_173202328_1789159027_UK100_23383,10.283333333333333,0.0,FULL_STRUCTURED,ai_abstained,ABSTAIN,False,luna,stored,qualitative_dispute_unresolved,True,ABSTAIN,
903871_1789148402_173202328_1789160263_UK100_1004,903871,903871_1789148402_173202328,UK100,1789160262,OFF,NK,CALL,OTHER_REQUIRED,borderline_prior_requires_fresh_review,OTHER_REQUIRED,borderline_prior_requires_fresh_review,,903871_1789148402_173202328_1789159645_UK100_26144,10.316666666666666,0.0,FULL_STRUCTURED,ai_abstained,ABSTAIN,False,luna,stored,qualitative_block_upheld,True,ABSTAIN,
903871_1789148402_173202328_1789167692_UK100_23114,903871,903871_1789148402_173202328,UK100,1789167691,NY,K,CALL,SCHEDULED_REVIEW_WITH_MEANINGFUL_CHANGE,meaningful_change,SCHEDULED_REVIEW_WITH_MEANINGFUL_CHANGE,meaningful_change,session_transition|killzone_transition|request_state:po3.has_follow_through+po3.htf_choch+po3.htf_mss+po3.ltf_choch+po3.ltf_mss+po3.structure_type+po3.t_bos+po3.t_disp+po3.t_sweep|new_candidate,903871_1789148402_173202328_1789160263_UK100_1004,123.81666666666666,0.0,FULL_STRUCTURED,ai_approved,APPROVE,True,luna,stored,analyst_approve_critic_pass,False,APPROVE,
903871_1788999394_24185000_1789023691_US30_11375,903871,903871_1788999394_24185000,US30,1789023690,ASIA,NK,CALL,REQUIRED_NEW_DECISION,no_prior_authoritative_decision,REQUIRED_NEW_DECISION,no_prior_authoritative_decision,,,,0.0,FULL_STRUCTURED,ai_abstained,ABSTAIN,False,muse,stored,analyst_abstain_below_adjudication_floor,False,ABSTAIN,
903871_1788999394_24185000_1789024711_US30_13616,903871,903871_1788999394_24185000,US30,1789024710,ASIA,NK,CALL,OTHER_REQUIRED,borderline_prior_requires_fresh_review,OTHER_REQUIRED,borderline_prior_requires_fresh_review,,903871_1788999394_24185000_1789023691_US30_11375,17.0,0.0,FULL_STRUCTURED,ai_abstained,ABSTAIN,False,muse,stored,analyst_abstain_below_adjudication_floor,False,ABSTAIN,
903871_1788999394_24185000_1789025693_US30_12512,903871,903871_1788999394_24185000,US30,1789025692,ASIA,NK,REUSE,UNCHANGED_STATE,unchanged_decisive_non_approval_within_ttl,UNCHANGED_STATE,unchanged_decisive_non_approval_within_ttl,,903871_1788999394_24185000_1789024711_US30_13616,16.366666666666667,30.0,FULL_STRUCTURED,ai_abstained,ABSTAIN,False,muse,,analyst_abstain_below_adjudication_floor,False,ABSTAIN,
903871_1788999394_24185000_1789026849_US30_17063,903871,903871_1788999394_24185000,US30,1789026848,ASIA,NK,CALL,OTHER_REQUIRED,decisive_prior_ttl_expired,OTHER_REQUIRED,decisive_prior_ttl_expired,,903871_1788999394_24185000_1789024711_US30_13616,35.63333333333333,30.0,FULL_STRUCTURED,ai_abstained,ABSTAIN,False,muse,stored,analyst_abstain_below_adjudication_floor,False,ABSTAIN,
903871_1788999394_24185000_1789027883_US30_2676,903871,903871_1788999394_24185000,US30,1789027882,ASIA,NK,CALL,REQUIRED_NEW_DECISION,meaningful_change,REQUIRED_NEW_DECISION,meaningful_change,request_state:po3.has_follow_through+po3.liquidity_kind+po3.ltf_choch+po3.ltf_mss+po3.t_bos+po3.t_disp|new_candidate,903871_1788999394_24185000_1789026849_US30_17063,17.233333333333334,0.0,FULL_STRUCTURED,ai_rejected,REJECT,False,muse,stored,analyst_reject,False,REJECT,
903871_1788999394_24185000_1789028921_US30_16282,903871,903871_1788999394_24185000,US30,1789028919,ASIA,NK,REUSE,UNCHANGED_STATE,unchanged_decisive_non_approval_within_ttl,UNCHANGED_STATE,unchanged_decisive_non_approval_within_ttl,,903871_1788999394_24185000_1789027883_US30_2676,17.283333333333335,30.0,FULL_STRUCTURED,ai_rejected,REJECT,False,muse,,analyst_reject,False,REJECT,
903871_1788999394_24185000_1789029979_US30_15136,903871,903871_1788999394_24185000,US30,1789029977,ASIA,NK,CALL,OTHER_REQUIRED,decisive_prior_ttl_expired,OTHER_REQUIRED,decisive_prior_ttl_expired,,903871_1788999394_24185000_1789027883_US30_2676,34.916666666666664,30.0,FULL_STRUCTURED,ai_rejected,REJECT,False,muse,stored,analyst_reject,False,REJECT,
903871_1788999394_24185000_1789031053_US30_29069,903871,903871_1788999394_24185000,US30,1789031052,ASIA,NK,CALL,REQUIRED_NEW_DECISION,meaningful_change,REQUIRED_NEW_DECISION,meaningful_change,candidate_state:obstacle_kind+target_source+tp_model|price_drift,903871_1788999394_24185000_1789029979_US30_15136,17.916666666666668,0.0,FULL_STRUCTURED,ai_rejected,REJECT,False,muse,stored,analyst_reject,False,REJECT,
903871_1788999394_24185000_1789032083_US30_23394,903871,903871_1788999394_24185000,US30,1789032082,ASIA,NK,REUSE,UNCHANGED_STATE,unchanged_decisive_non_approval_within_ttl,UNCHANGED_STATE,unchanged_decisive_non_approval_within_ttl,,903871_1788999394_24185000_1789031053_US30_29069,17.166666666666668,30.0,FULL_STRUCTURED,ai_abstained,ABSTAIN,False,muse,,analyst_abstain_below_adjudication_floor,False,ABSTAIN,
903871_1788999394_24185000_1789033279_US30_22359,903871,903871_1788999394_24185000,US30,1789033278,ASIA,NK,CALL,OTHER_REQUIRED,decisive_prior_ttl_expired,OTHER_REQUIRED,decisive_prior_ttl_expired,,903871_1788999394_24185000_1789031053_US30_29069,37.1,30.0,FULL_STRUCTURED,ai_rejected,REJECT,False,muse,stored,analyst_reject,False,REJECT,
903871_1788999394_24185000_1789034279_US30_18071,903871,903871_1788999394_24185000,US30,1789034278,ASIA,NK,REUSE,UNCHANGED_STATE,unchanged_decisive_non_approval_within_ttl,UNCHANGED_STATE,unchanged_decisive_non_approval_within_ttl,,903871_1788999394_24185000_1789033279_US30_22359,16.666666666666668,30.0,FULL_STRUCTURED,ai_rejected,REJECT,False,muse,,analyst_reject,False,REJECT,
903871_1788999394_24185000_1789036512_US30_10443,903871,903871_1788999394_24185000,US30,1789036510,ASIA,NK,CALL,OTHER_REQUIRED,decisive_prior_ttl_expired,OTHER_REQUIRED,decisive_prior_ttl_expired,,903871_1788999394_24185000_1789033279_US30_22359,53.86666666666667,30.0,FULL_STRUCTURED,ai_abstained,ABSTAIN,False,muse,stored,analyst_abstain_below_adjudication_floor,False,ABSTAIN,
903871_1788999394_24185000_1789037775_US30_13202,903871,903871_1788999394_24185000,US30,1789037774,ASIA,NK,REUSE,UNCHANGED_STATE,unchanged_decisive_non_approval_within_ttl,UNCHANGED_STATE,unchanged_decisive_non_approval_within_ttl,,903871_1788999394_24185000_1789036512_US30_10443,21.066666666666666,30.0,FULL_STRUCTURED,ai_rejected,REJECT,False,muse,,analyst_reject,False,REJECT,
903871_1788999394_24185000_1789038871_US30_14209,903871,903871_1788999394_24185000,US30,1789038870,ASIA,NK,CALL,OTHER_REQUIRED,decisive_prior_ttl_expired,OTHER_REQUIRED,decisive_prior_ttl_expired,,903871_1788999394_24185000_1789036512_US30_10443,39.333333333333336,30.0,FULL_STRUCTURED,ai_rejected,REJECT,False,muse,stored,analyst_reject,False,REJECT,
903871_1788999394_24185000_1789042356_US30_27537,903871,903871_1788999394_24185000,US30,1789042355,ASIA,K,CALL,SCHEDULED_REVIEW_WITH_MEANINGFUL_CHANGE,meaningful_change,SCHEDULED_REVIEW_WITH_MEANINGFUL_CHANGE,meaningful_change,killzone_transition|new_candidate,903871_1788999394_24185000_1789038871_US30_14209,58.083333333333336,0.0,FULL_STRUCTURED,ai_rejected,REJECT,False,muse,stored,analyst_reject,False,REJECT,
903871_1788999394_24185000_1789044808_US30_20984,903871,903871_1788999394_24185000,US30,1789044808,ASIA,K,CALL,OTHER_REQUIRED,decisive_prior_ttl_expired,OTHER_REQUIRED,decisive_prior_ttl_expired,,903871_1788999394_24185000_1789042356_US30_27537,40.88333333333333,30.0,FULL_STRUCTURED,ai_rejected,REJECT,False,muse,stored,analyst_reject,False,REJECT,
903871_1788999394_24185000_1789046185_US30_10627,903871,903871_1788999394_24185000,US30,1789046184,LON,NK,CALL,SCHEDULED_REVIEW_WITH_MEANINGFUL_CHANGE,meaningful_change,SCHEDULED_REVIEW_WITH_MEANINGFUL_CHANGE,meaningful_change,session_transition|killzone_transition,903871_1788999394_24185000_1789044808_US30_20984,22.933333333333334,0.0,FULL_STRUCTURED,ai_abstained,ABSTAIN,False,muse,stored,analyst_abstain_below_adjudication_floor,False,ABSTAIN,
903871_1788999394_24185000_1789047619_US30_29162,903871,903871_1788999394_24185000,US30,1789047618,LON,NK,CALL,OTHER_REQUIRED,decisive_prior_ttl_expired,OTHER_REQUIRED,decisive_prior_ttl_expired,,903871_1788999394_24185000_1789046185_US30_10627,23.9,15.0,FULL_STRUCTURED,ai_rejected,REJECT,False,muse,stored,analyst_reject,False,REJECT,
903871_1788999394_24185000_1789048742_US30_19710,903871,903871_1788999394_24185000,US30,1789048741,LON,NK,CALL,OTHER_REQUIRED,decisive_prior_ttl_expired,OTHER_REQUIRED,decisive_prior_ttl_expired,,903871_1788999394_24185000_1789047619_US30_29162,18.716666666666665,15.0,FULL_STRUCTURED,ai_rejected,REJECT,False,muse,stored,analyst_reject,False,REJECT,
903871_1788999394_24185000_1789051254_US30_8081,903871,903871_1788999394_24185000,US30,1789051254,LON,NK,CALL,OTHER_REQUIRED,decisive_prior_ttl_expired,OTHER_REQUIRED,decisive_prior_ttl_expired,,903871_1788999394_24185000_1789048742_US30_19710,41.88333333333333,15.0,FULL_STRUCTURED,ai_abstained,ABSTAIN,False,muse,stored,analyst_abstain_below_adjudication_floor,False,ABSTAIN,
903871_1788999394_24185000_1789052441_US30_22882,903871,903871_1788999394_24185000,US30,1789052440,LON,NK,CALL,OTHER_REQUIRED,decisive_prior_ttl_expired,OTHER_REQUIRED,decisive_prior_ttl_expired,,903871_1788999394_24185000_1789051254_US30_8081,19.766666666666666,15.0,FULL_STRUCTURED,ai_rejected,REJECT,False,muse,stored,analyst_reject,False,REJECT,
903871_1788999394_24185000_1789053534_US30_9204,903871,903871_1788999394_24185000,US30,1789053534,LON,NK,CALL,OTHER_REQUIRED,decisive_prior_ttl_expired,OTHER_REQUIRED,decisive_prior_ttl_expired,,903871_1788999394_24185000_1789052441_US30_22882,18.233333333333334,15.0,FULL_STRUCTURED,ai_rejected,REJECT,False,muse,stored,analyst_reject,False,REJECT,
903871_1788999394_24185000_1789055987_US30_23200,903871,903871_1788999394_24185000,US30,1789055986,LON,NK,CALL,SCHEDULED_REVIEW_WITH_MEANINGFUL_CHANGE,meaningful_change,SCHEDULED_REVIEW_WITH_MEANINGFUL_CHANGE,meaningful_change,request_state:is_buy+po3.context_tier+po3.developing_bos+po3.has_bos+po3.has_follow_through+po3.htf_bos+po3.htf_choch+po3.htf_mss+po3.liquidity_kind+po3.ltf_choch+po3.ltf_mss+po3.po3_state+po3.structure_type+po3.sweep_side+po3.t_bos+po3.t_disp+po3.t_sweep|new_candidate,903871_1788999394_24185000_1789053534_US30_9204,40.86666666666667,0.0,FULL_STRUCTURED,ai_abstained,ABSTAIN,False,muse,stored,analyst_abstain_below_adjudication_floor,False,ABSTAIN,
903871_1788999394_24185000_1789057177_US30_1351,903871,903871_1788999394_24185000,US30,1789057176,LON,NK,CALL,SCHEDULED_REVIEW_WITH_MEANINGFUL_CHANGE,meaningful_change,SCHEDULED_REVIEW_WITH_MEANINGFUL_CHANGE,meaningful_change,request_state:po3.context_tier+po3.developing_bos+po3.has_bos+po3.htf_bos+po3.htf_choch+po3.htf_mss+po3.po3_state+po3.structure_type+po3.t_bos|new_candidate,903871_1788999394_24185000_1789055987_US30_23200,19.833333333333332,0.0,FULL_STRUCTURED,ai_abstained,ABSTAIN,False,muse,stored,analyst_abstain_below_adjudication_floor,False,ABSTAIN,
903871_1788999394_24185000_1789058400_US30_25789,903871,903871_1788999394_24185000,US30,1789058399,LON,NK,CALL,SCHEDULED_REVIEW_WITH_MEANINGFUL_CHANGE,meaningful_change,SCHEDULED_REVIEW_WITH_MEANINGFUL_CHANGE,meaningful_change,identity:python.model_id+python.provider_id|new_candidate,903871_1788999394_24185000_1789057177_US30_1351,20.383333333333333,0.0,FULL_STRUCTURED,ai_abstained,ABSTAIN,False,luna,stored,qualitative_dispute_unresolved,True,ABSTAIN,
903871_1788999394_24185000_1789059657_US30_13447,903871,903871_1788999394_24185000,US30,1789059656,LON,NK,CALL,SCHEDULED_REVIEW_WITH_MEANINGFUL_CHANGE,meaningful_change,SCHEDULED_REVIEW_WITH_MEANINGFUL_CHANGE,meaningful_change,identity:python.model_id+python.provider_id|candidate_state:target_source+tp_model|new_candidate,903871_1788999394_24185000_1789058400_US30_25789,20.95,0.0,FULL_STRUCTURED,ai_abstained,ABSTAIN,False,muse,stored,analyst_abstain_below_adjudication_floor,False,ABSTAIN,
903871_1788999394_24185000_1789062467_US30_10870,903871,903871_1788999394_24185000,US30,1789062466,LON,NK,CALL,SCHEDULED_REVIEW_WITH_MEANINGFUL_CHANGE,meaningful_change,SCHEDULED_REVIEW_WITH_MEANINGFUL_CHANGE,meaningful_change,new_candidate|candidate_state:target_source+tp_model,903871_1788999394_24185000_1789059657_US30_13447,46.833333333333336,0.0,FULL_STRUCTURED,ai_abstained,ABSTAIN,False,muse,stored,analyst_abstain_below_adjudication_floor,False,ABSTAIN,
903871_1789062748_87542921_1789064597_US30_24569,903871,903871_1789062748_87542921,US30,1789064596,LON,NK,CALL,SCHEDULED_REVIEW_WITH_MEANINGFUL_CHANGE,meaningful_change,SCHEDULED_REVIEW_WITH_MEANINGFUL_CHANGE,meaningful_change,new_candidate,903871_1788999394_24185000_1789062467_US30_10870,35.5,0.0,FULL_STRUCTURED,ai_abstained,ABSTAIN,False,muse,stored,analyst_abstain_below_adjudication_floor,False,ABSTAIN,
903871_1789062748_87542921_1789066099_US30_18866,903871,903871_1789062748_87542921,US30,1789066098,LON,NK,CALL,SCHEDULED_REVIEW_WITH_MEANINGFUL_CHANGE,meaningful_change,SCHEDULED_REVIEW_WITH_MEANINGFUL_CHANGE,meaningful_change,new_candidate,903871_1789062748_87542921_1789064597_US30_24569,25.033333333333335,0.0,FULL_STRUCTURED,ai_abstained,ABSTAIN,False,muse,stored,analyst_abstain_below_adjudication_floor,False,ABSTAIN,
903871_1789062748_87542921_1789067423_US30_19703,903871,903871_1789062748_87542921,US30,1789067422,OFF,NK,CALL,REQUIRED_NEW_DECISION,meaningful_change,REQUIRED_NEW_DECISION,meaningful_change,session_transition,903871_1789062748_87542921_1789066099_US30_18866,22.066666666666666,0.0,FULL_STRUCTURED,ai_abstained,ABSTAIN,False,muse,stored,analyst_abstain_below_adjudication_floor,False,ABSTAIN,
903871_1789062748_87542921_1789068109_US30_16044,903871,903871_1789062748_87542921,US30,1789068108,OFF,NK,CALL,REQUIRED_NEW_DECISION,meaningful_change,REQUIRED_NEW_DECISION,meaningful_change,new_candidate,903871_1789062748_87542921_1789067423_US30_19703,11.433333333333334,0.0,FULL_STRUCTURED,ai_abstained,ABSTAIN,False,muse,stored,analyst_abstain_below_adjudication_floor,False,ABSTAIN,
903871_1789062748_87542921_1789069517_US30_19533,903871,903871_1789062748_87542921,US30,1789069516,OFF,NK,CALL,OTHER_REQUIRED,borderline_prior_requires_fresh_review,OTHER_REQUIRED,borderline_prior_requires_fresh_review,,903871_1789062748_87542921_1789068109_US30_16044,23.466666666666665,0.0,FULL_STRUCTURED,ai_abstained,ABSTAIN,False,muse,stored,analyst_abstain_below_adjudication_floor,False,ABSTAIN,
903871_1789062748_87542921_1789072358_US30_19076,903871,903871_1789062748_87542921,US30,1789072357,OFF,NK,CALL,OTHER_REQUIRED,borderline_prior_requires_fresh_review,OTHER_REQUIRED,borderline_prior_requires_fresh_review,,903871_1789062748_87542921_1789069517_US30_19533,47.35,0.0,FULL_STRUCTURED,ai_abstained,ABSTAIN,False,muse,stored,analyst_abstain_below_adjudication_floor,False,ABSTAIN,
903871_1789062748_87542921_1789074140_US30_29696,903871,903871_1789062748_87542921,US30,1789074138,OFF,NK,CALL,OTHER_REQUIRED,borderline_prior_requires_fresh_review,OTHER_REQUIRED,borderline_prior_requires_fresh_review,,903871_1789062748_87542921_1789072358_US30_19076,29.683333333333334,0.0,FULL_STRUCTURED,ai_abstained,ABSTAIN,False,muse,stored,analyst_abstain_below_adjudication_floor,False,ABSTAIN,
903871_1789062748_87542921_1789079710_US30_24360,903871,903871_1789062748_87542921,US30,1789079708,OFF,NK,CALL,OTHER_REQUIRED,borderline_prior_requires_fresh_review,OTHER_REQUIRED,borderline_prior_requires_fresh_review,,903871_1789062748_87542921_1789074140_US30_29696,92.83333333333333,0.0,FULL_STRUCTURED,ai_abstained,ABSTAIN,False,muse,stored,analyst_abstain_below_adjudication_floor,False,ABSTAIN,
903871_1789062748_87542921_1789081570_US30_20845,903871,903871_1789062748_87542921,US30,1789081569,NY,K,CALL,SCHEDULED_REVIEW_WITH_MEANINGFUL_CHANGE,meaningful_change,SCHEDULED_REVIEW_WITH_MEANINGFUL_CHANGE,meaningful_change,session_transition|killzone_transition|request_state:po3.liquidity_kind|new_candidate,903871_1789062748_87542921_1789079710_US30_24360,31.016666666666666,0.0,FULL_STRUCTURED,ai_abstained,ABSTAIN,False,muse,stored,analyst_abstain_below_adjudication_floor,False,ABSTAIN,
903871_1789062748_87542921_1789083532_US30_23029,903871,903871_1789062748_87542921,US30,1789083532,NY,K,CALL,UNKNOWN,no_archived_decision,OTHER_REQUIRED,borderline_prior_requires_fresh_review,,903871_1789062748_87542921_1789081570_US30_20845,32.71666666666667,0.0,,,,False,unknown,,,False,,
903871_1789062748_87542921_1789089325_US30_27389,903871,903871_1789062748_87542921,US30,1789089324,NY,NK,CALL,UNKNOWN,no_archived_decision,SCHEDULED_REVIEW_WITH_MEANINGFUL_CHANGE,meaningful_change,killzone_transition|request_state:po3.liquidity_kind|candidate_state:obstacle_kind+target_source+tp_model,903871_1789062748_87542921_1789081570_US30_20845,129.25,0.0,,,,False,unknown,,,False,,
903871_1789062748_87542921_1789090539_US30_9403,903871,903871_1789062748_87542921,US30,1789090538,NY,NK,CALL,UNKNOWN,no_archived_decision,SCHEDULED_REVIEW_WITH_MEANINGFUL_CHANGE,meaningful_change,killzone_transition|request_state:po3.liquidity_kind|candidate_state:obstacle_kind+target_source+tp_model,903871_1789062748_87542921_1789081570_US30_20845,149.48333333333332,0.0,,,,False,unknown,,,False,,
903871_1789062748_87542921_1789091753_US30_6624,903871,903871_1789062748_87542921,US30,1789091752,NY,NK,CALL,UNKNOWN,no_archived_decision,SCHEDULED_REVIEW_WITH_MEANINGFUL_CHANGE,meaningful_change,killzone_transition|request_state:po3.liquidity_kind|candidate_state:obstacle_kind+target_source+tp_model,903871_1789062748_87542921_1789081570_US30_20845,169.71666666666667,0.0,,,,False,unknown,,,False,,
903871_1789062748_87542921_1789092968_US30_4642,903871,903871_1789062748_87542921,US30,1789092966,NY,NK,CALL,UNKNOWN,no_archived_decision,SCHEDULED_REVIEW_WITH_MEANINGFUL_CHANGE,meaningful_change,killzone_transition|request_state:po3.liquidity_kind|candidate_state:obstacle_kind+target_source+tp_model,903871_1789062748_87542921_1789081570_US30_20845,189.95,0.0,,,,False,unknown,,,False,,
903871_1789093630_118426656_1789094249_US30_14363,903871,903871_1789093630_118426656,US30,1789094248,NY,NK,CALL,SCHEDULED_REVIEW_WITH_MEANINGFUL_CHANGE,meaningful_change,SCHEDULED_REVIEW_WITH_MEANINGFUL_CHANGE,meaningful_change,killzone_transition|request_state:po3.liquidity_kind|candidate_state:obstacle_kind+target_source+tp_model,903871_1789062748_87542921_1789081570_US30_20845,211.31666666666666,0.0,FULL_STRUCTURED,ai_abstained,ABSTAIN,False,muse,stored,analyst_abstain_below_adjudication_floor,False,ABSTAIN,
903871_1789093630_118426656_1789094856_US30_18499,903871,903871_1789093630_118426656,US30,1789094855,NY,NK,CALL,SCHEDULED_REVIEW_WITH_MEANINGFUL_CHANGE,meaningful_change,SCHEDULED_REVIEW_WITH_MEANINGFUL_CHANGE,meaningful_change,new_candidate,903871_1789093630_118426656_1789094249_US30_14363,10.116666666666667,0.0,FULL_STRUCTURED,ai_abstained,ABSTAIN,False,muse,stored,qualitative_dispute_unresolved,True,ABSTAIN,
903871_1789093630_118426656_1789096071_US30_11999,903871,903871_1789093630_118426656,US30,1789096070,ASIA,NK,CALL,REQUIRED_NEW_DECISION,meaningful_change,REQUIRED_NEW_DECISION,meaningful_change,identity:python.model_id+python.provider_id|session_transition|new_candidate,903871_1789093630_118426656_1789094856_US30_18499,20.25,0.0,FULL_STRUCTURED,ai_abstained,ABSTAIN,False,luna,stored,qualitative_dispute_unresolved,True,ABSTAIN,
903871_1789093630_118426656_1789097295_US30_16330,903871,903871_1789093630_118426656,US30,1789097294,ASIA,NK,CALL,REQUIRED_NEW_DECISION,meaningful_change,REQUIRED_NEW_DECISION,meaningful_change,identity:python.model_id+python.provider_id|new_candidate,903871_1789093630_118426656_1789096071_US30_11999,20.4,0.0,FULL_STRUCTURED,ai_abstained,ABSTAIN,False,muse,stored,analyst_abstain_below_adjudication_floor,False,ABSTAIN,
903871_1789093630_118426656_1789097903_US30_7482,903871,903871_1789093630_118426656,US30,1789097902,ASIA,NK,CALL,REQUIRED_NEW_DECISION,meaningful_change,REQUIRED_NEW_DECISION,meaningful_change,new_candidate,903871_1789093630_118426656_1789097295_US30_16330,10.133333333333333,0.0,FULL_STRUCTURED,ai_abstained,ABSTAIN,False,muse,stored,analyst_abstain_below_adjudication_floor,False,ABSTAIN,
903871_1789093630_118426656_1789099124_US30_12106,903871,903871_1789093630_118426656,US30,1789099123,ASIA,NK,CALL,OTHER_REQUIRED,borderline_prior_requires_fresh_review,OTHER_REQUIRED,borderline_prior_requires_fresh_review,,903871_1789093630_118426656_1789097903_US30_7482,20.35,0.0,FULL_STRUCTURED,ai_abstained,ABSTAIN,False,muse,stored,analyst_abstain_below_adjudication_floor,False,ABSTAIN,
903871_1789093630_118426656_1789100353_US30_31089,903871,903871_1789093630_118426656,US30,1789100352,ASIA,NK,CALL,REQUIRED_NEW_DECISION,meaningful_change,REQUIRED_NEW_DECISION,meaningful_change,new_candidate|candidate_state:target_source+tp_model,903871_1789093630_118426656_1789099124_US30_12106,20.483333333333334,0.0,FULL_STRUCTURED,ai_abstained,ABSTAIN,False,muse,stored,analyst_abstain_below_adjudication_floor,False,ABSTAIN,
903871_1789093630_118426656_1789100962_US30_19912,903871,903871_1789093630_118426656,US30,1789100962,ASIA,NK,CALL,OTHER_REQUIRED,borderline_prior_requires_fresh_review,OTHER_REQUIRED,borderline_prior_requires_fresh_review,,903871_1789093630_118426656_1789100353_US30_31089,10.166666666666666,0.0,FULL_STRUCTURED,ai_abstained,ABSTAIN,False,muse,stored,analyst_abstain_below_adjudication_floor,False,ABSTAIN,
903871_1789093630_118426656_1789104089_US30_9896,903871,903871_1789093630_118426656,US30,1789104088,ASIA,NK,CALL,SCHEDULED_REVIEW_WITH_MEANINGFUL_CHANGE,meaningful_change,SCHEDULED_REVIEW_WITH_MEANINGFUL_CHANGE,meaningful_change,new_candidate,903871_1789093630_118426656_1789100962_US30_19912,52.1,0.0,FULL_STRUCTURED,ai_abstained,ABSTAIN,False,muse,stored,analyst_abstain_below_adjudication_floor,False,ABSTAIN,
903871_1789093630_118426656_1789108723_US30_28962,903871,903871_1789093630_118426656,US30,1789108722,ASIA,NK,CALL,SCHEDULED_REVIEW_WITH_MEANINGFUL_CHANGE,meaningful_change,SCHEDULED_REVIEW_WITH_MEANINGFUL_CHANGE,meaningful_change,new_candidate,903871_1789093630_118426656_1789104089_US30_9896,77.23333333333333,0.0,FULL_STRUCTURED,ai_abstained,ABSTAIN,False,muse,stored,analyst_abstain_below_adjudication_floor,False,ABSTAIN,
903871_1789148402_173202328_1789154707_US30_7958,903871,903871_1789148402_173202328,US30,1789154706,OFF,NK,CALL,PREDETERMINED_OUTCOME,python_hard_pre_gate_already_skips_provider,SCHEDULED_REVIEW_WITH_MEANINGFUL_CHANGE,meaningful_change,identity:python.model_id+python.provider_id+runtime_input_hash|session_transition|request_state:is_buy+po3.context_tier+po3.has_bos+po3.has_follow_through+po3.has_sweep+po3.htf_bos+po3.htf_choch+po3.htf_mss+po3.liquidity_kind+po3.ltf_bos+po3.ltf_choch+po3.ltf_mss+po3.po3_state+po3.structure_type+po3.sweep_side+po3.t_bos+po3.t_disp+po3.t_sweep|new_candidate,903871_1789093630_118426656_1789108723_US30_28962,766.4,0.0,DEGRADED_NON_TRADING,hard_pre_gate,REJECT,False,other,non_full_structured_decision,,False,,
903871_1789148402_173202328_1789157167_US30_17953,903871,903871_1789148402_173202328,US30,1789157166,OFF,NK,CALL,SCHEDULED_REVIEW_WITH_MEANINGFUL_CHANGE,meaningful_change,SCHEDULED_REVIEW_WITH_MEANINGFUL_CHANGE,meaningful_change,identity:python.model_id+python.provider_id+runtime_input_hash|session_transition|request_state:is_buy+po3.context_tier+po3.has_bos+po3.has_follow_through+po3.has_sweep+po3.htf_bos+po3.htf_choch+po3.htf_mss+po3.liquidity_kind+po3.ltf_bos+po3.ltf_choch+po3.ltf_mss+po3.po3_state+po3.structure_type+po3.sweep_side+po3.t_bos+po3.t_disp+po3.t_sweep|new_candidate,903871_1789093630_118426656_1789108723_US30_28962,807.4,0.0,FULL_STRUCTURED,ai_abstained,ABSTAIN,False,luna,stored,analyst_abstain_below_adjudication_floor,False,ABSTAIN,
903871_1789148402_173202328_1789157784_US30_19449,903871,903871_1789148402_173202328,US30,1789157783,OFF,NK,CALL,REQUIRED_NEW_DECISION,meaningful_change,REQUIRED_NEW_DECISION,meaningful_change,candidate_state:entry_trigger_phase+fvg_execution_class+fvg_mitigation_state+fvg_touched,903871_1789148402_173202328_1789157167_US30_17953,10.283333333333333,0.0,FULL_STRUCTURED,ai_abstained,ABSTAIN,False,luna,stored,analyst_abstain_below_adjudication_floor,False,ABSTAIN,
903871_1789148402_173202328_1789159027_US30_25753,903871,903871_1789148402_173202328,US30,1789159026,OFF,NK,CALL,REQUIRED_NEW_DECISION,meaningful_change,REQUIRED_NEW_DECISION,meaningful_change,request_state:po3.t_disp|new_candidate,903871_1789148402_173202328_1789157784_US30_19449,20.716666666666665,0.0,FULL_STRUCTURED,ai_abstained,ABSTAIN,False,luna,stored,analyst_abstain_below_adjudication_floor,False,ABSTAIN,
903871_1789148402_173202328_1789159645_US30_7311,903871,903871_1789148402_173202328,US30,1789159643,OFF,NK,REUSE,UNCHANGED_STATE,unchanged_decisive_non_approval_within_ttl,UNCHANGED_STATE,unchanged_decisive_non_approval_within_ttl,,903871_1789148402_173202328_1789159027_US30_25753,10.283333333333333,30.0,FULL_STRUCTURED,ai_abstained,ABSTAIN,False,luna,,analyst_abstain_below_adjudication_floor,False,ABSTAIN,
903871_1789148402_173202328_1789160882_US30_26353,903871,903871_1789148402_173202328,US30,1789160881,OFF,NK,CALL,OTHER_REQUIRED,decisive_prior_ttl_expired,OTHER_REQUIRED,decisive_prior_ttl_expired,,903871_1789148402_173202328_1789159027_US30_25753,30.916666666666668,30.0,FULL_STRUCTURED,ai_abstained,ABSTAIN,False,luna,stored,analyst_abstain_below_adjudication_floor,False,ABSTAIN,
903871_1789148402_173202328_1789162120_US30_10536,903871,903871_1789148402_173202328,US30,1789162118,OFF,NK,REUSE,UNCHANGED_STATE,unchanged_decisive_non_approval_within_ttl,UNCHANGED_STATE,unchanged_decisive_non_approval_within_ttl,,903871_1789148402_173202328_1789160882_US30_26353,20.616666666666667,30.0,FULL_STRUCTURED,ai_abstained,ABSTAIN,False,luna,,analyst_abstain_below_adjudication_floor,False,ABSTAIN,
903871_1789148402_173202328_1789162735_US30_31412,903871,903871_1789148402_173202328,US30,1789162734,OFF,NK,CALL,OTHER_REQUIRED,decisive_prior_ttl_expired,OTHER_REQUIRED,decisive_prior_ttl_expired,,903871_1789148402_173202328_1789160882_US30_26353,30.883333333333333,30.0,FULL_STRUCTURED,ai_abstained,ABSTAIN,False,luna,stored,analyst_abstain_below_adjudication_floor,False,ABSTAIN,
903871_1788999394_24185000_1789025693_USDCAD_15108,903871,903871_1788999394_24185000,USDCAD,1789025692,ASIA,NK,CALL,REQUIRED_NEW_DECISION,no_prior_authoritative_decision,REQUIRED_NEW_DECISION,no_prior_authoritative_decision,,,,0.0,FULL_STRUCTURED,ai_abstained,ABSTAIN,False,muse,stored,analyst_abstain_below_adjudication_floor,False,ABSTAIN,
903871_1788999394_24185000_1789046185_USDCAD_7679,903871,903871_1788999394_24185000,USDCAD,1789046184,LON,NK,CALL,SCHEDULED_REVIEW_WITH_MEANINGFUL_CHANGE,meaningful_change,SCHEDULED_REVIEW_WITH_MEANINGFUL_CHANGE,meaningful_change,session_transition|request_state:is_buy+po3.liquidity_kind+po3.t_disp|new_candidate,903871_1788999394_24185000_1789025693_USDCAD_15108,341.53333333333336,0.0,FULL_STRUCTURED,ai_abstained,ABSTAIN,False,muse,stored,analyst_abstain_below_adjudication_floor,False,ABSTAIN,
903871_1788999394_24185000_1789047619_USDCAD_7753,903871,903871_1788999394_24185000,USDCAD,1789047618,LON,NK,CALL,OTHER_REQUIRED,borderline_prior_requires_fresh_review,OTHER_REQUIRED,borderline_prior_requires_fresh_review,,903871_1788999394_24185000_1789046185_USDCAD_7679,23.9,0.0,FULL_STRUCTURED,ai_abstained,ABSTAIN,False,muse,stored,analyst_abstain_below_adjudication_floor,False,ABSTAIN,
903871_1788999394_24185000_1789048742_USDCAD_5485,903871,903871_1788999394_24185000,USDCAD,1789048741,LON,NK,CALL,OTHER_REQUIRED,decisive_prior_ttl_expired,OTHER_REQUIRED,decisive_prior_ttl_expired,,903871_1788999394_24185000_1789047619_USDCAD_7753,18.716666666666665,15.0,FULL_STRUCTURED,ai_abstained,ABSTAIN,False,muse,stored,analyst_abstain_below_adjudication_floor,False,ABSTAIN,
903871_1788999394_24185000_1789050120_USDCAD_18158,903871,903871_1788999394_24185000,USDCAD,1789050119,LON,NK,CALL,SCHEDULED_REVIEW_WITH_MEANINGFUL_CHANGE,meaningful_change,SCHEDULED_REVIEW_WITH_MEANINGFUL_CHANGE,meaningful_change,price_drift|new_candidate,903871_1788999394_24185000_1789048742_USDCAD_5485,22.966666666666665,0.0,FULL_STRUCTURED,ai_abstained,ABSTAIN,False,muse,stored,qualitative_dispute_unresolved,True,ABSTAIN,
903871_1788999394_24185000_1789051254_USDCAD_11264,903871,903871_1788999394_24185000,USDCAD,1789051254,LON,NK,CALL,SCHEDULED_REVIEW_WITH_MEANINGFUL_CHANGE,meaningful_change,SCHEDULED_REVIEW_WITH_MEANINGFUL_CHANGE,meaningful_change,price_drift,903871_1788999394_24185000_1789050120_USDCAD_18158,18.916666666666668,0.0,FULL_STRUCTURED,ai_abstained,ABSTAIN,False,muse,stored,analyst_abstain_below_adjudication_floor,False,ABSTAIN,
903871_1788999394_24185000_1789052441_USDCAD_28935,903871,903871_1788999394_24185000,USDCAD,1789052440,LON,NK,CALL,SCHEDULED_REVIEW_WITH_MEANINGFUL_CHANGE,meaningful_change,SCHEDULED_REVIEW_WITH_MEANINGFUL_CHANGE,meaningful_change,new_candidate,903871_1788999394_24185000_1789051254_USDCAD_11264,19.766666666666666,0.0,FULL_STRUCTURED,ai_abstained,ABSTAIN,False,muse,stored,analyst_abstain_below_adjudication_floor,False,ABSTAIN,
903871_1788999394_24185000_1789053535_USDCAD_42,903871,903871_1788999394_24185000,USDCAD,1789053534,LON,NK,CALL,OTHER_REQUIRED,borderline_prior_requires_fresh_review,OTHER_REQUIRED,borderline_prior_requires_fresh_review,,903871_1788999394_24185000_1789052441_USDCAD_28935,18.233333333333334,0.0,FULL_STRUCTURED,ai_abstained,ABSTAIN,False,muse,stored,analyst_abstain_below_adjudication_floor,False,ABSTAIN,
903871_1788999394_24185000_1789057177_USDCAD_28804,903871,903871_1788999394_24185000,USDCAD,1789057176,LON,NK,CALL,PREDETERMINED_OUTCOME,python_hard_pre_gate_already_skips_provider,SCHEDULED_REVIEW_WITH_MEANINGFUL_CHANGE,meaningful_change,identity:python.model_id+python.provider_id|request_state:po3.t_disp|new_candidate,903871_1788999394_24185000_1789053535_USDCAD_42,60.7,0.0,DEGRADED_NON_TRADING,hard_pre_gate,REJECT,False,other,non_full_structured_decision,,False,,
903871_1789062748_87542921_1789063912_USDCAD_9391,903871,903871_1789062748_87542921,USDCAD,1789063911,LON,NK,CALL,SCHEDULED_REVIEW_WITH_MEANINGFUL_CHANGE,meaningful_change,SCHEDULED_REVIEW_WITH_MEANINGFUL_CHANGE,meaningful_change,request_state:is_buy+po3.liquidity_kind+po3.structure_type+po3.sweep_side+po3.t_disp+po3.t_sweep|new_candidate,903871_1788999394_24185000_1789053535_USDCAD_42,172.95,0.0,FULL_STRUCTURED,ai_rejected,REJECT,False,muse,stored,analyst_reject,False,REJECT,
903871_1789062748_87542921_1789064597_USDCAD_20288,903871,903871_1789062748_87542921,USDCAD,1789064596,LON,NK,CALL,REQUIRED_NEW_DECISION,meaningful_change,REQUIRED_NEW_DECISION,meaningful_change,new_candidate|candidate_state:entry_trigger_phase+fvg_execution_class+fvg_mitigation_state+fvg_touched,903871_1789062748_87542921_1789063912_USDCAD_9391,11.416666666666666,0.0,FULL_STRUCTURED,ai_abstained,ABSTAIN,False,muse,stored,analyst_abstain_below_adjudication_floor,False,ABSTAIN,
903871_1789148402_173202328_1789155319_USDCAD_23766,903871,903871_1789148402_173202328,USDCAD,1789155318,OFF,NK,CALL,SCHEDULED_REVIEW_WITH_MEANINGFUL_CHANGE,meaningful_change,SCHEDULED_REVIEW_WITH_MEANINGFUL_CHANGE,meaningful_change,identity:runtime_input_hash|session_transition|request_state:po3.liquidity_kind+po3.structure_type+po3.sweep_side+po3.t_disp+po3.t_sweep|new_candidate,903871_1789062748_87542921_1789064597_USDCAD_20288,1512.0333333333333,0.0,FULL_STRUCTURED,ai_abstained,ABSTAIN,False,muse,stored,analyst_abstain_below_adjudication_floor,False,ABSTAIN,
903871_1789148402_173202328_1789156550_USDCAD_6302,903871,903871_1789148402_173202328,USDCAD,1789156549,OFF,NK,CALL,REQUIRED_NEW_DECISION,meaningful_change,REQUIRED_NEW_DECISION,meaningful_change,identity:python.model_id+python.provider_id|candidate_state:entry_trigger_phase+fvg_execution_class+fvg_mitigation_state+fvg_touched,903871_1789148402_173202328_1789155319_USDCAD_23766,20.516666666666666,0.0,FULL_STRUCTURED,ai_abstained,ABSTAIN,False,luna,stored,analyst_abstain_below_adjudication_floor,False,ABSTAIN,
903871_1788983285_8075437_1788984568_USDCHF_4298,903871,903871_1788983285_8075437,USDCHF,1788984567,OFF,NK,CALL,REQUIRED_NEW_DECISION,no_prior_authoritative_decision,REQUIRED_NEW_DECISION,no_prior_authoritative_decision,,,,0.0,FULL_STRUCTURED,ai_abstained,ABSTAIN,False,muse,stored,analyst_abstain_below_adjudication_floor,False,ABSTAIN,
903871_1788983285_8075437_1788985176_USDCHF_28874,903871,903871_1788983285_8075437,USDCHF,1788985175,OFF,NK,CALL,REQUIRED_NEW_DECISION,meaningful_change,REQUIRED_NEW_DECISION,meaningful_change,new_candidate,903871_1788983285_8075437_1788984568_USDCHF_4298,10.133333333333333,0.0,FULL_STRUCTURED,ai_abstained,ABSTAIN,False,muse,stored,analyst_abstain_below_adjudication_floor,False,ABSTAIN,
903871_1788983285_8075437_1788986395_USDCHF_23335,903871,903871_1788983285_8075437,USDCHF,1788986394,OFF,NK,CALL,REQUIRED_NEW_DECISION,meaningful_change,REQUIRED_NEW_DECISION,meaningful_change,new_candidate,903871_1788983285_8075437_1788985176_USDCHF_28874,20.316666666666666,0.0,FULL_STRUCTURED,ai_rejected,REJECT,False,muse,stored,analyst_reject,False,REJECT,
903871_1788983285_8075437_1788987617_USDCHF_13240,903871,903871_1788983285_8075437,USDCHF,1788987616,OFF,NK,REUSE,UNCHANGED_STATE,unchanged_decisive_non_approval_within_ttl,UNCHANGED_STATE,unchanged_decisive_non_approval_within_ttl,,903871_1788983285_8075437_1788986395_USDCHF_23335,20.366666666666667,30.0,FULL_STRUCTURED,ai_rejected,REJECT,False,muse,,analyst_reject,False,REJECT,
903871_1788983285_8075437_1788988230_USDCHF_4857,903871,903871_1788983285_8075437,USDCHF,1788988229,OFF,NK,CALL,OTHER_REQUIRED,decisive_prior_ttl_expired,OTHER_REQUIRED,decisive_prior_ttl_expired,,903871_1788983285_8075437_1788986395_USDCHF_23335,30.583333333333332,30.0,FULL_STRUCTURED,ai_rejected,REJECT,False,muse,stored,analyst_reject,False,REJECT,
903871_1788983285_8075437_1788989464_USDCHF_30390,903871,903871_1788983285_8075437,USDCHF,1788989463,OFF,NK,CALL,REQUIRED_NEW_DECISION,meaningful_change,REQUIRED_NEW_DECISION,meaningful_change,new_candidate,903871_1788983285_8075437_1788988230_USDCHF_4857,20.566666666666666,0.0,FULL_STRUCTURED,ai_rejected,REJECT,False,muse,stored,analyst_reject,False,REJECT,
903871_1788983285_8075437_1788990078_USDCHF_19622,903871,903871_1788983285_8075437,USDCHF,1788990076,OFF,NK,REUSE,UNCHANGED_STATE,unchanged_decisive_non_approval_within_ttl,UNCHANGED_STATE,unchanged_decisive_non_approval_within_ttl,,903871_1788983285_8075437_1788989464_USDCHF_30390,10.216666666666667,30.0,FULL_STRUCTURED,ai_abstained,ABSTAIN,False,muse,,analyst_abstain_below_adjudication_floor,False,ABSTAIN,
903871_1788999394_24185000_1789002917_USDCHF_32506,903871,903871_1788999394_24185000,USDCHF,1789002916,NY,NK,CALL,SCHEDULED_REVIEW_WITH_MEANINGFUL_CHANGE,meaningful_change,SCHEDULED_REVIEW_WITH_MEANINGFUL_CHANGE,meaningful_change,session_transition|new_candidate,903871_1788983285_8075437_1788989464_USDCHF_30390,224.21666666666667,0.0,FULL_STRUCTURED,ai_rejected,REJECT,False,muse,stored,analyst_reject,False,REJECT,
903871_1788999394_24185000_1789003525_USDCHF_13317,903871,903871_1788999394_24185000,USDCHF,1789003525,NY,NK,CALL,OTHER_REQUIRED,decisive_prior_ttl_expired,OTHER_REQUIRED,decisive_prior_ttl_expired,,903871_1788999394_24185000_1789002917_USDCHF_32506,10.15,7.0,FULL_STRUCTURED,ai_rejected,REJECT,False,muse,stored,analyst_reject,False,REJECT,
903871_1788999394_24185000_1789004134_USDCHF_24215,903871,903871_1788999394_24185000,USDCHF,1789004133,NY,NK,CALL,SCHEDULED_REVIEW_WITH_MEANINGFUL_CHANGE,meaningful_change,SCHEDULED_REVIEW_WITH_MEANINGFUL_CHANGE,meaningful_change,new_candidate,903871_1788999394_24185000_1789003525_USDCHF_13317,10.133333333333333,0.0,FULL_STRUCTURED,ai_rejected,REJECT,False,muse,stored,analyst_reject,False,REJECT,
903871_1788999394_24185000_1789004375_USDCHF_11483,903871,903871_1788999394_24185000,USDCHF,1789004375,NY,NK,REUSE,UNCHANGED_STATE,unchanged_decisive_non_approval_within_ttl,UNCHANGED_STATE,unchanged_decisive_non_approval_within_ttl,,903871_1788999394_24185000_1789004134_USDCHF_24215,4.033333333333333,7.0,FULL_STRUCTURED,ai_rejected,REJECT,False,muse,,analyst_reject,False,REJECT,
903871_1788999394_24185000_1789004983_USDCHF_20494,903871,903871_1788999394_24185000,USDCHF,1789004982,NY,NK,CALL,OTHER_REQUIRED,decisive_prior_ttl_expired,OTHER_REQUIRED,decisive_prior_ttl_expired,,903871_1788999394_24185000_1789004134_USDCHF_24215,14.15,7.0,FULL_STRUCTURED,ai_rejected,REJECT,False,muse,stored,analyst_reject,False,REJECT,
903871_1788999394_24185000_1789005590_USDCHF_10747,903871,903871_1788999394_24185000,USDCHF,1789005590,NY,NK,CALL,OTHER_REQUIRED,decisive_prior_ttl_expired,OTHER_REQUIRED,decisive_prior_ttl_expired,,903871_1788999394_24185000_1789004983_USDCHF_20494,10.133333333333333,7.0,FULL_STRUCTURED,ai_rejected,REJECT,False,muse,stored,analyst_reject,False,REJECT,
903871_1788999394_24185000_1789006807_USDCHF_32324,903871,903871_1788999394_24185000,USDCHF,1789006807,NY,NK,CALL,OTHER_REQUIRED,decisive_prior_ttl_expired,OTHER_REQUIRED,decisive_prior_ttl_expired,,903871_1788999394_24185000_1789005590_USDCHF_10747,20.283333333333335,7.0,FULL_STRUCTURED,ai_rejected,REJECT,False,muse,stored,analyst_reject,False,REJECT,
903871_1788999394_24185000_1789007417_USDCHF_18745,903871,903871_1788999394_24185000,USDCHF,1789007416,NY,NK,CALL,SCHEDULED_REVIEW_WITH_MEANINGFUL_CHANGE,meaningful_change,SCHEDULED_REVIEW_WITH_MEANINGFUL_CHANGE,meaningful_change,new_candidate,903871_1788999394_24185000_1789006807_USDCHF_32324,10.15,0.0,FULL_STRUCTURED,ai_rejected,REJECT,False,muse,stored,analyst_reject,False,REJECT,
903871_1788999394_24185000_1789008638_USDCHF_17813,903871,903871_1788999394_24185000,USDCHF,1789008638,NY,NK,CALL,SCHEDULED_REVIEW_WITH_MEANINGFUL_CHANGE,meaningful_change,SCHEDULED_REVIEW_WITH_MEANINGFUL_CHANGE,meaningful_change,new_candidate,903871_1788999394_24185000_1789007417_USDCHF_18745,20.366666666666667,0.0,FULL_STRUCTURED,ai_rejected,REJECT,False,muse,stored,analyst_reject,False,REJECT,
903871_1788999394_24185000_1789009255_USDCHF_12030,903871,903871_1788999394_24185000,USDCHF,1789009255,ASIA,NK,CALL,REQUIRED_NEW_DECISION,meaningful_change,REQUIRED_NEW_DECISION,meaningful_change,session_transition|new_candidate,903871_1788999394_24185000_1789008638_USDCHF_17813,10.283333333333333,0.0,FULL_STRUCTURED,ai_rejected,REJECT,False,muse,stored,analyst_reject,False,REJECT,
903871_1788999394_24185000_1789009894_USDCHF_19987,903871,903871_1788999394_24185000,USDCHF,1789009893,ASIA,NK,CALL,REQUIRED_NEW_DECISION,meaningful_change,REQUIRED_NEW_DECISION,meaningful_change,new_candidate,903871_1788999394_24185000_1789009255_USDCHF_12030,10.633333333333333,0.0,FULL_STRUCTURED,ai_rejected,REJECT,False,muse,stored,analyst_reject,False,REJECT,
903871_1788999394_24185000_1789017795_USDCHF_26035,903871,903871_1788999394_24185000,USDCHF,1789017795,ASIA,NK,CALL,SCHEDULED_REVIEW_WITH_MEANINGFUL_CHANGE,meaningful_change,SCHEDULED_REVIEW_WITH_MEANINGFUL_CHANGE,meaningful_change,new_candidate,903871_1788999394_24185000_1789009894_USDCHF_19987,131.7,0.0,FULL_STRUCTURED,ai_rejected,REJECT,False,muse,stored,analyst_reject,False,REJECT,
903871_1788999394_24185000_1789018757_USDCHF_24793,903871,903871_1788999394_24185000,USDCHF,1789018756,ASIA,NK,CALL,REQUIRED_NEW_DECISION,meaningful_change,REQUIRED_NEW_DECISION,meaningful_change,candidate_state:entry_trigger_phase+fvg_execution_class+fvg_mid_mitigated+fvg_mitigation_state+fvg_touched|new_candidate,903871_1788999394_24185000_1789017795_USDCHF_26035,16.016666666666666,0.0,FULL_STRUCTURED,ai_rejected,REJECT,False,muse,stored,analyst_reject,False,REJECT,
903871_1789062748_87542921_1789063912_USDCHF_7686,903871,903871_1789062748_87542921,USDCHF,1789063911,LON,NK,CALL,SCHEDULED_REVIEW_WITH_MEANINGFUL_CHANGE,meaningful_change,SCHEDULED_REVIEW_WITH_MEANINGFUL_CHANGE,meaningful_change,session_transition|request_state:po3.context_tier+po3.has_bos+po3.has_sweep+po3.htf_bos+po3.liquidity_kind+po3.ltf_bos+po3.ltf_choch+po3.ltf_mss+po3.po3_state+po3.structure_type+po3.sweep_side+po3.t_bos+po3.t_disp+po3.t_sweep|new_candidate,903871_1788999394_24185000_1789018757_USDCHF_24793,752.5833333333334,0.0,FULL_STRUCTURED,ai_rejected,REJECT,False,muse,stored,analyst_reject,False,REJECT,
903871_1789062748_87542921_1789064597_USDCHF_11315,903871,903871_1789062748_87542921,USDCHF,1789064596,LON,NK,REUSE,UNCHANGED_STATE,unchanged_decisive_non_approval_within_ttl,UNCHANGED_STATE,unchanged_decisive_non_approval_within_ttl,,903871_1789062748_87542921_1789063912_USDCHF_7686,11.416666666666666,15.0,FULL_STRUCTURED,ai_rejected,REJECT,False,muse,,analyst_reject,False,REJECT,
903871_1789062748_87542921_1789068740_USDCHF_15918,903871,903871_1789062748_87542921,USDCHF,1789068739,OFF,NK,CALL,SCHEDULED_REVIEW_WITH_MEANINGFUL_CHANGE,meaningful_change,SCHEDULED_REVIEW_WITH_MEANINGFUL_CHANGE,meaningful_change,session_transition|request_state:po3.liquidity_kind+po3.structure_type+po3.sweep_side+po3.t_sweep|new_candidate,903871_1789062748_87542921_1789063912_USDCHF_7686,80.46666666666667,0.0,FULL_STRUCTURED,ai_abstained,ABSTAIN,False,muse,stored,analyst_abstain_below_adjudication_floor,False,ABSTAIN,
903871_1789062748_87542921_1789069517_USDCHF_6160,903871,903871_1789062748_87542921,USDCHF,1789069516,OFF,NK,REUSE,UNCHANGED_STATE,unchanged_decisive_non_approval_within_ttl,UNCHANGED_STATE,unchanged_decisive_non_approval_within_ttl,,903871_1789062748_87542921_1789068740_USDCHF_15918,12.95,30.0,FULL_STRUCTURED,ai_abstained,ABSTAIN,False,muse,,analyst_abstain_below_adjudication_floor,False,ABSTAIN,
903871_1789062748_87542921_1789070364_USDCHF_27293,903871,903871_1789062748_87542921,USDCHF,1789070362,OFF,NK,REUSE,UNCHANGED_STATE,unchanged_decisive_non_approval_within_ttl,UNCHANGED_STATE,unchanged_decisive_non_approval_within_ttl,,903871_1789062748_87542921_1789068740_USDCHF_15918,27.05,30.0,FULL_STRUCTURED,ai_abstained,ABSTAIN,False,muse,,analyst_abstain_below_adjudication_floor,False,ABSTAIN,
903871_1789062748_87542921_1789071381_USDCHF_5236,903871,903871_1789062748_87542921,USDCHF,1789071379,OFF,NK,CALL,OTHER_REQUIRED,decisive_prior_ttl_expired,OTHER_REQUIRED,decisive_prior_ttl_expired,,903871_1789062748_87542921_1789068740_USDCHF_15918,44.0,30.0,FULL_STRUCTURED,ai_abstained,ABSTAIN,False,muse,stored,analyst_abstain_below_adjudication_floor,False,ABSTAIN,
903871_1789062748_87542921_1789092359_USDCHF_453,903871,903871_1789062748_87542921,USDCHF,1789092358,NY,NK,CALL,UNKNOWN,no_archived_decision,SCHEDULED_REVIEW_WITH_MEANINGFUL_CHANGE,meaningful_change,session_transition|request_state:po3.t_disp|new_candidate,903871_1789062748_87542921_1789071381_USDCHF_5236,349.65,0.0,,,,False,unknown,,,False,,
903871_1789093630_118426656_1789096683_USDCHF_2839,903871,903871_1789093630_118426656,USDCHF,1789096682,ASIA,NK,CALL,SCHEDULED_REVIEW_WITH_MEANINGFUL_CHANGE,meaningful_change,SCHEDULED_REVIEW_WITH_MEANINGFUL_CHANGE,meaningful_change,session_transition|request_state:po3.t_disp|new_candidate,903871_1789062748_87542921_1789071381_USDCHF_5236,421.71666666666664,0.0,FULL_STRUCTURED,ai_abstained,ABSTAIN,False,muse,stored,analyst_abstain_below_adjudication_floor,False,ABSTAIN,
903871_1789093630_118426656_1789097903_USDCHF_1797,903871,903871_1789093630_118426656,USDCHF,1789097902,ASIA,NK,CALL,REQUIRED_NEW_DECISION,meaningful_change,REQUIRED_NEW_DECISION,meaningful_change,candidate_state:entry_trigger_phase+fvg_execution_class+fvg_mitigation_state+fvg_touched,903871_1789093630_118426656_1789096683_USDCHF_2839,20.333333333333332,0.0,FULL_STRUCTURED,ai_abstained,ABSTAIN,False,muse,stored,analyst_abstain_below_adjudication_floor,False,ABSTAIN,
903871_1788983285_8075437_1788993198_USDJPY_17612,903871,903871_1788983285_8075437,USDJPY,1788993196,OFF,NK,CALL,PREDETERMINED_OUTCOME,python_hard_pre_gate_already_skips_provider,REQUIRED_NEW_DECISION,no_prior_authoritative_decision,,,,0.0,DEGRADED_NON_TRADING,hard_pre_gate,REJECT,False,other,non_full_structured_decision,,False,,
903871_1788999394_24185000_1789013928_USDJPY_19221,903871,903871_1788999394_24185000,USDJPY,1789013927,ASIA,NK,CALL,REQUIRED_NEW_DECISION,no_prior_authoritative_decision,REQUIRED_NEW_DECISION,no_prior_authoritative_decision,,,,0.0,FULL_STRUCTURED,ai_rejected,REJECT,False,muse,stored,analyst_reject,False,REJECT,
903871_1788999394_24185000_1789016864_USDJPY_18782,903871,903871_1788999394_24185000,USDJPY,1789016863,ASIA,NK,CALL,SCHEDULED_REVIEW_WITH_MEANINGFUL_CHANGE,meaningful_change,SCHEDULED_REVIEW_WITH_MEANINGFUL_CHANGE,meaningful_change,candidate_state:entry_trigger_phase+fvg_execution_class+fvg_mid_mitigated+fvg_mitigation_state+fvg_touched,903871_1788999394_24185000_1789013928_USDJPY_19221,48.93333333333333,0.0,FULL_STRUCTURED,ai_rejected,REJECT,False,muse,stored,analyst_reject,False,REJECT,
903871_1788999394_24185000_1789028921_USDJPY_13218,903871,903871_1788999394_24185000,USDJPY,1789028920,ASIA,NK,CALL,SCHEDULED_REVIEW_WITH_MEANINGFUL_CHANGE,meaningful_change,SCHEDULED_REVIEW_WITH_MEANINGFUL_CHANGE,meaningful_change,identity:python.model_id+python.provider_id|request_state:is_buy+po3.developing_bos+po3.has_sweep+po3.liquidity_kind+po3.ltf_bos+po3.ltf_choch+po3.ltf_mss+po3.structure_type+po3.sweep_side+po3.t_disp+po3.t_sweep|new_candidate,903871_1788999394_24185000_1789016864_USDJPY_18782,200.95,0.0,DEGRADED_NON_TRADING,structured_response_invalid,REJECT,False,other,non_full_structured_decision,,False,,
903871_1788999394_24185000_1789040078_USDJPY_14126,903871,903871_1788999394_24185000,USDJPY,1789040077,ASIA,NK,CALL,SCHEDULED_REVIEW_WITH_MEANINGFUL_CHANGE,meaningful_change,SCHEDULED_REVIEW_WITH_MEANINGFUL_CHANGE,meaningful_change,request_state:po3.developing_bos+po3.has_sweep+po3.liquidity_kind+po3.ltf_bos+po3.ltf_choch+po3.ltf_mss+po3.structure_type+po3.sweep_side+po3.t_disp+po3.t_sweep|new_candidate,903871_1788999394_24185000_1789016864_USDJPY_18782,386.9,0.0,FULL_STRUCTURED,ai_abstained,ABSTAIN,False,muse,stored,analyst_abstain_below_adjudication_floor,False,ABSTAIN,
903871_1788999394_24185000_1789041240_USDJPY_31558,903871,903871_1788999394_24185000,USDJPY,1789041239,ASIA,NK,CALL,REQUIRED_NEW_DECISION,meaningful_change,REQUIRED_NEW_DECISION,meaningful_change,candidate_state:target_source+tp_model|price_drift,903871_1788999394_24185000_1789040078_USDJPY_14126,19.366666666666667,0.0,FULL_STRUCTURED,ai_abstained,ABSTAIN,False,muse,stored,analyst_abstain_below_adjudication_floor,False,ABSTAIN,
903871_1788999394_24185000_1789042356_USDJPY_27432,903871,903871_1788999394_24185000,USDJPY,1789042356,ASIA,K,CALL,REQUIRED_NEW_DECISION,meaningful_change,REQUIRED_NEW_DECISION,meaningful_change,killzone_transition|candidate_state:target_source+tp_model|price_drift,903871_1788999394_24185000_1789041240_USDJPY_31558,18.616666666666667,0.0,FULL_STRUCTURED,ai_abstained,ABSTAIN,False,muse,stored,analyst_abstain_below_adjudication_floor,False,ABSTAIN,
903871_1788999394_24185000_1789048742_USDJPY_24431,903871,903871_1788999394_24185000,USDJPY,1789048741,LON,NK,CALL,SCHEDULED_REVIEW_WITH_MEANINGFUL_CHANGE,meaningful_change,SCHEDULED_REVIEW_WITH_MEANINGFUL_CHANGE,meaningful_change,identity:python.model_id+python.provider_id|session_transition|killzone_transition|request_state:po3.t_disp|new_candidate,903871_1788999394_24185000_1789042356_USDJPY_27432,106.41666666666667,0.0,FULL_STRUCTURED,ai_approved,APPROVE,True,luna,stored,analyst_approve_critic_pass,False,APPROVE,
903871_1788999394_24185000_1789051254_USDJPY_30174,903871,903871_1788999394_24185000,USDJPY,1789051253,LON,NK,CALL,REQUIRED_NEW_DECISION,prior_decision_approved_never_reused,REQUIRED_NEW_DECISION,prior_decision_approved_never_reused,,903871_1788999394_24185000_1789048742_USDJPY_24431,41.86666666666667,0.0,FULL_STRUCTURED,ai_rejected,REJECT,False,muse,stored,analyst_reject,False,REJECT,
903871_1788999394_24185000_1789052441_USDJPY_9316,903871,903871_1788999394_24185000,USDJPY,1789052440,LON,NK,CALL,OTHER_REQUIRED,decisive_prior_ttl_expired,OTHER_REQUIRED,decisive_prior_ttl_expired,,903871_1788999394_24185000_1789051254_USDJPY_30174,19.783333333333335,15.0,FULL_STRUCTURED,ai_rejected,REJECT,False,muse,stored,analyst_reject,False,REJECT,
903871_1788999394_24185000_1789061214_USDJPY_4903,903871,903871_1788999394_24185000,USDJPY,1789061213,LON,NK,CALL,SCHEDULED_REVIEW_WITH_MEANINGFUL_CHANGE,meaningful_change,SCHEDULED_REVIEW_WITH_MEANINGFUL_CHANGE,meaningful_change,identity:python.model_id+python.provider_id|request_state:is_buy+po3.liquidity_kind+po3.structure_type+po3.sweep_side+po3.t_disp+po3.t_sweep|candidate_state:target_source+tp_model|regime_label|price_drift|new_candidate,903871_1788999394_24185000_1789052441_USDJPY_9316,146.21666666666667,0.0,DEGRADED_NON_TRADING,structured_response_invalid,REJECT,False,other,non_full_structured_decision,,False,,
903871_1788999394_24185000_1789062466_USDJPY_27861,903871,903871_1788999394_24185000,USDJPY,1789062465,LON,NK,CALL,SCHEDULED_REVIEW_WITH_MEANINGFUL_CHANGE,meaningful_change,SCHEDULED_REVIEW_WITH_MEANINGFUL_CHANGE,meaningful_change,request_state:is_buy+po3.developing_bos+po3.has_sweep+po3.liquidity_kind+po3.ltf_bos+po3.ltf_choch+po3.ltf_mss+po3.structure_type+po3.sweep_side+po3.t_disp+po3.t_sweep|new_candidate,903871_1788999394_24185000_1789052441_USDJPY_9316,167.08333333333334,0.0,FULL_STRUCTURED,ai_abstained,ABSTAIN,False,muse,stored,analyst_abstain_below_adjudication_floor,False,ABSTAIN,
903871_1789062748_87542921_1789063912_USDJPY_20414,903871,903871_1789062748_87542921,USDJPY,1789063911,LON,NK,CALL,SCHEDULED_REVIEW_WITH_MEANINGFUL_CHANGE,meaningful_change,SCHEDULED_REVIEW_WITH_MEANINGFUL_CHANGE,meaningful_change,request_state:po3.developing_bos+po3.has_sweep+po3.liquidity_kind+po3.ltf_bos+po3.ltf_choch+po3.ltf_mss+po3.structure_type+po3.sweep_side+po3.t_sweep|new_candidate,903871_1788999394_24185000_1789062466_USDJPY_27861,24.1,0.0,FULL_STRUCTURED,ai_abstained,ABSTAIN,False,muse,stored,analyst_abstain_below_adjudication_floor,False,ABSTAIN,
903871_1789062748_87542921_1789065451_USDJPY_7242,903871,903871_1789062748_87542921,USDJPY,1789065449,LON,NK,CALL,PREDETERMINED_OUTCOME,python_hard_pre_gate_already_skips_provider,SCHEDULED_REVIEW_WITH_MEANINGFUL_CHANGE,meaningful_change,identity:python.model_id+python.provider_id|request_state:po3.developing_bos+po3.has_follow_through+po3.has_sweep+po3.liquidity_kind+po3.ltf_bos+po3.ltf_choch+po3.ltf_mss+po3.structure_type+po3.sweep_side+po3.t_sweep|new_candidate,903871_1789062748_87542921_1789063912_USDJPY_20414,25.633333333333333,0.0,DEGRADED_NON_TRADING,hard_pre_gate,REJECT,False,other,non_full_structured_decision,,False,,
903871_1789062748_87542921_1789066099_USDJPY_30533,903871,903871_1789062748_87542921,USDJPY,1789066098,LON,NK,CALL,SCHEDULED_REVIEW_WITH_MEANINGFUL_CHANGE,meaningful_change,SCHEDULED_REVIEW_WITH_MEANINGFUL_CHANGE,meaningful_change,identity:python.model_id+python.provider_id|request_state:po3.developing_bos+po3.has_follow_through+po3.has_sweep+po3.liquidity_kind+po3.ltf_bos+po3.ltf_choch+po3.ltf_mss+po3.structure_type+po3.sweep_side+po3.t_sweep|new_candidate,903871_1789062748_87542921_1789063912_USDJPY_20414,36.45,0.0,DEGRADED_NON_TRADING,structured_response_invalid,REJECT,False,other,non_full_structured_decision,,False,,
903871_1789093630_118426656_1789096683_USDJPY_26313,903871,903871_1789093630_118426656,USDJPY,1789096682,ASIA,NK,CALL,SCHEDULED_REVIEW_WITH_MEANINGFUL_CHANGE,meaningful_change,SCHEDULED_REVIEW_WITH_MEANINGFUL_CHANGE,meaningful_change,session_transition|request_state:po3.developing_bos+po3.has_follow_through+po3.has_sweep+po3.liquidity_kind+po3.ltf_bos+po3.ltf_choch+po3.ltf_mss+po3.structure_type+po3.sweep_side+po3.t_sweep|new_candidate,903871_1789062748_87542921_1789063912_USDJPY_20414,546.1833333333333,0.0,FULL_STRUCTURED,ai_abstained,ABSTAIN,False,muse,stored,analyst_abstain_below_adjudication_floor,False,ABSTAIN,
903871_1789093630_118426656_1789097294_USDJPY_5699,903871,903871_1789093630_118426656,USDJPY,1789097293,ASIA,NK,CALL,OTHER_REQUIRED,borderline_prior_requires_fresh_review,OTHER_REQUIRED,borderline_prior_requires_fresh_review,,903871_1789093630_118426656_1789096683_USDJPY_26313,10.183333333333334,0.0,FULL_STRUCTURED,ai_abstained,ABSTAIN,False,muse,stored,analyst_abstain_below_adjudication_floor,False,ABSTAIN,
903871_1789093630_118426656_1789102811_USDJPY_28400,903871,903871_1789093630_118426656,USDJPY,1789102810,ASIA,NK,CALL,SCHEDULED_REVIEW_WITH_MEANINGFUL_CHANGE,meaningful_change,SCHEDULED_REVIEW_WITH_MEANINGFUL_CHANGE,meaningful_change,new_candidate,903871_1789093630_118426656_1789097294_USDJPY_5699,91.95,0.0,FULL_STRUCTURED,ai_abstained,ABSTAIN,False,muse,stored,analyst_abstain_below_adjudication_floor,False,ABSTAIN,
903871_1789148402_173202328_1789148584_USDJPY_13847,903871,903871_1789148402_173202328,USDJPY,1789148583,LON,NK,CALL,PREDETERMINED_OUTCOME,python_hard_pre_gate_already_skips_provider,SCHEDULED_REVIEW_WITH_MEANINGFUL_CHANGE,meaningful_change,identity:python.model_id+python.provider_id+runtime_input_hash|session_transition|request_state:po3.developing_bos+po3.has_follow_through+po3.has_sweep+po3.liquidity_kind+po3.ltf_bos+po3.ltf_choch+po3.ltf_mss+po3.structure_type+po3.sweep_side+po3.t_disp+po3.t_sweep|new_candidate,903871_1789093630_118426656_1789102811_USDJPY_28400,762.8833333333333,0.0,DEGRADED_NON_TRADING,hard_pre_gate,REJECT,False,other,non_full_structured_decision,,False,,
903871_1789148402_173202328_1789149197_USDJPY_19567,903871,903871_1789148402_173202328,USDJPY,1789149196,LON,NK,CALL,PREDETERMINED_OUTCOME,python_hard_pre_gate_already_skips_provider,SCHEDULED_REVIEW_WITH_MEANINGFUL_CHANGE,meaningful_change,identity:python.model_id+python.provider_id+runtime_input_hash|session_transition|request_state:po3.developing_bos+po3.has_follow_through+po3.has_sweep+po3.liquidity_kind+po3.ltf_bos+po3.ltf_choch+po3.ltf_mss+po3.structure_type+po3.sweep_side+po3.t_disp+po3.t_sweep|new_candidate,903871_1789093630_118426656_1789102811_USDJPY_28400,773.1,0.0,DEGRADED_NON_TRADING,hard_pre_gate,REJECT,False,other,non_full_structured_decision,,False,,
903871_1789148402_173202328_1789151032_USDJPY_12176,903871,903871_1789148402_173202328,USDJPY,1789151031,LON,NK,CALL,PREDETERMINED_OUTCOME,python_hard_pre_gate_already_skips_provider,SCHEDULED_REVIEW_WITH_MEANINGFUL_CHANGE,meaningful_change,identity:python.model_id+python.provider_id+runtime_input_hash|session_transition|request_state:po3.developing_bos+po3.has_follow_through+po3.has_sweep+po3.liquidity_kind+po3.ltf_bos+po3.ltf_choch+po3.ltf_mss+po3.structure_type+po3.sweep_side+po3.t_disp+po3.t_sweep|new_candidate,903871_1789093630_118426656_1789102811_USDJPY_28400,803.6833333333333,0.0,DEGRADED_NON_TRADING,hard_pre_gate,REJECT,False,other,non_full_structured_decision,,False,,
903871_1789148402_173202328_1789152254_USDJPY_7867,903871,903871_1789148402_173202328,USDJPY,1789152252,LON,NK,CALL,PREDETERMINED_OUTCOME,python_hard_pre_gate_already_skips_provider,SCHEDULED_REVIEW_WITH_MEANINGFUL_CHANGE,meaningful_change,identity:python.model_id+python.provider_id+runtime_input_hash|session_transition|request_state:po3.developing_bos+po3.has_follow_through+po3.has_sweep+po3.liquidity_kind+po3.ltf_bos+po3.ltf_choch+po3.ltf_mss+po3.structure_type+po3.sweep_side+po3.t_disp+po3.t_sweep|new_candidate,903871_1789093630_118426656_1789102811_USDJPY_28400,824.0333333333333,0.0,DEGRADED_NON_TRADING,hard_pre_gate,REJECT,False,other,non_full_structured_decision,,False,,
903871_1789148402_173202328_1789153480_USDJPY_7335,903871,903871_1789148402_173202328,USDJPY,1789153479,OFF,NK,CALL,SCHEDULED_REVIEW_WITH_MEANINGFUL_CHANGE,meaningful_change,SCHEDULED_REVIEW_WITH_MEANINGFUL_CHANGE,meaningful_change,identity:python.model_id+python.provider_id+runtime_input_hash|session_transition|request_state:is_buy+po3.has_follow_through+po3.liquidity_kind+po3.ltf_choch+po3.ltf_mss+po3.sweep_side+po3.t_disp+po3.t_sweep|new_candidate,903871_1789093630_118426656_1789102811_USDJPY_28400,844.4833333333333,0.0,DEGRADED_NON_TRADING,structured_response_invalid,REJECT,False,other,non_full_structured_decision,,False,,
903871_1789148402_173202328_1789154707_USDJPY_24388,903871,903871_1789148402_173202328,USDJPY,1789154706,OFF,NK,CALL,SCHEDULED_REVIEW_WITH_MEANINGFUL_CHANGE,meaningful_change,SCHEDULED_REVIEW_WITH_MEANINGFUL_CHANGE,meaningful_change,identity:runtime_input_hash|session_transition|request_state:is_buy+po3.has_follow_through+po3.liquidity_kind+po3.ltf_choch+po3.ltf_mss+po3.sweep_side+po3.t_disp+po3.t_sweep|new_candidate,903871_1789093630_118426656_1789102811_USDJPY_28400,864.9333333333333,0.0,FULL_STRUCTURED,ai_rejected,REJECT,False,muse,stored,analyst_reject,False,REJECT,
903871_1789148402_173202328_1789156550_USDJPY_25731,903871,903871_1789148402_173202328,USDJPY,1789156549,OFF,NK,CALL,SCHEDULED_REVIEW_WITH_MEANINGFUL_CHANGE,meaningful_change,SCHEDULED_REVIEW_WITH_MEANINGFUL_CHANGE,meaningful_change,identity:python.model_id+python.provider_id,903871_1789148402_173202328_1789154707_USDJPY_24388,30.716666666666665,0.0,FULL_STRUCTURED,ai_rejected,REJECT,False,luna,stored,analyst_reject,False,REJECT,
903871_1789148402_173202328_1789157784_USDJPY_1495,903871,903871_1789148402_173202328,USDJPY,1789157783,OFF,NK,REUSE,UNCHANGED_STATE,unchanged_decisive_non_approval_within_ttl,UNCHANGED_STATE,unchanged_decisive_non_approval_within_ttl,,903871_1789148402_173202328_1789156550_USDJPY_25731,20.566666666666666,30.0,FULL_STRUCTURED,ai_rejected,REJECT,False,luna,,analyst_reject,False,REJECT,
903871_1789148402_173202328_1789159027_USDJPY_1671,903871,903871_1789148402_173202328,USDJPY,1789159026,OFF,NK,CALL,OTHER_REQUIRED,decisive_prior_ttl_expired,OTHER_REQUIRED,decisive_prior_ttl_expired,,903871_1789148402_173202328_1789156550_USDJPY_25731,41.28333333333333,30.0,FULL_STRUCTURED,ai_rejected,REJECT,False,luna,stored,analyst_reject,False,REJECT,
903871_1789148402_173202328_1789160263_USDJPY_601,903871,903871_1789148402_173202328,USDJPY,1789160262,OFF,NK,CALL,OTHER_REQUIRED,borderline_prior_requires_fresh_review,OTHER_REQUIRED,borderline_prior_requires_fresh_review,,903871_1789148402_173202328_1789159027_USDJPY_1671,20.6,0.0,FULL_STRUCTURED,ai_rejected,REJECT,False,luna,stored,analyst_reject,False,REJECT,
903871_1789148402_173202328_1789161500_USDJPY_22732,903871,903871_1789148402_173202328,USDJPY,1789161498,OFF,NK,REUSE,UNCHANGED_STATE,unchanged_decisive_non_approval_within_ttl,UNCHANGED_STATE,unchanged_decisive_non_approval_within_ttl,,903871_1789148402_173202328_1789160263_USDJPY_601,20.6,30.0,FULL_STRUCTURED,ai_rejected,REJECT,False,luna,,analyst_reject,False,REJECT,
903871_1789148402_173202328_1789162120_USDJPY_22628,903871,903871_1789148402_173202328,USDJPY,1789162118,OFF,NK,CALL,PREDETERMINED_OUTCOME,python_hard_pre_gate_already_skips_provider,SCHEDULED_REVIEW_WITH_MEANINGFUL_CHANGE,meaningful_change,identity:python.model_id+python.provider_id|candidate_state:target_source+tp_model|price_drift,903871_1789148402_173202328_1789160263_USDJPY_601,30.933333333333334,0.0,DEGRADED_NON_TRADING,hard_pre_gate,REJECT,False,other,non_full_structured_decision,,False,,
903871_1789148402_173202328_1789162735_USDJPY_11341,903871,903871_1789148402_173202328,USDJPY,1789162734,OFF,NK,CALL,OTHER_REQUIRED,decisive_prior_ttl_expired,OTHER_REQUIRED,decisive_prior_ttl_expired,,903871_1789148402_173202328_1789160263_USDJPY_601,41.2,30.0,FULL_STRUCTURED,ai_rejected,REJECT,False,luna,stored,analyst_reject,False,REJECT,
903871_1789148402_173202328_1789163976_USDJPY_18924,903871,903871_1789148402_173202328,USDJPY,1789163975,OFF,NK,REUSE,UNCHANGED_STATE,unchanged_decisive_non_approval_within_ttl,UNCHANGED_STATE,unchanged_decisive_non_approval_within_ttl,,903871_1789148402_173202328_1789162735_USDJPY_11341,20.683333333333334,30.0,FULL_STRUCTURED,ai_rejected,REJECT,False,luna,,analyst_reject,False,REJECT,
903871_1789148402_173202328_1789165836_USDJPY_1008,903871,903871_1789148402_173202328,USDJPY,1789165835,OFF,NK,CALL,PREDETERMINED_OUTCOME,python_hard_pre_gate_already_skips_provider,SCHEDULED_REVIEW_WITH_MEANINGFUL_CHANGE,meaningful_change,identity:python.model_id+python.provider_id|candidate_state:target_source+tp_model|price_drift,903871_1789148402_173202328_1789162735_USDJPY_11341,51.68333333333333,0.0,DEGRADED_NON_TRADING,hard_pre_gate,REJECT,False,other,non_full_structured_decision,,False,,
903871_1789148402_173202328_1789166456_USDJPY_18271,903871,903871_1789148402_173202328,USDJPY,1789166455,OFF,NK,CALL,OTHER_REQUIRED,decisive_prior_ttl_expired,OTHER_REQUIRED,decisive_prior_ttl_expired,,903871_1789148402_173202328_1789162735_USDJPY_11341,62.016666666666666,30.0,FULL_STRUCTURED,ai_rejected,REJECT,False,luna,stored,analyst_reject,False,REJECT,
903871_1789148402_173202328_1789167071_USDJPY_8854,903871,903871_1789148402_173202328,USDJPY,1789167070,OFF,NK,REUSE,UNCHANGED_STATE,unchanged_decisive_non_approval_within_ttl,UNCHANGED_STATE,unchanged_decisive_non_approval_within_ttl,,903871_1789148402_173202328_1789166456_USDJPY_18271,10.25,30.0,FULL_STRUCTURED,ai_rejected,REJECT,False,luna,,analyst_reject,False,REJECT,
903871_1789148402_173202328_1789167692_USDJPY_389,903871,903871_1789148402_173202328,USDJPY,1789167691,NY,K,CALL,SCHEDULED_REVIEW_WITH_MEANINGFUL_CHANGE,meaningful_change,SCHEDULED_REVIEW_WITH_MEANINGFUL_CHANGE,meaningful_change,session_transition|killzone_transition,903871_1789148402_173202328_1789166456_USDJPY_18271,20.6,0.0,FULL_STRUCTURED,ai_rejected,REJECT,False,luna,stored,analyst_reject,False,REJECT,
903871_1789148402_173202328_1789168753_USDJPY_19646,903871,903871_1789148402_173202328,USDJPY,1789168753,NY,K,CALL,OTHER_REQUIRED,borderline_prior_requires_fresh_review,OTHER_REQUIRED,borderline_prior_requires_fresh_review,,903871_1789148402_173202328_1789167692_USDJPY_389,17.7,0.0,FULL_STRUCTURED,ai_rejected,REJECT,False,luna,stored,analyst_reject,False,REJECT,
903871_1789148402_173202328_1789169375_USDJPY_20850,903871,903871_1789148402_173202328,USDJPY,1789169375,NY,K,CALL,PREDETERMINED_OUTCOME,python_hard_pre_gate_already_skips_provider,SCHEDULED_REVIEW_WITH_MEANINGFUL_CHANGE,meaningful_change,identity:python.model_id+python.provider_id|candidate_state:target_source+tp_model|price_drift,903871_1789148402_173202328_1789168753_USDJPY_19646,10.366666666666667,0.0,DEGRADED_NON_TRADING,hard_pre_gate,REJECT,False,other,non_full_structured_decision,,False,,
903871_1789062748_87542921_1789092359_WTI_4901,903871,903871_1789062748_87542921,WTI,1789092358,NY,NK,CALL,UNKNOWN,no_archived_decision,REQUIRED_NEW_DECISION,no_prior_authoritative_decision,,,,0.0,,,,False,unknown,,,False,,
903871_1789093630_118426656_1789094249_WTI_24227,903871,903871_1789093630_118426656,WTI,1789094248,NY,NK,CALL,REQUIRED_NEW_DECISION,no_prior_authoritative_decision,REQUIRED_NEW_DECISION,no_prior_authoritative_decision,,,,0.0,FULL_STRUCTURED,ai_abstained,ABSTAIN,False,muse,stored,analyst_abstain_below_adjudication_floor,False,ABSTAIN,
903871_1789148402_173202328_1789149197_WTI_22682,903871,903871_1789148402_173202328,WTI,1789149196,LON,NK,CALL,SCHEDULED_REVIEW_WITH_MEANINGFUL_CHANGE,meaningful_change,SCHEDULED_REVIEW_WITH_MEANINGFUL_CHANGE,meaningful_change,identity:runtime_input_hash|session_transition|request_state:po3.liquidity_kind+po3.structure_type+po3.sweep_side+po3.t_disp+po3.t_sweep|new_candidate,903871_1789093630_118426656_1789094249_WTI_24227,915.8,0.0,FULL_STRUCTURED,ai_abstained,ABSTAIN,False,muse,stored,analyst_abstain_below_adjudication_floor,False,ABSTAIN,
903871_1788983285_8075437_1788986395_XAUUSD_23356,903871,903871_1788983285_8075437,XAUUSD,1788986394,OFF,NK,CALL,PREDETERMINED_OUTCOME,python_hard_pre_gate_already_skips_provider,REQUIRED_NEW_DECISION,no_prior_authoritative_decision,,,,0.0,DEGRADED_NON_TRADING,hard_pre_gate,REJECT,False,other,non_full_structured_decision,,False,,
903871_1788983285_8075437_1788987005_XAUUSD_28154,903871,903871_1788983285_8075437,XAUUSD,1788987004,OFF,NK,CALL,PREDETERMINED_OUTCOME,python_hard_pre_gate_already_skips_provider,REQUIRED_NEW_DECISION,no_prior_authoritative_decision,,,,0.0,DEGRADED_NON_TRADING,hard_pre_gate,REJECT,False,other,non_full_structured_decision,,False,,
903871_1788983285_8075437_1788987618_XAUUSD_18837,903871,903871_1788983285_8075437,XAUUSD,1788987616,OFF,NK,CALL,PREDETERMINED_OUTCOME,python_hard_pre_gate_already_skips_provider,REQUIRED_NEW_DECISION,no_prior_authoritative_decision,,,,0.0,DEGRADED_NON_TRADING,hard_pre_gate,REJECT,False,other,non_full_structured_decision,,False,,
903871_1788983285_8075437_1788988231_XAUUSD_26775,903871,903871_1788983285_8075437,XAUUSD,1788988230,OFF,NK,CALL,PREDETERMINED_OUTCOME,python_hard_pre_gate_already_skips_provider,REQUIRED_NEW_DECISION,no_prior_authoritative_decision,,,,0.0,DEGRADED_NON_TRADING,hard_pre_gate,REJECT,False,other,non_full_structured_decision,,False,,
903871_1788983285_8075437_1788988853_XAUUSD_18990,903871,903871_1788983285_8075437,XAUUSD,1788988852,OFF,NK,CALL,PREDETERMINED_OUTCOME,python_hard_pre_gate_already_skips_provider,REQUIRED_NEW_DECISION,no_prior_authoritative_decision,,,,0.0,DEGRADED_NON_TRADING,hard_pre_gate,REJECT,False,other,non_full_structured_decision,,False,,
903871_1788983285_8075437_1788989465_XAUUSD_32611,903871,903871_1788983285_8075437,XAUUSD,1788989464,OFF,NK,CALL,PREDETERMINED_OUTCOME,python_hard_pre_gate_already_skips_provider,REQUIRED_NEW_DECISION,no_prior_authoritative_decision,,,,0.0,DEGRADED_NON_TRADING,hard_pre_gate,REJECT,False,other,non_full_structured_decision,,False,,
903871_1788983285_8075437_1788990078_XAUUSD_16743,903871,903871_1788983285_8075437,XAUUSD,1788990077,OFF,NK,CALL,PREDETERMINED_OUTCOME,python_hard_pre_gate_already_skips_provider,REQUIRED_NEW_DECISION,no_prior_authoritative_decision,,,,0.0,DEGRADED_NON_TRADING,hard_pre_gate,REJECT,False,other,non_full_structured_decision,,False,,
903871_1788983285_8075437_1788990696_XAUUSD_28870,903871,903871_1788983285_8075437,XAUUSD,1788990695,OFF,NK,CALL,PREDETERMINED_OUTCOME,python_hard_pre_gate_already_skips_provider,REQUIRED_NEW_DECISION,no_prior_authoritative_decision,,,,0.0,DEGRADED_NON_TRADING,hard_pre_gate,REJECT,False,other,non_full_structured_decision,,False,,
903871_1788999394_24185000_1789002917_XAUUSD_31617,903871,903871_1788999394_24185000,XAUUSD,1789002917,NY,NK,CALL,PREDETERMINED_OUTCOME,python_hard_pre_gate_already_skips_provider,REQUIRED_NEW_DECISION,no_prior_authoritative_decision,,,,0.0,DEGRADED_NON_TRADING,hard_pre_gate,REJECT,False,other,non_full_structured_decision,,False,,
903871_1788999394_24185000_1789003525_XAUUSD_12292,903871,903871_1788999394_24185000,XAUUSD,1789003525,NY,NK,CALL,PREDETERMINED_OUTCOME,python_hard_pre_gate_already_skips_provider,REQUIRED_NEW_DECISION,no_prior_authoritative_decision,,,,0.0,DEGRADED_NON_TRADING,hard_pre_gate,REJECT,False,other,non_full_structured_decision,,False,,
903871_1788999394_24185000_1789004134_XAUUSD_2333,903871,903871_1788999394_24185000,XAUUSD,1789004133,NY,NK,CALL,PREDETERMINED_OUTCOME,python_hard_pre_gate_already_skips_provider,REQUIRED_NEW_DECISION,no_prior_authoritative_decision,,,,0.0,DEGRADED_NON_TRADING,hard_pre_gate,REJECT,False,other,non_full_structured_decision,,False,,
903871_1788999394_24185000_1789004375_XAUUSD_27487,903871,903871_1788999394_24185000,XAUUSD,1789004375,NY,NK,CALL,PREDETERMINED_OUTCOME,python_hard_pre_gate_already_skips_provider,REQUIRED_NEW_DECISION,no_prior_authoritative_decision,,,,0.0,DEGRADED_NON_TRADING,hard_pre_gate,REJECT,False,other,non_full_structured_decision,,False,,
903871_1788999394_24185000_1789005590_XAUUSD_10853,903871,903871_1788999394_24185000,XAUUSD,1789005590,NY,NK,CALL,PREDETERMINED_OUTCOME,python_hard_pre_gate_already_skips_provider,REQUIRED_NEW_DECISION,no_prior_authoritative_decision,,,,0.0,DEGRADED_NON_TRADING,hard_pre_gate,REJECT,False,other,non_full_structured_decision,,False,,
903871_1788999394_24185000_1789006198_XAUUSD_21302,903871,903871_1788999394_24185000,XAUUSD,1789006198,NY,NK,CALL,PREDETERMINED_OUTCOME,python_hard_pre_gate_already_skips_provider,REQUIRED_NEW_DECISION,no_prior_authoritative_decision,,,,0.0,DEGRADED_NON_TRADING,hard_pre_gate,REJECT,False,other,non_full_structured_decision,,False,,
903871_1788999394_24185000_1789006808_XAUUSD_18716,903871,903871_1788999394_24185000,XAUUSD,1789006807,NY,NK,CALL,PREDETERMINED_OUTCOME,python_hard_pre_gate_already_skips_provider,REQUIRED_NEW_DECISION,no_prior_authoritative_decision,,,,0.0,DEGRADED_NON_TRADING,hard_pre_gate,REJECT,False,other,non_full_structured_decision,,False,,
903871_1788999394_24185000_1789014947_XAUUSD_5550,903871,903871_1788999394_24185000,XAUUSD,1789014946,ASIA,NK,CALL,REQUIRED_NEW_DECISION,no_prior_authoritative_decision,REQUIRED_NEW_DECISION,no_prior_authoritative_decision,,,,0.0,FULL_STRUCTURED,ai_rejected,REJECT,False,muse,stored,analyst_reject,False,REJECT,
903871_1788999394_24185000_1789015836_XAUUSD_3202,903871,903871_1788999394_24185000,XAUUSD,1789015835,ASIA,NK,CALL,PREDETERMINED_OUTCOME,python_hard_pre_gate_already_skips_provider,REQUIRED_NEW_DECISION,meaningful_change,identity:python.model_id+python.provider_id|new_candidate|candidate_state:entry_trigger_phase+fvg_execution_class+fvg_mid_mitigated+fvg_mitigation_state+fvg_touched,903871_1788999394_24185000_1789014947_XAUUSD_5550,14.816666666666666,0.0,DEGRADED_NON_TRADING,hard_pre_gate,REJECT,False,other,non_full_structured_decision,,False,,
903871_1788999394_24185000_1789033280_XAUUSD_22690,903871,903871_1788999394_24185000,XAUUSD,1789033278,ASIA,NK,CALL,SCHEDULED_REVIEW_WITH_MEANINGFUL_CHANGE,meaningful_change,SCHEDULED_REVIEW_WITH_MEANINGFUL_CHANGE,meaningful_change,request_state:is_buy+po3.context_tier+po3.has_bos+po3.has_follow_through+po3.has_sweep+po3.htf_bos+po3.htf_choch+po3.htf_mss+po3.liquidity_kind+po3.ltf_bos+po3.ltf_choch+po3.ltf_mss+po3.po3_state+po3.structure_type+po3.sweep_side+po3.t_bos+po3.t_disp+po3.t_sweep|new_candidate,903871_1788999394_24185000_1789014947_XAUUSD_5550,305.53333333333336,0.0,FULL_STRUCTURED,ai_abstained,ABSTAIN,False,muse,stored,analyst_abstain_below_adjudication_floor,False,ABSTAIN,
903871_1788999394_24185000_1789036511_XAUUSD_7721,903871,903871_1788999394_24185000,XAUUSD,1789036510,ASIA,NK,CALL,SCHEDULED_REVIEW_WITH_MEANINGFUL_CHANGE,meaningful_change,SCHEDULED_REVIEW_WITH_MEANINGFUL_CHANGE,meaningful_change,request_state:po3.developing_bos+po3.has_sweep+po3.liquidity_kind+po3.ltf_bos+po3.ltf_choch+po3.ltf_mss+po3.structure_type+po3.sweep_side+po3.t_disp+po3.t_sweep|new_candidate,903871_1788999394_24185000_1789033280_XAUUSD_22690,53.86666666666667,0.0,FULL_STRUCTURED,ai_abstained,ABSTAIN,False,muse,stored,analyst_abstain_below_adjudication_floor,False,ABSTAIN,
903871_1788999394_24185000_1789038871_XAUUSD_1714,903871,903871_1788999394_24185000,XAUUSD,1789038870,ASIA,NK,CALL,SCHEDULED_REVIEW_WITH_MEANINGFUL_CHANGE,meaningful_change,SCHEDULED_REVIEW_WITH_MEANINGFUL_CHANGE,meaningful_change,candidate_state:entry_trigger_phase+fvg_execution_class+fvg_mitigation_state+fvg_touched,903871_1788999394_24185000_1789036511_XAUUSD_7721,39.333333333333336,0.0,FULL_STRUCTURED,ai_abstained,ABSTAIN,False,muse,stored,analyst_abstain_below_adjudication_floor,False,ABSTAIN,
903871_1788999394_24185000_1789040077_XAUUSD_23800,903871,903871_1788999394_24185000,XAUUSD,1789040077,ASIA,NK,CALL,REQUIRED_NEW_DECISION,meaningful_change,REQUIRED_NEW_DECISION,meaningful_change,new_candidate,903871_1788999394_24185000_1789038871_XAUUSD_1714,20.116666666666667,0.0,FULL_STRUCTURED,ai_abstained,ABSTAIN,False,muse,stored,analyst_abstain_below_adjudication_floor,False,ABSTAIN,
903871_1788999394_24185000_1789041240_XAUUSD_29020,903871,903871_1788999394_24185000,XAUUSD,1789041239,ASIA,NK,CALL,REQUIRED_NEW_DECISION,meaningful_change,REQUIRED_NEW_DECISION,meaningful_change,new_candidate,903871_1788999394_24185000_1789040077_XAUUSD_23800,19.366666666666667,0.0,FULL_STRUCTURED,ai_abstained,ABSTAIN,False,muse,stored,analyst_abstain_below_adjudication_floor,False,ABSTAIN,
903871_1788999394_24185000_1789042356_XAUUSD_7003,903871,903871_1788999394_24185000,XAUUSD,1789042355,ASIA,K,CALL,REQUIRED_NEW_DECISION,meaningful_change,REQUIRED_NEW_DECISION,meaningful_change,killzone_transition|request_state:po3.ltf_choch+po3.ltf_mss+po3.t_disp+po3.t_sweep|new_candidate,903871_1788999394_24185000_1789041240_XAUUSD_29020,18.6,0.0,FULL_STRUCTURED,ai_abstained,ABSTAIN,False,muse,stored,analyst_abstain_below_adjudication_floor,False,ABSTAIN,
903871_1788999394_24185000_1789043523_XAUUSD_8388,903871,903871_1788999394_24185000,XAUUSD,1789043523,ASIA,K,CALL,REQUIRED_NEW_DECISION,meaningful_change,REQUIRED_NEW_DECISION,meaningful_change,new_candidate,903871_1788999394_24185000_1789042356_XAUUSD_7003,19.466666666666665,0.0,FULL_STRUCTURED,ai_rejected,REJECT,False,muse,stored,analyst_reject,False,REJECT,
903871_1788999394_24185000_1789044808_XAUUSD_22874,903871,903871_1788999394_24185000,XAUUSD,1789044807,ASIA,K,CALL,REQUIRED_NEW_DECISION,meaningful_change,REQUIRED_NEW_DECISION,meaningful_change,identity:python.model_id+python.provider_id,903871_1788999394_24185000_1789043523_XAUUSD_8388,21.4,0.0,FULL_STRUCTURED,ai_abstained,ABSTAIN,False,luna,stored,qualitative_dispute_unresolved,True,ABSTAIN,
903871_1788999394_24185000_1789046185_XAUUSD_9289,903871,903871_1788999394_24185000,XAUUSD,1789046184,LON,NK,CALL,SCHEDULED_REVIEW_WITH_MEANINGFUL_CHANGE,meaningful_change,SCHEDULED_REVIEW_WITH_MEANINGFUL_CHANGE,meaningful_change,identity:python.model_id+python.provider_id|session_transition|killzone_transition|request_state:po3.context_tier+po3.developing_bos+po3.has_bos+po3.htf_bos+po3.htf_choch+po3.htf_mss+po3.po3_state+po3.structure_type+po3.t_bos|new_candidate,903871_1788999394_24185000_1789044808_XAUUSD_22874,22.95,0.0,FULL_STRUCTURED,ai_abstained,ABSTAIN,False,muse,stored,analyst_abstain_below_adjudication_floor,False,ABSTAIN,
903871_1788999394_24185000_1789047619_XAUUSD_30046,903871,903871_1788999394_24185000,XAUUSD,1789047618,LON,NK,CALL,OTHER_REQUIRED,decisive_prior_ttl_expired,OTHER_REQUIRED,decisive_prior_ttl_expired,,903871_1788999394_24185000_1789046185_XAUUSD_9289,23.9,15.0,FULL_STRUCTURED,ai_abstained,ABSTAIN,False,muse,stored,analyst_abstain_below_adjudication_floor,False,ABSTAIN,
903871_1788999394_24185000_1789048742_XAUUSD_9824,903871,903871_1788999394_24185000,XAUUSD,1789048741,LON,NK,CALL,OTHER_REQUIRED,decisive_prior_ttl_expired,OTHER_REQUIRED,decisive_prior_ttl_expired,,903871_1788999394_24185000_1789047619_XAUUSD_30046,18.716666666666665,15.0,FULL_STRUCTURED,ai_abstained,ABSTAIN,False,muse,stored,analyst_abstain_below_adjudication_floor,False,ABSTAIN,
903871_1788999394_24185000_1789051254_XAUUSD_14414,903871,903871_1788999394_24185000,XAUUSD,1789051253,LON,NK,CALL,SCHEDULED_REVIEW_WITH_MEANINGFUL_CHANGE,meaningful_change,SCHEDULED_REVIEW_WITH_MEANINGFUL_CHANGE,meaningful_change,new_candidate,903871_1788999394_24185000_1789048742_XAUUSD_9824,41.86666666666667,0.0,FULL_STRUCTURED,ai_abstained,ABSTAIN,False,muse,stored,analyst_abstain_below_adjudication_floor,False,ABSTAIN,
903871_1788999394_24185000_1789052441_XAUUSD_9018,903871,903871_1788999394_24185000,XAUUSD,1789052440,LON,NK,CALL,OTHER_REQUIRED,borderline_prior_requires_fresh_review,OTHER_REQUIRED,borderline_prior_requires_fresh_review,,903871_1788999394_24185000_1789051254_XAUUSD_14414,19.783333333333335,0.0,FULL_STRUCTURED,ai_abstained,ABSTAIN,False,muse,stored,analyst_abstain_below_adjudication_floor,False,ABSTAIN,
903871_1788999394_24185000_1789054955_XAUUSD_1553,903871,903871_1788999394_24185000,XAUUSD,1789054954,LON,NK,CALL,SCHEDULED_REVIEW_WITH_MEANINGFUL_CHANGE,meaningful_change,SCHEDULED_REVIEW_WITH_MEANINGFUL_CHANGE,meaningful_change,new_candidate,903871_1788999394_24185000_1789052441_XAUUSD_9018,41.9,0.0,FULL_STRUCTURED,ai_abstained,ABSTAIN,False,muse,stored,analyst_abstain_below_adjudication_floor,False,ABSTAIN,
903871_1788999394_24185000_1789057177_XAUUSD_26052,903871,903871_1788999394_24185000,XAUUSD,1789057176,LON,NK,CALL,SCHEDULED_REVIEW_WITH_MEANINGFUL_CHANGE,meaningful_change,SCHEDULED_REVIEW_WITH_MEANINGFUL_CHANGE,meaningful_change,new_candidate,903871_1788999394_24185000_1789054955_XAUUSD_1553,37.03333333333333,0.0,FULL_STRUCTURED,ai_abstained,ABSTAIN,False,muse,stored,analyst_abstain_below_adjudication_floor,False,ABSTAIN,
903871_1788999394_24185000_1789058400_XAUUSD_19912,903871,903871_1788999394_24185000,XAUUSD,1789058399,LON,NK,CALL,OTHER_REQUIRED,decisive_prior_ttl_expired,OTHER_REQUIRED,decisive_prior_ttl_expired,,903871_1788999394_24185000_1789057177_XAUUSD_26052,20.383333333333333,15.0,FULL_STRUCTURED,ai_abstained,ABSTAIN,False,muse,stored,analyst_abstain_below_adjudication_floor,False,ABSTAIN,
903871_1788999394_24185000_1789061214_XAUUSD_9479,903871,903871_1788999394_24185000,XAUUSD,1789061213,LON,NK,CALL,OTHER_REQUIRED,borderline_prior_requires_fresh_review,OTHER_REQUIRED,borderline_prior_requires_fresh_review,,903871_1788999394_24185000_1789058400_XAUUSD_19912,46.9,0.0,FULL_STRUCTURED,ai_abstained,ABSTAIN,False,muse,stored,analyst_abstain_below_adjudication_floor,False,ABSTAIN,
903871_1788999394_24185000_1789062466_XAUUSD_3613,903871,903871_1788999394_24185000,XAUUSD,1789062465,LON,NK,CALL,OTHER_REQUIRED,borderline_prior_requires_fresh_review,OTHER_REQUIRED,borderline_prior_requires_fresh_review,,903871_1788999394_24185000_1789061214_XAUUSD_9479,20.866666666666667,0.0,FULL_STRUCTURED,ai_abstained,ABSTAIN,False,muse,stored,analyst_abstain_below_adjudication_floor,False,ABSTAIN,
903871_1789062748_87542921_1789063912_XAUUSD_22997,903871,903871_1789062748_87542921,XAUUSD,1789063911,LON,NK,CALL,OTHER_REQUIRED,borderline_prior_requires_fresh_review,OTHER_REQUIRED,borderline_prior_requires_fresh_review,,903871_1788999394_24185000_1789062466_XAUUSD_3613,24.1,0.0,FULL_STRUCTURED,ai_abstained,ABSTAIN,False,muse,stored,analyst_abstain_below_adjudication_floor,False,ABSTAIN,
903871_1789062748_87542921_1789065450_XAUUSD_13300,903871,903871_1789062748_87542921,XAUUSD,1789065449,LON,NK,CALL,SCHEDULED_REVIEW_WITH_MEANINGFUL_CHANGE,meaningful_change,SCHEDULED_REVIEW_WITH_MEANINGFUL_CHANGE,meaningful_change,new_candidate,903871_1789062748_87542921_1789063912_XAUUSD_22997,25.633333333333333,0.0,FULL_STRUCTURED,ai_abstained,ABSTAIN,False,muse,stored,analyst_abstain_below_adjudication_floor,False,ABSTAIN,
903871_1789062748_87542921_1789066789_XAUUSD_1697,903871,903871_1789062748_87542921,XAUUSD,1789066788,LON,NK,CALL,OTHER_REQUIRED,decisive_prior_ttl_expired,OTHER_REQUIRED,decisive_prior_ttl_expired,,903871_1789062748_87542921_1789065450_XAUUSD_13300,22.316666666666666,15.0,FULL_STRUCTURED,ai_abstained,ABSTAIN,False,muse,stored,analyst_abstain_below_adjudication_floor,False,ABSTAIN,
903871_1789062748_87542921_1789067423_XAUUSD_23231,903871,903871_1789062748_87542921,XAUUSD,1789067422,OFF,NK,CALL,REQUIRED_NEW_DECISION,meaningful_change,REQUIRED_NEW_DECISION,meaningful_change,session_transition,903871_1789062748_87542921_1789066789_XAUUSD_1697,10.566666666666666,0.0,FULL_STRUCTURED,ai_abstained,ABSTAIN,False,muse,stored,analyst_abstain_below_adjudication_floor,False,ABSTAIN,
903871_1789062748_87542921_1789068109_XAUUSD_13826,903871,903871_1789062748_87542921,XAUUSD,1789068108,OFF,NK,CALL,REQUIRED_NEW_DECISION,meaningful_change,REQUIRED_NEW_DECISION,meaningful_change,new_candidate,903871_1789062748_87542921_1789067423_XAUUSD_23231,11.433333333333334,0.0,FULL_STRUCTURED,ai_abstained,ABSTAIN,False,muse,stored,analyst_abstain_below_adjudication_floor,False,ABSTAIN,
903871_1789062748_87542921_1789068740_XAUUSD_1820,903871,903871_1789062748_87542921,XAUUSD,1789068739,OFF,NK,CALL,OTHER_REQUIRED,borderline_prior_requires_fresh_review,OTHER_REQUIRED,borderline_prior_requires_fresh_review,,903871_1789062748_87542921_1789068109_XAUUSD_13826,10.516666666666667,0.0,FULL_STRUCTURED,ai_abstained,ABSTAIN,False,muse,stored,analyst_abstain_below_adjudication_floor,False,ABSTAIN,
903871_1789062748_87542921_1789069517_XAUUSD_7894,903871,903871_1789062748_87542921,XAUUSD,1789069516,OFF,NK,CALL,OTHER_REQUIRED,borderline_prior_requires_fresh_review,OTHER_REQUIRED,borderline_prior_requires_fresh_review,,903871_1789062748_87542921_1789068740_XAUUSD_1820,12.95,0.0,FULL_STRUCTURED,ai_abstained,ABSTAIN,False,muse,stored,analyst_abstain_below_adjudication_floor,False,ABSTAIN,
903871_1789062748_87542921_1789071381_XAUUSD_23875,903871,903871_1789062748_87542921,XAUUSD,1789071379,OFF,NK,CALL,SCHEDULED_REVIEW_WITH_MEANINGFUL_CHANGE,meaningful_change,SCHEDULED_REVIEW_WITH_MEANINGFUL_CHANGE,meaningful_change,new_candidate,903871_1789062748_87542921_1789069517_XAUUSD_7894,31.05,0.0,FULL_STRUCTURED,ai_abstained,ABSTAIN,False,muse,stored,analyst_abstain_below_adjudication_floor,False,ABSTAIN,
903871_1789062748_87542921_1789073294_XAUUSD_3836,903871,903871_1789062748_87542921,XAUUSD,1789073293,OFF,NK,CALL,OTHER_REQUIRED,borderline_prior_requires_fresh_review,OTHER_REQUIRED,borderline_prior_requires_fresh_review,,903871_1789062748_87542921_1789071381_XAUUSD_23875,31.9,0.0,FULL_STRUCTURED,ai_abstained,ABSTAIN,False,muse,stored,analyst_abstain_below_adjudication_floor,False,ABSTAIN,
903871_1789062748_87542921_1789074818_XAUUSD_13240,903871,903871_1789062748_87542921,XAUUSD,1789074817,OFF,NK,CALL,REQUIRED_NEW_DECISION,meaningful_change,REQUIRED_NEW_DECISION,meaningful_change,new_candidate,903871_1789062748_87542921_1789073294_XAUUSD_3836,25.4,0.0,FULL_STRUCTURED,ai_abstained,ABSTAIN,False,muse,stored,analyst_abstain_below_adjudication_floor,False,ABSTAIN,
903871_1789062748_87542921_1789075785_XAUUSD_30246,903871,903871_1789062748_87542921,XAUUSD,1789075784,OFF,NK,CALL,REQUIRED_NEW_DECISION,meaningful_change,REQUIRED_NEW_DECISION,meaningful_change,new_candidate,903871_1789062748_87542921_1789074818_XAUUSD_13240,16.116666666666667,0.0,FULL_STRUCTURED,ai_abstained,ABSTAIN,False,muse,stored,analyst_abstain_below_adjudication_floor,False,ABSTAIN,
903871_1789062748_87542921_1789076820_XAUUSD_4658,903871,903871_1789062748_87542921,XAUUSD,1789076818,OFF,NK,REUSE,UNCHANGED_STATE,unchanged_decisive_non_approval_within_ttl,UNCHANGED_STATE,unchanged_decisive_non_approval_within_ttl,,903871_1789062748_87542921_1789075785_XAUUSD_30246,17.233333333333334,30.0,FULL_STRUCTURED,ai_abstained,ABSTAIN,False,muse,,analyst_abstain_below_adjudication_floor,False,ABSTAIN,
903871_1789062748_87542921_1789078798_XAUUSD_16147,903871,903871_1789062748_87542921,XAUUSD,1789078796,OFF,NK,CALL,PREDETERMINED_OUTCOME,python_hard_pre_gate_already_skips_provider,SCHEDULED_REVIEW_WITH_MEANINGFUL_CHANGE,meaningful_change,identity:python.model_id+python.provider_id|new_candidate,903871_1789062748_87542921_1789075785_XAUUSD_30246,50.2,0.0,DEGRADED_NON_TRADING,hard_pre_gate,REJECT,False,other,non_full_structured_decision,,False,,
903871_1789062748_87542921_1789079710_XAUUSD_23005,903871,903871_1789062748_87542921,XAUUSD,1789079708,OFF,NK,CALL,SCHEDULED_REVIEW_WITH_MEANINGFUL_CHANGE,meaningful_change,SCHEDULED_REVIEW_WITH_MEANINGFUL_CHANGE,meaningful_change,regime_label,903871_1789062748_87542921_1789075785_XAUUSD_30246,65.4,0.0,FULL_STRUCTURED,ai_abstained,ABSTAIN,False,muse,stored,analyst_abstain_below_adjudication_floor,False,ABSTAIN,
903871_1789062748_87542921_1789080766_XAUUSD_21458,903871,903871_1789062748_87542921,XAUUSD,1789080765,OFF,NK,CALL,PREDETERMINED_OUTCOME,python_hard_pre_gate_already_skips_provider,REQUIRED_NEW_DECISION,meaningful_change,identity:python.model_id+python.provider_id|new_candidate,903871_1789062748_87542921_1789079710_XAUUSD_23005,17.616666666666667,0.0,DEGRADED_NON_TRADING,hard_pre_gate,REJECT,False,other,non_full_structured_decision,,False,,
903871_1789062748_87542921_1789081570_XAUUSD_17685,903871,903871_1789062748_87542921,XAUUSD,1789081569,NY,K,CALL,SCHEDULED_REVIEW_WITH_MEANINGFUL_CHANGE,meaningful_change,SCHEDULED_REVIEW_WITH_MEANINGFUL_CHANGE,meaningful_change,session_transition|killzone_transition|candidate_state:target_source+tp_model,903871_1789062748_87542921_1789079710_XAUUSD_23005,31.016666666666666,0.0,FULL_STRUCTURED,ai_abstained,ABSTAIN,False,muse,stored,analyst_abstain_below_adjudication_floor,False,ABSTAIN,
903871_1789062748_87542921_1789083532_XAUUSD_29712,903871,903871_1789062748_87542921,XAUUSD,1789083531,NY,K,CALL,UNKNOWN,no_archived_decision,SCHEDULED_REVIEW_WITH_MEANINGFUL_CHANGE,meaningful_change,request_state:po3.context_tier+po3.has_bos+po3.has_sweep+po3.htf_bos+po3.htf_choch+po3.htf_mss+po3.liquidity_kind+po3.ltf_bos+po3.po3_state+po3.structure_type+po3.sweep_side+po3.t_bos+po3.t_disp+po3.t_sweep|new_candidate,903871_1789062748_87542921_1789081570_XAUUSD_17685,32.7,0.0,,,,False,unknown,,,False,,
903871_1789062748_87542921_1789089325_XAUUSD_2838,903871,903871_1789062748_87542921,XAUUSD,1789089324,NY,NK,CALL,UNKNOWN,no_archived_decision,SCHEDULED_REVIEW_WITH_MEANINGFUL_CHANGE,meaningful_change,killzone_transition|request_state:po3.context_tier+po3.has_bos+po3.has_sweep+po3.htf_bos+po3.htf_choch+po3.htf_mss+po3.liquidity_kind+po3.ltf_bos+po3.po3_state+po3.structure_type+po3.sweep_side+po3.t_bos+po3.t_disp+po3.t_sweep|new_candidate,903871_1789062748_87542921_1789081570_XAUUSD_17685,129.25,0.0,,,,False,unknown,,,False,,
903871_1789062748_87542921_1789090539_XAUUSD_7173,903871,903871_1789062748_87542921,XAUUSD,1789090538,NY,NK,CALL,UNKNOWN,no_archived_decision,SCHEDULED_REVIEW_WITH_MEANINGFUL_CHANGE,meaningful_change,killzone_transition|request_state:po3.context_tier+po3.has_bos+po3.has_sweep+po3.htf_bos+po3.htf_choch+po3.htf_mss+po3.liquidity_kind+po3.ltf_bos+po3.po3_state+po3.structure_type+po3.sweep_side+po3.t_bos+po3.t_disp+po3.t_sweep|new_candidate,903871_1789062748_87542921_1789081570_XAUUSD_17685,149.48333333333332,0.0,,,,False,unknown,,,False,,
903871_1789062748_87542921_1789091753_XAUUSD_670,903871,903871_1789062748_87542921,XAUUSD,1789091751,NY,NK,CALL,UNKNOWN,no_archived_decision,SCHEDULED_REVIEW_WITH_MEANINGFUL_CHANGE,meaningful_change,killzone_transition|request_state:po3.context_tier+po3.has_bos+po3.has_sweep+po3.htf_bos+po3.htf_choch+po3.htf_mss+po3.liquidity_kind+po3.ltf_bos+po3.po3_state+po3.structure_type+po3.sweep_side+po3.t_bos+po3.t_disp+po3.t_sweep|new_candidate,903871_1789062748_87542921_1789081570_XAUUSD_17685,169.7,0.0,,,,False,unknown,,,False,,
903871_1789062748_87542921_1789092967_XAUUSD_16527,903871,903871_1789062748_87542921,XAUUSD,1789092966,NY,NK,CALL,SCHEDULED_REVIEW_WITH_MEANINGFUL_CHANGE,meaningful_change,SCHEDULED_REVIEW_WITH_MEANINGFUL_CHANGE,meaningful_change,identity:python.model_id+python.provider_id|killzone_transition|new_candidate,903871_1789062748_87542921_1789081570_XAUUSD_17685,189.95,0.0,DEGRADED_NON_TRADING,provider_transport_error,REJECT,False,other,non_full_structured_decision,,False,,
903871_1789093630_118426656_1789094249_XAUUSD_30117,903871,903871_1789093630_118426656,XAUUSD,1789094248,NY,NK,CALL,SCHEDULED_REVIEW_WITH_MEANINGFUL_CHANGE,meaningful_change,SCHEDULED_REVIEW_WITH_MEANINGFUL_CHANGE,meaningful_change,killzone_transition|new_candidate,903871_1789062748_87542921_1789081570_XAUUSD_17685,211.31666666666666,0.0,FULL_STRUCTURED,ai_rejected,REJECT,False,muse,stored,analyst_reject,False,REJECT,
903871_1789093630_118426656_1789094856_XAUUSD_16803,903871,903871_1789093630_118426656,XAUUSD,1789094855,NY,NK,CALL,OTHER_REQUIRED,decisive_prior_ttl_expired,OTHER_REQUIRED,decisive_prior_ttl_expired,,903871_1789093630_118426656_1789094249_XAUUSD_30117,10.116666666666667,7.0,FULL_STRUCTURED,ai_abstained,ABSTAIN,False,muse,stored,analyst_abstain_below_adjudication_floor,False,ABSTAIN,
903871_1789093630_118426656_1789095464_XAUUSD_28418,903871,903871_1789093630_118426656,XAUUSD,1789095462,NY,NK,CALL,SCHEDULED_REVIEW_WITH_MEANINGFUL_CHANGE,meaningful_change,SCHEDULED_REVIEW_WITH_MEANINGFUL_CHANGE,meaningful_change,new_candidate,903871_1789093630_118426656_1789094856_XAUUSD_16803,10.116666666666667,0.0,FULL_STRUCTURED,ai_abstained,ABSTAIN,False,muse,stored,analyst_abstain_below_adjudication_floor,False,ABSTAIN,
903871_1789093630_118426656_1789096071_XAUUSD_13096,903871,903871_1789093630_118426656,XAUUSD,1789096070,ASIA,NK,CALL,REQUIRED_NEW_DECISION,meaningful_change,REQUIRED_NEW_DECISION,meaningful_change,session_transition|new_candidate,903871_1789093630_118426656_1789095464_XAUUSD_28418,10.133333333333333,0.0,FULL_STRUCTURED,ai_abstained,ABSTAIN,False,muse,stored,analyst_abstain_below_adjudication_floor,False,ABSTAIN,
903871_1789093630_118426656_1789096683_XAUUSD_20535,903871,903871_1789093630_118426656,XAUUSD,1789096682,ASIA,NK,CALL,OTHER_REQUIRED,borderline_prior_requires_fresh_review,OTHER_REQUIRED,borderline_prior_requires_fresh_review,,903871_1789093630_118426656_1789096071_XAUUSD_13096,10.2,0.0,FULL_STRUCTURED,ai_abstained,ABSTAIN,False,muse,stored,analyst_abstain_below_adjudication_floor,False,ABSTAIN,
903871_1789093630_118426656_1789097294_XAUUSD_26836,903871,903871_1789093630_118426656,XAUUSD,1789097293,ASIA,NK,CALL,OTHER_REQUIRED,borderline_prior_requires_fresh_review,OTHER_REQUIRED,borderline_prior_requires_fresh_review,,903871_1789093630_118426656_1789096683_XAUUSD_20535,10.183333333333334,0.0,FULL_STRUCTURED,ai_abstained,ABSTAIN,False,muse,stored,analyst_abstain_below_adjudication_floor,False,ABSTAIN,
903871_1789093630_118426656_1789097903_XAUUSD_19621,903871,903871_1789093630_118426656,XAUUSD,1789097902,ASIA,NK,REUSE,UNCHANGED_STATE,unchanged_decisive_non_approval_within_ttl,UNCHANGED_STATE,unchanged_decisive_non_approval_within_ttl,,903871_1789093630_118426656_1789097294_XAUUSD_26836,10.15,30.0,FULL_STRUCTURED,ai_abstained,ABSTAIN,False,muse,,analyst_abstain_below_adjudication_floor,False,ABSTAIN,
903871_1789093630_118426656_1789098513_XAUUSD_15232,903871,903871_1789093630_118426656,XAUUSD,1789098512,ASIA,NK,CALL,REQUIRED_NEW_DECISION,meaningful_change,REQUIRED_NEW_DECISION,meaningful_change,new_candidate,903871_1789093630_118426656_1789097294_XAUUSD_26836,20.316666666666666,0.0,FULL_STRUCTURED,ai_abstained,ABSTAIN,False,muse,stored,analyst_abstain_below_adjudication_floor,False,ABSTAIN,
903871_1789093630_118426656_1789099124_XAUUSD_20460,903871,903871_1789093630_118426656,XAUUSD,1789099123,ASIA,NK,REUSE,UNCHANGED_STATE,unchanged_decisive_non_approval_within_ttl,UNCHANGED_STATE,unchanged_decisive_non_approval_within_ttl,,903871_1789093630_118426656_1789098513_XAUUSD_15232,10.183333333333334,30.0,FULL_STRUCTURED,ai_abstained,ABSTAIN,False,muse,,analyst_abstain_below_adjudication_floor,False,ABSTAIN,
903871_1789093630_118426656_1789099738_XAUUSD_9829,903871,903871_1789093630_118426656,XAUUSD,1789099737,ASIA,NK,REUSE,UNCHANGED_STATE,unchanged_decisive_non_approval_within_ttl,UNCHANGED_STATE,unchanged_decisive_non_approval_within_ttl,,903871_1789093630_118426656_1789098513_XAUUSD_15232,20.416666666666668,30.0,FULL_STRUCTURED,ai_abstained,ABSTAIN,False,muse,,analyst_abstain_below_adjudication_floor,False,ABSTAIN,
903871_1789093630_118426656_1789100353_XAUUSD_30377,903871,903871_1789093630_118426656,XAUUSD,1789100352,ASIA,NK,CALL,OTHER_REQUIRED,decisive_prior_ttl_expired,OTHER_REQUIRED,decisive_prior_ttl_expired,,903871_1789093630_118426656_1789098513_XAUUSD_15232,30.666666666666668,30.0,FULL_STRUCTURED,ai_rejected,REJECT,False,muse,stored,analyst_reject,False,REJECT,
903871_1789093630_118426656_1789100962_XAUUSD_3067,903871,903871_1789093630_118426656,XAUUSD,1789100962,ASIA,NK,REUSE,UNCHANGED_STATE,unchanged_decisive_non_approval_within_ttl,UNCHANGED_STATE,unchanged_decisive_non_approval_within_ttl,,903871_1789093630_118426656_1789100353_XAUUSD_30377,10.166666666666666,30.0,FULL_STRUCTURED,ai_rejected,REJECT,False,muse,,analyst_reject,False,REJECT,
903871_1789093630_118426656_1789101580_XAUUSD_21326,903871,903871_1789093630_118426656,XAUUSD,1789101579,ASIA,NK,REUSE,UNCHANGED_STATE,unchanged_decisive_non_approval_within_ttl,UNCHANGED_STATE,unchanged_decisive_non_approval_within_ttl,,903871_1789093630_118426656_1789100353_XAUUSD_30377,20.45,30.0,FULL_STRUCTURED,ai_rejected,REJECT,False,muse,,analyst_reject,False,REJECT,
903871_1789093630_118426656_1789102197_XAUUSD_1646,903871,903871_1789093630_118426656,XAUUSD,1789102196,ASIA,NK,CALL,OTHER_REQUIRED,decisive_prior_ttl_expired,OTHER_REQUIRED,decisive_prior_ttl_expired,,903871_1789093630_118426656_1789100353_XAUUSD_30377,30.733333333333334,30.0,FULL_STRUCTURED,ai_rejected,REJECT,False,muse,stored,analyst_reject,False,REJECT,
903871_1789148402_173202328_1789148584_XAUUSD_17118,903871,903871_1789148402_173202328,XAUUSD,1789148583,LON,NK,CALL,SCHEDULED_REVIEW_WITH_MEANINGFUL_CHANGE,meaningful_change,SCHEDULED_REVIEW_WITH_MEANINGFUL_CHANGE,meaningful_change,identity:runtime_input_hash|session_transition|request_state:is_buy+po3.liquidity_kind+po3.ltf_choch+po3.ltf_mss+po3.sweep_side+po3.t_bos+po3.t_disp+po3.t_sweep|new_candidate,903871_1789093630_118426656_1789102197_XAUUSD_1646,773.1166666666667,0.0,FULL_STRUCTURED,ai_abstained,ABSTAIN,False,muse,stored,analyst_abstain_below_adjudication_floor,False,ABSTAIN,
903871_1789148402_173202328_1789149197_XAUUSD_30893,903871,903871_1789148402_173202328,XAUUSD,1789149196,LON,NK,CALL,OTHER_REQUIRED,borderline_prior_requires_fresh_review,OTHER_REQUIRED,borderline_prior_requires_fresh_review,,903871_1789148402_173202328_1789148584_XAUUSD_17118,10.216666666666667,0.0,FULL_STRUCTURED,ai_abstained,ABSTAIN,False,muse,stored,analyst_abstain_below_adjudication_floor,False,ABSTAIN,
903871_1789148402_173202328_1789149809_XAUUSD_10606,903871,903871_1789148402_173202328,XAUUSD,1789149808,LON,NK,CALL,OTHER_REQUIRED,borderline_prior_requires_fresh_review,OTHER_REQUIRED,borderline_prior_requires_fresh_review,,903871_1789148402_173202328_1789149197_XAUUSD_30893,10.2,0.0,FULL_STRUCTURED,ai_abstained,ABSTAIN,False,muse,stored,analyst_abstain_below_adjudication_floor,False,ABSTAIN,
903871_1789148402_173202328_1789150419_XAUUSD_28084,903871,903871_1789148402_173202328,XAUUSD,1789150418,LON,NK,REUSE,UNCHANGED_STATE,unchanged_decisive_non_approval_within_ttl,UNCHANGED_STATE,unchanged_decisive_non_approval_within_ttl,,903871_1789148402_173202328_1789149809_XAUUSD_10606,10.166666666666666,15.0,FULL_STRUCTURED,ai_abstained,ABSTAIN,False,muse,,analyst_abstain_below_adjudication_floor,False,ABSTAIN,
903871_1789148402_173202328_1789151032_XAUUSD_2244,903871,903871_1789148402_173202328,XAUUSD,1789151031,LON,NK,CALL,OTHER_REQUIRED,decisive_prior_ttl_expired,OTHER_REQUIRED,decisive_prior_ttl_expired,,903871_1789148402_173202328_1789149809_XAUUSD_10606,20.383333333333333,15.0,FULL_STRUCTURED,ai_abstained,ABSTAIN,False,muse,stored,analyst_abstain_below_adjudication_floor,False,ABSTAIN,
903871_1789148402_173202328_1789152253_XAUUSD_12229,903871,903871_1789148402_173202328,XAUUSD,1789152252,LON,NK,CALL,OTHER_REQUIRED,borderline_prior_requires_fresh_review,OTHER_REQUIRED,borderline_prior_requires_fresh_review,,903871_1789148402_173202328_1789151032_XAUUSD_2244,20.35,0.0,FULL_STRUCTURED,ai_rejected,REJECT,False,muse,stored,analyst_reject,False,REJECT,
903871_1789148402_173202328_1789152868_XAUUSD_6471,903871,903871_1789148402_173202328,XAUUSD,1789152867,LON,NK,REUSE,UNCHANGED_STATE,unchanged_decisive_non_approval_within_ttl,UNCHANGED_STATE,unchanged_decisive_non_approval_within_ttl,,903871_1789148402_173202328_1789152253_XAUUSD_12229,10.25,15.0,FULL_STRUCTURED,ai_abstained,ABSTAIN,False,muse,,analyst_abstain_below_adjudication_floor,False,ABSTAIN,
903871_1789148402_173202328_1789153480_XAUUSD_30290,903871,903871_1789148402_173202328,XAUUSD,1789153479,OFF,NK,CALL,REQUIRED_NEW_DECISION,meaningful_change,REQUIRED_NEW_DECISION,meaningful_change,session_transition,903871_1789148402_173202328_1789152253_XAUUSD_12229,20.45,0.0,FULL_STRUCTURED,ai_rejected,REJECT,False,muse,stored,analyst_reject,False,REJECT,
903871_1789148402_173202328_1789154095_XAUUSD_7134,903871,903871_1789148402_173202328,XAUUSD,1789154094,OFF,NK,REUSE,UNCHANGED_STATE,unchanged_decisive_non_approval_within_ttl,UNCHANGED_STATE,unchanged_decisive_non_approval_within_ttl,,903871_1789148402_173202328_1789153480_XAUUSD_30290,10.25,30.0,FULL_STRUCTURED,ai_abstained,ABSTAIN,False,muse,,analyst_abstain_below_adjudication_floor,False,ABSTAIN,
903871_1789148402_173202328_1789154707_XAUUSD_3556,903871,903871_1789148402_173202328,XAUUSD,1789154706,OFF,NK,REUSE,UNCHANGED_STATE,unchanged_decisive_non_approval_within_ttl,UNCHANGED_STATE,unchanged_decisive_non_approval_within_ttl,,903871_1789148402_173202328_1789153480_XAUUSD_30290,20.45,30.0,FULL_STRUCTURED,ai_abstained,ABSTAIN,False,muse,,analyst_abstain_below_adjudication_floor,False,ABSTAIN,
903871_1789148402_173202328_1789155320_XAUUSD_15546,903871,903871_1789148402_173202328,XAUUSD,1789155318,OFF,NK,CALL,SCHEDULED_REVIEW_WITH_MEANINGFUL_CHANGE,meaningful_change,SCHEDULED_REVIEW_WITH_MEANINGFUL_CHANGE,meaningful_change,candidate_state:entry_trigger_phase+fvg_execution_class+fvg_mitigation_state+fvg_touched|new_candidate,903871_1789148402_173202328_1789153480_XAUUSD_30290,30.65,0.0,FULL_STRUCTURED,ai_abstained,ABSTAIN,False,muse,stored,analyst_abstain_below_adjudication_floor,False,ABSTAIN,
903871_1789148402_173202328_1789155937_XAUUSD_3531,903871,903871_1789148402_173202328,XAUUSD,1789155935,OFF,NK,CALL,OTHER_REQUIRED,borderline_prior_requires_fresh_review,OTHER_REQUIRED,borderline_prior_requires_fresh_review,,903871_1789148402_173202328_1789155320_XAUUSD_15546,10.283333333333333,0.0,FULL_STRUCTURED,ai_rejected,REJECT,False,muse,stored,analyst_reject,False,REJECT,
903871_1789148402_173202328_1789156550_XAUUSD_8983,903871,903871_1789148402_173202328,XAUUSD,1789156549,OFF,NK,CALL,REQUIRED_NEW_DECISION,meaningful_change,REQUIRED_NEW_DECISION,meaningful_change,identity:python.model_id+python.provider_id,903871_1789148402_173202328_1789155937_XAUUSD_3531,10.233333333333333,0.0,FULL_STRUCTURED,ai_abstained,ABSTAIN,False,luna,stored,qualitative_dispute_unresolved,True,ABSTAIN,
903871_1789148402_173202328_1789157167_XAUUSD_3254,903871,903871_1789148402_173202328,XAUUSD,1789157166,OFF,NK,CALL,REQUIRED_NEW_DECISION,meaningful_change,REQUIRED_NEW_DECISION,meaningful_change,regime_label,903871_1789148402_173202328_1789156550_XAUUSD_8983,10.283333333333333,0.0,FULL_STRUCTURED,ai_approved,APPROVE,True,luna,stored,analyst_approve_critic_pass,False,APPROVE,
903871_1789148402_173202328_1789159027_XAUUSD_32549,903871,903871_1789148402_173202328,XAUUSD,1789159026,OFF,NK,CALL,REQUIRED_NEW_DECISION,prior_decision_approved_never_reused,REQUIRED_NEW_DECISION,prior_decision_approved_never_reused,,903871_1789148402_173202328_1789157167_XAUUSD_3254,31.0,0.0,FULL_STRUCTURED,ai_approved,APPROVE,True,luna,stored,analyst_approve_critic_pass,False,APPROVE,
903871_1789148402_173202328_1789159645_XAUUSD_14022,903871,903871_1789148402_173202328,XAUUSD,1789159643,OFF,NK,CALL,REQUIRED_NEW_DECISION,prior_decision_approved_never_reused,REQUIRED_NEW_DECISION,prior_decision_approved_never_reused,,903871_1789148402_173202328_1789159027_XAUUSD_32549,10.283333333333333,0.0,FULL_STRUCTURED,ai_approved,APPROVE,True,luna,stored,analyst_approve_critic_pass,False,APPROVE,
903871_1789148402_173202328_1789160263_XAUUSD_10031,903871,903871_1789148402_173202328,XAUUSD,1789160262,OFF,NK,CALL,REQUIRED_NEW_DECISION,prior_decision_approved_never_reused,REQUIRED_NEW_DECISION,prior_decision_approved_never_reused,,903871_1789148402_173202328_1789159645_XAUUSD_14022,10.316666666666666,0.0,FULL_STRUCTURED,ai_approved,APPROVE,True,luna,stored,analyst_approve_critic_pass,False,APPROVE,
903871_1789148402_173202328_1789160882_XAUUSD_21789,903871,903871_1789148402_173202328,XAUUSD,1789160881,OFF,NK,CALL,REQUIRED_NEW_DECISION,prior_decision_approved_never_reused,REQUIRED_NEW_DECISION,prior_decision_approved_never_reused,,903871_1789148402_173202328_1789160263_XAUUSD_10031,10.316666666666666,0.0,FULL_STRUCTURED,ai_abstained,ABSTAIN,False,luna,stored,qualitative_dispute_unresolved,True,ABSTAIN,
903871_1789148402_173202328_1789161500_XAUUSD_22051,903871,903871_1789148402_173202328,XAUUSD,1789161498,OFF,NK,CALL,REQUIRED_NEW_DECISION,meaningful_change,REQUIRED_NEW_DECISION,meaningful_change,candidate_state:fvg_execution_class+fvg_mid_mitigated+fvg_mitigation_state,903871_1789148402_173202328_1789160882_XAUUSD_21789,10.283333333333333,0.0,FULL_STRUCTURED,ai_abstained,ABSTAIN,False,luna,stored,qualitative_dispute_unresolved,True,ABSTAIN,
903871_1789148402_173202328_1789162120_XAUUSD_19843,903871,903871_1789148402_173202328,XAUUSD,1789162119,OFF,NK,CALL,OTHER_REQUIRED,borderline_prior_requires_fresh_review,OTHER_REQUIRED,borderline_prior_requires_fresh_review,,903871_1789148402_173202328_1789161500_XAUUSD_22051,10.35,0.0,FULL_STRUCTURED,ai_approved,APPROVE,True,luna,stored,analyst_approve_critic_pass,False,APPROVE,
903871_1789148402_173202328_1789162735_XAUUSD_13188,903871,903871_1789148402_173202328,XAUUSD,1789162734,OFF,NK,CALL,REQUIRED_NEW_DECISION,prior_decision_approved_never_reused,REQUIRED_NEW_DECISION,prior_decision_approved_never_reused,,903871_1789148402_173202328_1789162120_XAUUSD_19843,10.25,0.0,FULL_STRUCTURED,ai_abstained,ABSTAIN,False,luna,stored,qualitative_dispute_unresolved,True,ABSTAIN,
903871_1789148402_173202328_1789163359_XAUUSD_7963,903871,903871_1789148402_173202328,XAUUSD,1789163358,OFF,NK,CALL,OTHER_REQUIRED,borderline_prior_requires_fresh_review,OTHER_REQUIRED,borderline_prior_requires_fresh_review,,903871_1789148402_173202328_1789162735_XAUUSD_13188,10.4,0.0,FULL_STRUCTURED,ai_abstained,ABSTAIN,False,luna,stored,qualitative_dispute_unresolved,True,ABSTAIN,
903871_1789148402_173202328_1789163976_XAUUSD_1125,903871,903871_1789148402_173202328,XAUUSD,1789163975,OFF,NK,CALL,OTHER_REQUIRED,borderline_prior_requires_fresh_review,OTHER_REQUIRED,borderline_prior_requires_fresh_review,,903871_1789148402_173202328_1789163359_XAUUSD_7963,10.283333333333333,0.0,FULL_STRUCTURED,ai_abstained,ABSTAIN,False,luna,stored,analyst_abstain_below_adjudication_floor,False,ABSTAIN,
903871_1789148402_173202328_1789164597_XAUUSD_19089,903871,903871_1789148402_173202328,XAUUSD,1789164595,OFF,NK,CALL,OTHER_REQUIRED,borderline_prior_requires_fresh_review,OTHER_REQUIRED,borderline_prior_requires_fresh_review,,903871_1789148402_173202328_1789163976_XAUUSD_1125,10.333333333333334,0.0,FULL_STRUCTURED,ai_abstained,ABSTAIN,False,luna,stored,qualitative_dispute_unresolved,True,ABSTAIN,
903871_1789148402_173202328_1789165219_XAUUSD_14979,903871,903871_1789148402_173202328,XAUUSD,1789165218,OFF,NK,CALL,OTHER_REQUIRED,borderline_prior_requires_fresh_review,OTHER_REQUIRED,borderline_prior_requires_fresh_review,,903871_1789148402_173202328_1789164597_XAUUSD_19089,10.383333333333333,0.0,FULL_STRUCTURED,ai_abstained,ABSTAIN,False,luna,stored,qualitative_dispute_unresolved,True,ABSTAIN,
903871_1789148402_173202328_1789165836_XAUUSD_21150,903871,903871_1789148402_173202328,XAUUSD,1789165835,OFF,NK,CALL,OTHER_REQUIRED,borderline_prior_requires_fresh_review,OTHER_REQUIRED,borderline_prior_requires_fresh_review,,903871_1789148402_173202328_1789165219_XAUUSD_14979,10.283333333333333,0.0,FULL_STRUCTURED,ai_approved,APPROVE,True,luna,stored,analyst_approve_critic_pass,False,APPROVE,
903871_1789148402_173202328_1789166456_XAUUSD_7144,903871,903871_1789148402_173202328,XAUUSD,1789166455,OFF,NK,CALL,REQUIRED_NEW_DECISION,prior_decision_approved_never_reused,REQUIRED_NEW_DECISION,prior_decision_approved_never_reused,,903871_1789148402_173202328_1789165836_XAUUSD_21150,10.333333333333334,0.0,FULL_STRUCTURED,ai_abstained,ABSTAIN,False,luna,stored,qualitative_dispute_unresolved,True,ABSTAIN,
903871_1789148402_173202328_1789167071_XAUUSD_21964,903871,903871_1789148402_173202328,XAUUSD,1789167070,OFF,NK,CALL,OTHER_REQUIRED,borderline_prior_requires_fresh_review,OTHER_REQUIRED,borderline_prior_requires_fresh_review,,903871_1789148402_173202328_1789166456_XAUUSD_7144,10.25,0.0,FULL_STRUCTURED,ai_abstained,ABSTAIN,False,luna,stored,qualitative_dispute_unresolved,True,ABSTAIN,
